cluster,source_entity,source_field,evidence_status,declared_type,declared_not_null,inline_primary_key,inline_unique,ddl_receipt,annotation_receipt,proposed_contract_field,proposed_type,handling,target_status
identity,admin,admin_auth_key,declared,string(32),True,False,False,console/migrations/m130524_201442_init.php:19,common/models/Admin.php:20,identity.Admin.admin_auth_key,ExcludedCredential,DROP; synthetic auth only,PROPOSED; runtime schema and semantic acceptance unverified
identity,admin,admin_created_at,declared,datetime(),True,False,False,console/migrations/m130524_201442_init.php:19,common/models/Admin.php:25,identity.Admin.admin_created_at,TemporalValue,preserve source unit/zone; zero/ambiguous value HOLD; see time overrides,PROPOSED; runtime schema and semantic acceptance unverified
identity,admin,admin_email,declared,string(),True,False,True,console/migrations/m130524_201442_init.php:19,common/models/Admin.php:19,identity.Admin.admin_email,SensitiveText,replace; never copy free text or destination; no identity joins,PROPOSED; runtime schema and semantic acceptance unverified
identity,admin,admin_id,declared,primaryKey(),False,True,False,console/migrations/m130524_201442_init.php:19,common/models/Admin.php:17,identity.Admin.admin_id,SourceRef,namespace by system/table; exact join; no email matching,PROPOSED; runtime schema and semantic acceptance unverified
identity,admin,admin_limited_access,declared,smallInteger(),False,False,False,console/migrations/m200902_130750_admin_changes.php:15,common/models/Admin.php:24,identity.Admin.admin_limited_access,ExactInteger,synthetic bounded values; range and null checks,PROPOSED; runtime schema and semantic acceptance unverified
identity,admin,admin_name,declared,string(),True,False,False,console/migrations/m130524_201442_init.php:19,common/models/Admin.php:18,identity.Admin.admin_name,SensitiveText,replace; never copy free text or destination; no identity joins,PROPOSED; runtime schema and semantic acceptance unverified
identity,admin,admin_password_hash,declared,string(),True,False,False,console/migrations/m130524_201442_init.php:19,common/models/Admin.php:21,identity.Admin.admin_password_hash,ExcludedCredential,DROP; synthetic auth only,PROPOSED; runtime schema and semantic acceptance unverified
identity,admin,admin_password_reset_token,declared,string(),False,False,True,console/migrations/m130524_201442_init.php:19,common/models/Admin.php:22,identity.Admin.admin_password_reset_token,ExcludedCredential,DROP; synthetic auth only,PROPOSED; runtime schema and semantic acceptance unverified
identity,admin,admin_status,declared,smallInteger(),True,False,False,console/migrations/m130524_201442_init.php:19,common/models/Admin.php:23,identity.Admin.admin_status,SourceEnum,explicit per-domain mapping; unknown value HOLD; never grants,PROPOSED; runtime schema and semantic acceptance unverified
identity,admin,admin_updated_at,declared,datetime(),True,False,False,console/migrations/m130524_201442_init.php:19,common/models/Admin.php:26,identity.Admin.admin_updated_at,TemporalValue,preserve source unit/zone; zero/ambiguous value HOLD; see time overrides,PROPOSED; runtime schema and semantic acceptance unverified
identity,admin,enable_two_step_auth,declared,boolean(),False,False,False,console/migrations/m250130_115508_2step_auth.php:27,,identity.Admin.enable_two_step_auth,ExactInteger,synthetic bounded values; range and null checks,PROPOSED; runtime schema and semantic acceptance unverified
identity,admin_token,admin_id,declared,integer(),True,False,False,console/migrations/m170209_151757_create_token_tables.php:12,common/models/AdminToken.php:13,identity.AdminToken.admin_id,ExcludedCredential,DROP; synthetic auth only,PROPOSED; runtime schema and semantic acceptance unverified
identity,admin_token,ip_address,declared,string(45),False,False,False,console/migrations/m250129_142636_token_expiry.php:25,common/models/AdminToken.php:20,identity.AdminToken.ip_address,ExcludedCredential,DROP; synthetic auth only,PROPOSED; runtime schema and semantic acceptance unverified
identity,admin_token,otp,declared,char(5),False,False,False,console/migrations/m250130_115508_2step_auth.php:52,,identity.AdminToken.otp,ExcludedCredential,DROP; synthetic auth only,PROPOSED; runtime schema and semantic acceptance unverified
identity,admin_token,token_created_datetime,declared,datetime(),True,False,False,console/migrations/m170209_151757_create_token_tables.php:12,common/models/AdminToken.php:21,identity.AdminToken.token_created_datetime,ExcludedCredential,DROP; synthetic auth only,PROPOSED; runtime schema and semantic acceptance unverified
identity,admin_token,token_device,declared,string(),False,False,False,console/migrations/m170209_151757_create_token_tables.php:12,common/models/AdminToken.php:15,identity.AdminToken.token_device,ExcludedCredential,DROP; synthetic auth only,PROPOSED; runtime schema and semantic acceptance unverified
identity,admin_token,token_device_id,declared,string(),False,False,False,console/migrations/m170209_151757_create_token_tables.php:12,common/models/AdminToken.php:16,identity.AdminToken.token_device_id,ExcludedCredential,DROP; synthetic auth only,PROPOSED; runtime schema and semantic acceptance unverified
identity,admin_token,token_expiry_datetime,declared,datetime(),False,False,False,console/migrations/m170209_151757_create_token_tables.php:12,common/models/AdminToken.php:19,identity.AdminToken.token_expiry_datetime,ExcludedCredential,DROP; synthetic auth only,PROPOSED; runtime schema and semantic acceptance unverified
identity,admin_token,token_id,declared,primaryKey(),False,True,False,console/migrations/m170209_151757_create_token_tables.php:12,common/models/AdminToken.php:12,identity.AdminToken.token_id,ExcludedCredential,DROP; synthetic auth only,PROPOSED; runtime schema and semantic acceptance unverified
identity,admin_token,token_last_used_datetime,declared,datetime(),False,False,False,console/migrations/m170209_151757_create_token_tables.php:12,common/models/AdminToken.php:18,identity.AdminToken.token_last_used_datetime,ExcludedCredential,DROP; synthetic auth only,PROPOSED; runtime schema and semantic acceptance unverified
identity,admin_token,token_status,declared,smallInteger(),True,False,False,console/migrations/m170209_151757_create_token_tables.php:12,common/models/AdminToken.php:17,identity.AdminToken.token_status,ExcludedCredential,DROP; synthetic auth only,PROPOSED; runtime schema and semantic acceptance unverified
identity,admin_token,token_value,declared,string(),True,False,False,console/migrations/m170209_151757_create_token_tables.php:12,common/models/AdminToken.php:14,identity.AdminToken.token_value,ExcludedCredential,DROP; synthetic auth only,PROPOSED; runtime schema and semantic acceptance unverified
identity,admin_token,total_attempt,declared,tinyInteger(1),False,False,False,console/migrations/m250130_115508_2step_auth.php:75,,identity.AdminToken.total_attempt,ExcludedCredential,DROP; synthetic auth only,PROPOSED; runtime schema and semantic acceptance unverified
organizations,area,area_created_at,declared,dateTime(),False,False,False,console/migrations/m200922_070412_candidate_location.php:21,common/models/Area.php:21,organizations.Area.area_created_at,TemporalValue,preserve source unit/zone; zero/ambiguous value HOLD; see time overrides,PROPOSED; runtime schema and semantic acceptance unverified
organizations,area,area_created_by,declared,string(60),False,False,False,console/migrations/m200922_070412_candidate_location.php:21,common/models/Area.php:23,organizations.Area.area_created_by,SourceText,synthetic replacement; semantic review before import,PROPOSED; runtime schema and semantic acceptance unverified
organizations,area,area_latitude,declared,"decimal(9,6)",False,False,False,console/migrations/m200923_100246_area_lat_long.php:15,common/models/Area.php:19,organizations.Area.area_latitude,Coordinate,synthetic coordinates; preserve paired start/end and valid/missing classes,PROPOSED; runtime schema and semantic acceptance unverified
organizations,area,area_longitude,declared,"decimal(9,6)",False,False,False,console/migrations/m200923_100246_area_lat_long.php:16,common/models/Area.php:20,organizations.Area.area_longitude,Coordinate,synthetic coordinates; preserve paired start/end and valid/missing classes,PROPOSED; runtime schema and semantic acceptance unverified
organizations,area,area_name_ar,declared,string(),True,False,False,console/migrations/m200922_070412_candidate_location.php:21,common/models/Area.php:18,organizations.Area.area_name_ar,SensitiveText,replace; never copy free text or destination; no identity joins,PROPOSED; runtime schema and semantic acceptance unverified
organizations,area,area_name_en,declared,string(),True,False,False,console/migrations/m200922_070412_candidate_location.php:21,common/models/Area.php:17,organizations.Area.area_name_en,SensitiveText,replace; never copy free text or destination; no identity joins,PROPOSED; runtime schema and semantic acceptance unverified
organizations,area,area_updated_at,declared,dateTime(),False,False,False,console/migrations/m200922_070412_candidate_location.php:21,common/models/Area.php:22,organizations.Area.area_updated_at,TemporalValue,preserve source unit/zone; zero/ambiguous value HOLD; see time overrides,PROPOSED; runtime schema and semantic acceptance unverified
organizations,area,area_updated_by,declared,string(60),False,False,False,console/migrations/m200922_070412_candidate_location.php:21,common/models/Area.php:24,organizations.Area.area_updated_by,SourceText,synthetic replacement; semantic review before import,PROPOSED; runtime schema and semantic acceptance unverified
organizations,area,area_uuid,declared,string(60),False,False,False,console/migrations/m200922_070412_candidate_location.php:21,common/models/Area.php:15,organizations.Area.area_uuid,SourceRef,namespace by system/table; exact join; no email matching,PROPOSED; runtime schema and semantic acceptance unverified
organizations,area,country_id,declared,integer(11),True,False,False,console/migrations/m200925_134404_area_country.php:19,common/models/Area.php:16,organizations.Area.country_id,SourceRef,namespace by system/table; exact join; no email matching,PROPOSED; runtime schema and semantic acceptance unverified
communication,attachment,attachment_uuid,declared,char(60),False,False,False,console/migrations/m240612_071616_ticket.php:65,common/models/Attachment.php:13,communication.Attachment.attachment_uuid,SourceRef,namespace by system/table; exact join; no email matching,PROPOSED; runtime schema and semantic acceptance unverified
communication,attachment,file_path,declared,string(250),False,False,False,console/migrations/m240612_071616_ticket.php:65,common/models/Attachment.php:14,communication.Attachment.file_path,DocumentReference,substitute bytes; private owner/type/version; unsupported type HOLD,PROPOSED; runtime schema and semantic acceptance unverified
finance,bank,bank_address,declared,string(100),False,False,False,console/migrations/m200623_054824_update_bank_table.php:16,common/models/Bank.php:16,finance.Bank.bank_address,SensitiveText,replace; never copy free text or destination; no identity joins,PROPOSED; runtime schema and semantic acceptance unverified
finance,bank,bank_code_abk,declared,integer(5),False,False,False,console/migrations/m240912_173048_bank.php:15,common/models/Bank.php:15,finance.Bank.bank_code_abk,ExactInteger,synthetic bounded values; range and null checks,PROPOSED; runtime schema and semantic acceptance unverified
finance,bank,bank_iban_code,declared,string(64),True,False,False,console/migrations/m200715_082751_bank_iban.php:15,common/models/Bank.php:13,finance.Bank.bank_iban_code,SensitiveText,replace; never copy free text or destination; no identity joins,PROPOSED; runtime schema and semantic acceptance unverified
finance,bank,bank_id,declared,primaryKey(),False,True,False,console/migrations/m170303_143806_bank.php:9,common/models/Bank.php:11,finance.Bank.bank_id,SourceRef,namespace by system/table; exact join; no email matching,PROPOSED; runtime schema and semantic acceptance unverified
finance,bank,bank_name,declared,string(100),False,False,False,console/migrations/m170303_143806_bank.php:9,common/models/Bank.php:12,finance.Bank.bank_name,SensitiveText,replace; never copy free text or destination; no identity joins,PROPOSED; runtime schema and semantic acceptance unverified
finance,bank,bank_swift_code,declared,string(100),False,False,False,console/migrations/m200623_054824_update_bank_table.php:15,common/models/Bank.php:14,finance.Bank.bank_swift_code,SourceText,synthetic replacement; semantic review before import,PROPOSED; runtime schema and semantic acceptance unverified
finance,bank,bank_transfer_type,declared,char(3),False,False,False,console/migrations/m200623_054824_update_bank_table.php:17,common/models/Bank.php:17,finance.Bank.bank_transfer_type,SourceEnum,explicit per-domain mapping; unknown value HOLD; never grants,PROPOSED; runtime schema and semantic acceptance unverified
finance,bank,deleted,declared,smallInteger(1),True,False,False,console/migrations/m170619_070654_soft_delete_pending_tables.php:13,common/models/Bank.php:18,finance.Bank.deleted,SourceEnum,explicit per-domain mapping; unknown value HOLD; never grants,PROPOSED; runtime schema and semantic acceptance unverified
finance,bank_transaction,bank_transaction_id,declared,char(60),False,False,False,console/migrations/m240328_182245_bank_transaction.php:30,common/models/BankTransaction.php:13,finance.BankTransaction.bank_transaction_id,SourceRef,namespace by system/table; exact join; no email matching,PROPOSED; runtime schema and semantic acceptance unverified
finance,bank_transaction,contact_id,declared,char(60),False,False,False,console/migrations/m240328_182245_bank_transaction.php:30,common/models/BankTransaction.php:14,finance.BankTransaction.contact_id,SourceRef,namespace by system/table; exact join; no email matching,PROPOSED; runtime schema and semantic acceptance unverified
finance,bank_transaction,created_at,declared,dateTime(),True,False,False,console/migrations/m240328_182245_bank_transaction.php:30,common/models/BankTransaction.php:32,finance.BankTransaction.created_at,TemporalValue,preserve source unit/zone; zero/ambiguous value HOLD; see time overrides,PROPOSED; runtime schema and semantic acceptance unverified
finance,bank_transaction,currency_code,declared,char(3),False,False,False,console/migrations/m240328_182245_bank_transaction.php:30,common/models/BankTransaction.php:16,finance.BankTransaction.currency_code,SourceRef,namespace by system/table; exact join; no email matching,PROPOSED; runtime schema and semantic acceptance unverified
finance,bank_transaction,currency_rate,declared,"double(15,8)",False,False,False,console/migrations/m240328_182245_bank_transaction.php:30,common/models/BankTransaction.php:15,finance.BankTransaction.currency_rate,ExactDecimal,synthetic balanced amounts; currency/scale validation; counter overrides apply,PROPOSED; runtime schema and semantic acceptance unverified
finance,bank_transaction,date,declared,dateTime(),True,False,False,console/migrations/m240328_182245_bank_transaction.php:30,common/models/BankTransaction.php:31,finance.BankTransaction.date,LocalDate,preserve relative dates with coherent synthetic calendar; invalid date HOLD,PROPOSED; runtime schema and semantic acceptance unverified
finance,bank_transaction,has_attachments,declared,boolean(),False,False,False,console/migrations/m240328_182245_bank_transaction.php:30,common/models/BankTransaction.php:17,finance.BankTransaction.has_attachments,SourceEnum,explicit per-domain mapping; unknown value HOLD; never grants,PROPOSED; runtime schema and semantic acceptance unverified
finance,bank_transaction,is_reconciled,declared,boolean(),False,False,False,console/migrations/m240328_182245_bank_transaction.php:30,common/models/BankTransaction.php:18,finance.BankTransaction.is_reconciled,SourceEnum,explicit per-domain mapping; unknown value HOLD; never grants,PROPOSED; runtime schema and semantic acceptance unverified
finance,bank_transaction,line_amount_types,declared,string(100),False,False,False,console/migrations/m240328_182245_bank_transaction.php:30,common/models/BankTransaction.php:19,finance.BankTransaction.line_amount_types,ExactDecimal,synthetic balanced amounts; currency/scale validation; counter overrides apply,PROPOSED; runtime schema and semantic acceptance unverified
finance,bank_transaction,overpayment_id,declared,string(),False,False,False,console/migrations/m240328_182245_bank_transaction.php:30,common/models/BankTransaction.php:20,finance.BankTransaction.overpayment_id,UnverifiedReference,name-shaped reference only; no PK/FK/ORM evidence; HOLD before joining,PROPOSED; runtime schema and semantic acceptance unverified
finance,bank_transaction,prepayment_id,declared,string(),False,False,False,console/migrations/m240328_182245_bank_transaction.php:30,common/models/BankTransaction.php:21,finance.BankTransaction.prepayment_id,UnverifiedReference,name-shaped reference only; no PK/FK/ORM evidence; HOLD before joining,PROPOSED; runtime schema and semantic acceptance unverified
finance,bank_transaction,reference,declared,string(),False,False,False,console/migrations/m240328_182245_bank_transaction.php:30,common/models/BankTransaction.php:22,finance.BankTransaction.reference,SourceText,synthetic replacement; semantic review before import,PROPOSED; runtime schema and semantic acceptance unverified
finance,bank_transaction,status,declared,string(),False,False,False,console/migrations/m240328_182245_bank_transaction.php:30,common/models/BankTransaction.php:23,finance.BankTransaction.status,SourceEnum,explicit per-domain mapping; unknown value HOLD; never grants,PROPOSED; runtime schema and semantic acceptance unverified
finance,bank_transaction,status_attribute_string,declared,string(),False,False,False,console/migrations/m240328_182245_bank_transaction.php:30,common/models/BankTransaction.php:24,finance.BankTransaction.status_attribute_string,SourceEnum,explicit per-domain mapping; unknown value HOLD; never grants,PROPOSED; runtime schema and semantic acceptance unverified
finance,bank_transaction,sub_total,declared,"double(15, 3)",False,False,False,console/migrations/m240328_182245_bank_transaction.php:30,common/models/BankTransaction.php:25,finance.BankTransaction.sub_total,MoneyDecimal,exact coefficient/scale and currency; snapshots immutable; unresolved currency HOLD,PROPOSED; runtime schema and semantic acceptance unverified
finance,bank_transaction,total,declared,"double(15, 3)",False,False,False,console/migrations/m240328_182245_bank_transaction.php:30,common/models/BankTransaction.php:26,finance.BankTransaction.total,MoneyDecimal,exact coefficient/scale and currency; snapshots immutable; unresolved currency HOLD,PROPOSED; runtime schema and semantic acceptance unverified
finance,bank_transaction,total_tax,declared,"double(15, 3)",False,False,False,console/migrations/m240328_182245_bank_transaction.php:30,common/models/BankTransaction.php:27,finance.BankTransaction.total_tax,MoneyDecimal,exact coefficient/scale and currency; snapshots immutable; unresolved currency HOLD,PROPOSED; runtime schema and semantic acceptance unverified
finance,bank_transaction,type,declared,string(),False,False,False,console/migrations/m240328_182245_bank_transaction.php:30,common/models/BankTransaction.php:28,finance.BankTransaction.type,SourceEnum,explicit per-domain mapping; unknown value HOLD; never grants,PROPOSED; runtime schema and semantic acceptance unverified
finance,bank_transaction,updated_at,declared,dateTime(),True,False,False,console/migrations/m240328_182245_bank_transaction.php:30,common/models/BankTransaction.php:33,finance.BankTransaction.updated_at,TemporalValue,preserve source unit/zone; zero/ambiguous value HOLD; see time overrides,PROPOSED; runtime schema and semantic acceptance unverified
finance,bank_transaction,url,declared,string(),False,False,False,console/migrations/m240328_182245_bank_transaction.php:30,common/models/BankTransaction.php:29,finance.BankTransaction.url,SensitiveText,replace; never copy free text or destination; no identity joins,PROPOSED; runtime schema and semantic acceptance unverified
finance,bank_transaction,validation_errors,declared,string(),False,False,False,console/migrations/m240328_182245_bank_transaction.php:30,common/models/BankTransaction.php:30,finance.BankTransaction.validation_errors,SourceText,synthetic replacement; semantic review before import,PROPOSED; runtime schema and semantic acceptance unverified
finance,bank_transaction_contact,contact_id,declared,char(60),False,False,False,console/migrations/m240328_182245_bank_transaction.php:21,common/models/BankTransactionContact.php:13,finance.BankTransactionContact.contact_id,SourceRef,namespace by system/table; exact join; no email matching,PROPOSED; runtime schema and semantic acceptance unverified
finance,bank_transaction_contact,created_at,declared,dateTime(),True,False,False,console/migrations/m240328_182245_bank_transaction.php:21,common/models/BankTransactionContact.php:15,finance.BankTransactionContact.created_at,TemporalValue,preserve source unit/zone; zero/ambiguous value HOLD; see time overrides,PROPOSED; runtime schema and semantic acceptance unverified
finance,bank_transaction_contact,name,declared,string(),False,False,False,console/migrations/m240328_182245_bank_transaction.php:21,common/models/BankTransactionContact.php:14,finance.BankTransactionContact.name,SensitiveText,replace; never copy free text or destination; no identity joins,PROPOSED; runtime schema and semantic acceptance unverified
finance,bank_transaction_contact,updated_at,declared,dateTime(),True,False,False,console/migrations/m240328_182245_bank_transaction.php:21,common/models/BankTransactionContact.php:16,finance.BankTransactionContact.updated_at,TemporalValue,preserve source unit/zone; zero/ambiguous value HOLD; see time overrides,PROPOSED; runtime schema and semantic acceptance unverified
finance,bank_transaction_line_item,account_code,declared,string(),False,False,False,console/migrations/m240328_182245_bank_transaction.php:72,common/models/BankTransactionLineItem.php:12,finance.BankTransactionLineItem.account_code,SourceText,synthetic replacement; semantic review before import,PROPOSED; runtime schema and semantic acceptance unverified
finance,bank_transaction_line_item,account_id,declared,string(),False,False,False,console/migrations/m240328_182245_bank_transaction.php:72,common/models/BankTransactionLineItem.php:13,finance.BankTransactionLineItem.account_id,UnverifiedReference,name-shaped reference only; no PK/FK/ORM evidence; HOLD before joining,PROPOSED; runtime schema and semantic acceptance unverified
finance,bank_transaction_line_item,bank_transaction_id,declared,char(60),False,False,False,console/migrations/m240328_182245_bank_transaction.php:72,common/models/BankTransactionLineItem.php:11,finance.BankTransactionLineItem.bank_transaction_id,SourceRef,namespace by system/table; exact join; no email matching,PROPOSED; runtime schema and semantic acceptance unverified
finance,bank_transaction_line_item,description,declared,string(),False,False,False,console/migrations/m240328_182245_bank_transaction.php:72,common/models/BankTransactionLineItem.php:14,finance.BankTransactionLineItem.description,SensitiveText,replace; never copy free text or destination; no identity joins,PROPOSED; runtime schema and semantic acceptance unverified
finance,bank_transaction_line_item,discount_amount,declared,"double(15, 3)",False,False,False,console/migrations/m240328_182245_bank_transaction.php:72,common/models/BankTransactionLineItem.php:15,finance.BankTransactionLineItem.discount_amount,ExactDecimal,synthetic balanced amounts; currency/scale validation; counter overrides apply,PROPOSED; runtime schema and semantic acceptance unverified
finance,bank_transaction_line_item,discount_rate,declared,"double(15, 3)",False,False,False,console/migrations/m240328_182245_bank_transaction.php:72,common/models/BankTransactionLineItem.php:16,finance.BankTransactionLineItem.discount_rate,ExactDecimal,synthetic balanced amounts; currency/scale validation; counter overrides apply,PROPOSED; runtime schema and semantic acceptance unverified
finance,bank_transaction_line_item,item_code,declared,string(),False,False,False,console/migrations/m240328_182245_bank_transaction.php:72,common/models/BankTransactionLineItem.php:17,finance.BankTransactionLineItem.item_code,SourceText,synthetic replacement; semantic review before import,PROPOSED; runtime schema and semantic acceptance unverified
finance,bank_transaction_line_item,line_amount,declared,"double(15, 3)",False,False,False,console/migrations/m240328_182245_bank_transaction.php:72,common/models/BankTransactionLineItem.php:18,finance.BankTransactionLineItem.line_amount,MoneyDecimal,exact coefficient/scale and currency; snapshots immutable; unresolved currency HOLD,PROPOSED; runtime schema and semantic acceptance unverified
finance,bank_transaction_line_item,line_item_id,declared,char(60),False,False,False,console/migrations/m240328_182245_bank_transaction.php:72,common/models/BankTransactionLineItem.php:10,finance.BankTransactionLineItem.line_item_id,SourceRef,namespace by system/table; exact join; no email matching,PROPOSED; runtime schema and semantic acceptance unverified
finance,bank_transaction_line_item,quantity,declared,integer(11),False,False,False,console/migrations/m240328_182245_bank_transaction.php:72,common/models/BankTransactionLineItem.php:19,finance.BankTransactionLineItem.quantity,ExactInteger,synthetic bounded values; range and null checks,PROPOSED; runtime schema and semantic acceptance unverified
finance,bank_transaction_line_item,repeating_invoice_id,declared,string(),False,False,False,console/migrations/m240328_182245_bank_transaction.php:72,common/models/BankTransactionLineItem.php:20,finance.BankTransactionLineItem.repeating_invoice_id,UnverifiedReference,name-shaped reference only; no PK/FK/ORM evidence; HOLD before joining,PROPOSED; runtime schema and semantic acceptance unverified
finance,bank_transaction_line_item,tax_amount,declared,"double(15, 3)",False,False,False,console/migrations/m240328_182245_bank_transaction.php:72,common/models/BankTransactionLineItem.php:21,finance.BankTransactionLineItem.tax_amount,MoneyDecimal,exact coefficient/scale and currency; snapshots immutable; unresolved currency HOLD,PROPOSED; runtime schema and semantic acceptance unverified
finance,bank_transaction_line_item,tax_type,declared,string(),False,False,False,console/migrations/m240328_182245_bank_transaction.php:72,common/models/BankTransactionLineItem.php:22,finance.BankTransactionLineItem.tax_type,SourceEnum,explicit per-domain mapping; unknown value HOLD; never grants,PROPOSED; runtime schema and semantic acceptance unverified
finance,bank_transaction_line_item,unit_amount,declared,"double(15, 3)",False,False,False,console/migrations/m240328_182245_bank_transaction.php:72,common/models/BankTransactionLineItem.php:23,finance.BankTransactionLineItem.unit_amount,MoneyDecimal,exact coefficient/scale and currency; snapshots immutable; unresolved currency HOLD,PROPOSED; runtime schema and semantic acceptance unverified
identity,blocked_ip,created_at,declared,dateTime(),False,False,False,console/migrations/m240203_060625_block_ip.php:29,common/models/BlockedIp.php:17,identity.BlockedIp.created_at,TemporalValue,preserve source unit/zone; zero/ambiguous value HOLD; see time overrides,PROPOSED; runtime schema and semantic acceptance unverified
identity,blocked_ip,ip_address,declared,string(45),False,False,False,console/migrations/m240203_060625_block_ip.php:29,common/models/BlockedIp.php:15,identity.BlockedIp.ip_address,SensitiveText,replace; never copy free text or destination; no identity joins,PROPOSED; runtime schema and semantic acceptance unverified
identity,blocked_ip,ip_uuid,declared,char(60),False,False,False,console/migrations/m240203_060625_block_ip.php:29,common/models/BlockedIp.php:14,identity.BlockedIp.ip_uuid,SourceRef,namespace by system/table; exact join; no email matching,PROPOSED; runtime schema and semantic acceptance unverified
identity,blocked_ip,note,declared,string(255),False,False,False,console/migrations/m240203_060625_block_ip.php:29,common/models/BlockedIp.php:16,identity.BlockedIp.note,SensitiveText,replace; never copy free text or destination; no identity joins,PROPOSED; runtime schema and semantic acceptance unverified
identity,blocked_ip,updated_at,declared,dateTime(),False,False,False,console/migrations/m240203_060625_block_ip.php:29,common/models/BlockedIp.php:18,identity.BlockedIp.updated_at,TemporalValue,preserve source unit/zone; zero/ambiguous value HOLD; see time overrides,PROPOSED; runtime schema and semantic acceptance unverified
organizations,brand,brand_created_datetime,declared,datetime(),True,False,False,console/migrations/m200818_104012_brand.php:21,common/models/Brand.php:19,organizations.Brand.brand_created_datetime,TemporalValue,preserve source unit/zone; zero/ambiguous value HOLD; see time overrides,PROPOSED; runtime schema and semantic acceptance unverified
organizations,brand,brand_logo,declared,string(),False,False,False,console/migrations/m200818_104012_brand.php:21,common/models/Brand.php:18,organizations.Brand.brand_logo,DocumentReference,substitute bytes; private owner/type/version; unsupported type HOLD,PROPOSED; runtime schema and semantic acceptance unverified
organizations,brand,brand_name_ar,declared,string(),True,False,False,console/migrations/m200818_104012_brand.php:21,common/models/Brand.php:17,organizations.Brand.brand_name_ar,SensitiveText,replace; never copy free text or destination; no identity joins,PROPOSED; runtime schema and semantic acceptance unverified
organizations,brand,brand_name_en,declared,string(),True,False,False,console/migrations/m200818_104012_brand.php:21,common/models/Brand.php:16,organizations.Brand.brand_name_en,SensitiveText,replace; never copy free text or destination; no identity joins,PROPOSED; runtime schema and semantic acceptance unverified
organizations,brand,brand_updated_datetime,declared,datetime(),True,False,False,console/migrations/m200818_104012_brand.php:21,common/models/Brand.php:20,organizations.Brand.brand_updated_datetime,TemporalValue,preserve source unit/zone; zero/ambiguous value HOLD; see time overrides,PROPOSED; runtime schema and semantic acceptance unverified
organizations,brand,brand_uuid,declared,char(60),False,False,False,console/migrations/m200818_104012_brand.php:21,common/models/Brand.php:14,organizations.Brand.brand_uuid,SourceRef,namespace by system/table; exact join; no email matching,PROPOSED; runtime schema and semantic acceptance unverified
organizations,brand,company_id,declared,integer(),False,False,False,console/migrations/m200818_104012_brand.php:21,common/models/Brand.php:15,organizations.Brand.company_id,SourceRef,namespace by system/table; exact join; no email matching,PROPOSED; runtime schema and semantic acceptance unverified
communication,campaign,created_at,declared,dateTime(),False,False,False,console/migrations/m240407_062424_campaign.php:22,common/models/Campaign.php:23,communication.Campaign.created_at,TemporalValue,preserve source unit/zone; zero/ambiguous value HOLD; see time overrides,PROPOSED; runtime schema and semantic acceptance unverified
communication,campaign,investment,declared,"decimal(10, 3)",False,False,False,console/migrations/m240407_062424_campaign.php:22,common/models/Campaign.php:21,communication.Campaign.investment,ExactDecimal,preserve decimal string; reject loss of precision,PROPOSED; runtime schema and semantic acceptance unverified
communication,campaign,no_of_clicks,declared,integer(11),False,False,False,console/migrations/m240407_062424_campaign.php:22,common/models/Campaign.php:20,communication.Campaign.no_of_clicks,DerivedCount,recompute from imported canonical rows; compare to source separately,PROPOSED; runtime schema and semantic acceptance unverified
communication,campaign,no_of_signups,declared,integer(11),False,False,False,console/migrations/m240407_062424_campaign.php:22,common/models/Campaign.php:19,communication.Campaign.no_of_signups,DerivedCount,recompute from imported canonical rows; compare to source separately,PROPOSED; runtime schema and semantic acceptance unverified
communication,campaign,total_revenue,declared,"decimal(10, 3)",False,False,False,console/migrations/m240407_062424_campaign.php:22,common/models/Campaign.php:22,communication.Campaign.total_revenue,ExactDecimal,synthetic balanced amounts; currency/scale validation; counter overrides apply,PROPOSED; runtime schema and semantic acceptance unverified
communication,campaign,updated_at,declared,dateTime(),False,False,False,console/migrations/m240407_062424_campaign.php:22,common/models/Campaign.php:24,communication.Campaign.updated_at,TemporalValue,preserve source unit/zone; zero/ambiguous value HOLD; see time overrides,PROPOSED; runtime schema and semantic acceptance unverified
communication,campaign,utm_campaign,declared,string(100),False,False,False,console/migrations/m240407_062424_campaign.php:22,common/models/Campaign.php:16,communication.Campaign.utm_campaign,SourceText,synthetic replacement; semantic review before import,PROPOSED; runtime schema and semantic acceptance unverified
communication,campaign,utm_content,declared,string(100),False,False,False,console/migrations/m240407_062424_campaign.php:22,common/models/Campaign.php:17,communication.Campaign.utm_content,SourceText,synthetic replacement; semantic review before import,PROPOSED; runtime schema and semantic acceptance unverified
communication,campaign,utm_medium,declared,string(100),False,False,False,console/migrations/m240407_062424_campaign.php:22,common/models/Campaign.php:15,communication.Campaign.utm_medium,SourceText,synthetic replacement; semantic review before import,PROPOSED; runtime schema and semantic acceptance unverified
communication,campaign,utm_source,declared,string(100),False,False,False,console/migrations/m240407_062424_campaign.php:22,common/models/Campaign.php:14,communication.Campaign.utm_source,SourceText,synthetic replacement; semantic review before import,PROPOSED; runtime schema and semantic acceptance unverified
communication,campaign,utm_term,declared,string(100),False,False,False,console/migrations/m240407_062424_campaign.php:22,common/models/Campaign.php:18,communication.Campaign.utm_term,SourceText,synthetic replacement; semantic review before import,PROPOSED; runtime schema and semantic acceptance unverified
communication,campaign,utm_uuid,declared,char(60),False,False,False,console/migrations/m240407_062424_campaign.php:22,common/models/Campaign.php:13,communication.Campaign.utm_uuid,SourceRef,namespace by system/table; exact join; no email matching,PROPOSED; runtime schema and semantic acceptance unverified
profile,candidate,approved,declared,smallInteger(1),True,False,False,console/migrations/m170303_134250_admin_approve_candidate.php:9,common/models/Candidate.php:65,profile.Candidate.approved,SourceEnum,explicit per-domain mapping; unknown value HOLD; never grants,PROPOSED; runtime schema and semantic acceptance unverified
profile,candidate,bank_account_name,declared,string(100),False,False,False,console/migrations/m170307_121642_candidate_phone.php:11,common/models/Candidate.php:27,profile.Candidate.bank_account_name,SensitiveText,replace; never copy free text or destination; no identity joins,PROPOSED; runtime schema and semantic acceptance unverified
profile,candidate,bank_id,declared,integer(11),False,False,False,console/migrations/m170306_112515_candiate_bank.php:9,common/models/Candidate.php:24,profile.Candidate.bank_id,SourceRef,namespace by system/table; exact join; no email matching,PROPOSED; runtime schema and semantic acceptance unverified
profile,candidate,candidate_address_line1,declared,text(),False,False,False,console/migrations/m170529_071050_candidate_address_line1.php:9,common/models/Candidate.php:43,profile.Candidate.candidate_address_line1,SensitiveText,replace; never copy free text or destination; no identity joins,PROPOSED; runtime schema and semantic acceptance unverified
profile,candidate,candidate_area_uuid,declared,string(60),False,False,False,console/migrations/m200922_070412_candidate_location.php:33,common/models/Candidate.php:44,profile.Candidate.candidate_area_uuid,SourceRef,namespace by system/table; exact join; no email matching,PROPOSED; runtime schema and semantic acceptance unverified
profile,candidate,candidate_auth_key,declared,string(32),False,False,False,console/migrations/m200724_100421_email_verification.php:40,common/models/Candidate.php:56,profile.Candidate.candidate_auth_key,ExcludedCredential,DROP; synthetic auth only,PROPOSED; runtime schema and semantic acceptance unverified
profile,candidate,candidate_birth_date,declared,date(),False,False,False,console/migrations/m200724_100421_email_verification.php:35,common/models/Candidate.php:47,profile.Candidate.candidate_birth_date,LocalDate,preserve relative dates with coherent synthetic calendar; invalid date HOLD,PROPOSED; runtime schema and semantic acceptance unverified
profile,candidate,candidate_civil_expiry_date,declared,date(),False,False,False,console/migrations/m200724_100421_email_verification.php:38,common/models/Candidate.php:49,profile.Candidate.candidate_civil_expiry_date,LocalDate,preserve relative dates with coherent synthetic calendar; invalid date HOLD,PROPOSED; runtime schema and semantic acceptance unverified
profile,candidate,candidate_civil_id,declared,string(),False,False,True,console/migrations/m200724_100421_email_verification.php:37,common/models/Candidate.php:48,profile.Candidate.candidate_civil_id,ProtectedIdentifier,replace with dataset-local synthetic value; never use for identity joins or public hashes,PROPOSED; runtime schema and semantic acceptance unverified
profile,candidate,candidate_civil_need_verification,declared,boolean(),False,False,False,console/migrations/m240528_164946_candidate_civil_need_verification.php:15,common/models/Candidate.php:52,profile.Candidate.candidate_civil_need_verification,ExactInteger,synthetic bounded values; range and null checks,PROPOSED; runtime schema and semantic acceptance unverified
profile,candidate,candidate_civil_photo_back,declared,string(),False,False,False,console/migrations/m170429_161602_civil_photo_type.php:10,common/models/Candidate.php:51,profile.Candidate.candidate_civil_photo_back,DocumentReference,substitute bytes; private owner/type/version; unsupported type HOLD,PROPOSED; runtime schema and semantic acceptance unverified
profile,candidate,candidate_civil_photo_front,declared,string(),False,False,False,console/migrations/m170429_161602_civil_photo_type.php:9,common/models/Candidate.php:50,profile.Candidate.candidate_civil_photo_front,DocumentReference,substitute bytes; private owner/type/version; unsupported type HOLD,PROPOSED; runtime schema and semantic acceptance unverified
profile,candidate,candidate_committed,declared,boolean(),True,False,False,console/migrations/m201105_063330_candidate_committed.php:16,common/models/Candidate.php:62,profile.Candidate.candidate_committed,ExactInteger,synthetic bounded values; range and null checks,PROPOSED; runtime schema and semantic acceptance unverified
profile,candidate,candidate_created_at,declared,datetime(),True,False,False,console/migrations/m130524_201442_init.php:58,common/models/Candidate.php:70,profile.Candidate.candidate_created_at,TemporalValue,preserve source unit/zone; zero/ambiguous value HOLD; see time overrides,PROPOSED; runtime schema and semantic acceptance unverified
profile,candidate,candidate_driving_license,declared,boolean(),False,False,False,console/migrations/m200729_094528_candidate_fields.php:15,common/models/Candidate.php:53,profile.Candidate.candidate_driving_license,ExactInteger,synthetic bounded values; range and null checks,PROPOSED; runtime schema and semantic acceptance unverified
profile,candidate,candidate_email,declared,string(),True,False,True,console/migrations/m130524_201442_init.php:58,common/models/Candidate.php:38,profile.Candidate.candidate_email,SensitiveText,replace; never copy free text or destination; no identity joins,PROPOSED; runtime schema and semantic acceptance unverified
profile,candidate,candidate_email_verification,declared,boolean(),False,False,False,console/migrations/m200724_100421_email_verification.php:32,common/models/Candidate.php:40,profile.Candidate.candidate_email_verification,SensitiveText,replace; never copy free text or destination; no identity joins,PROPOSED; runtime schema and semantic acceptance unverified
profile,candidate,candidate_gender,declared,integer(),False,False,False,console/migrations/m200729_094528_candidate_fields.php:17,common/models/Candidate.php:31,profile.Candidate.candidate_gender,SourceEnum,explicit per-domain mapping; unknown value HOLD; never grants,PROPOSED; runtime schema and semantic acceptance unverified
profile,candidate,candidate_hourly_rate,declared,"decimal(7,3)",False,False,False,console/migrations/m200724_100421_email_verification.php:39,common/models/Candidate.php:55,profile.Candidate.candidate_hourly_rate,MoneyDecimal,exact rate/amount with explicit currency and effective period,PROPOSED; runtime schema and semantic acceptance unverified
profile,candidate,candidate_iban,declared,string(100),False,False,False,console/migrations/m170306_112515_candiate_bank.php:26,common/models/Candidate.php:28,profile.Candidate.candidate_iban,SensitiveText,replace; never copy free text or destination; no identity joins,PROPOSED; runtime schema and semantic acceptance unverified
profile,candidate,candidate_id,declared,primaryKey(),False,True,False,console/migrations/m130524_201442_init.php:58,common/models/Candidate.php:20,profile.Candidate.candidate_id,SourceRef,namespace by system/table; exact join; no email matching,PROPOSED; runtime schema and semantic acceptance unverified
profile,candidate,candidate_intro,declared,text(),False,False,False,console/migrations/m230522_104706_tagline.php:15,common/models/Candidate.php:33,profile.Candidate.candidate_intro,SensitiveText,replace; never copy free text or destination; no identity joins,PROPOSED; runtime schema and semantic acceptance unverified
profile,candidate,candidate_job_search_status,declared,tinyInteger(),False,False,False,console/migrations/m200807_134023_candidate_job_search.php:15,common/models/Candidate.php:60,profile.Candidate.candidate_job_search_status,SourceEnum,explicit per-domain mapping; unknown value HOLD; never grants,PROPOSED; runtime schema and semantic acceptance unverified
profile,candidate,candidate_job_search_updated_at,declared,dateTime(),False,False,False,console/migrations/m250319_114516_job_search_timestamp.php:15,common/models/Candidate.php:61,profile.Candidate.candidate_job_search_updated_at,TemporalValue,preserve source unit/zone; zero/ambiguous value HOLD; see time overrides,PROPOSED; runtime schema and semantic acceptance unverified
profile,candidate,candidate_language_pref,declared,char(2),False,False,False,console/migrations/m200722_135609_candidate_language.php:16,common/models/Candidate.php:59,profile.Candidate.candidate_language_pref,SourceText,synthetic replacement; semantic review before import,PROPOSED; runtime schema and semantic acceptance unverified
profile,candidate,candidate_latitude,declared,"decimal(9,6)",False,False,False,console/migrations/m200922_070412_candidate_location.php:34,common/models/Candidate.php:45,profile.Candidate.candidate_latitude,Coordinate,synthetic coordinates; preserve paired start/end and valid/missing classes,PROPOSED; runtime schema and semantic acceptance unverified
profile,candidate,candidate_limit_email,declared,dateTime(),False,False,False,console/migrations/m200724_100421_email_verification.php:33,common/models/Candidate.php:41,profile.Candidate.candidate_limit_email,SensitiveText,replace; never copy free text or destination; no identity joins,PROPOSED; runtime schema and semantic acceptance unverified
profile,candidate,candidate_longitude,declared,"decimal(9,6)",False,False,False,console/migrations/m200922_070412_candidate_location.php:35,common/models/Candidate.php:46,profile.Candidate.candidate_longitude,Coordinate,synthetic coordinates; preserve paired start/end and valid/missing classes,PROPOSED; runtime schema and semantic acceptance unverified
profile,candidate,candidate_mom_kuwaiti,declared,boolean(),False,False,False,console/migrations/m201106_074724_candidate_mom_kuwaiti_field.php:15,common/models/Candidate.php:66,profile.Candidate.candidate_mom_kuwaiti,ExactInteger,synthetic bounded values; range and null checks,PROPOSED; runtime schema and semantic acceptance unverified
profile,candidate,candidate_name,declared,string(),True,False,False,console/migrations/m130524_201442_init.php:58,common/models/Candidate.php:29,profile.Candidate.candidate_name,SensitiveText,replace; never copy free text or destination; no identity joins,PROPOSED; runtime schema and semantic acceptance unverified
profile,candidate,candidate_name_ar,declared,string(),True,False,False,console/migrations/m170219_055954_missing_candidate_fields.php:9,common/models/Candidate.php:30,profile.Candidate.candidate_name_ar,SensitiveText,replace; never copy free text or destination; no identity joins,PROPOSED; runtime schema and semantic acceptance unverified
profile,candidate,candidate_new_email,declared,string(100),False,False,False,console/migrations/m200724_100421_email_verification.php:31,common/models/Candidate.php:39,profile.Candidate.candidate_new_email,SensitiveText,replace; never copy free text or destination; no identity joins,PROPOSED; runtime schema and semantic acceptance unverified
profile,candidate,candidate_objective,declared,string(),False,False,False,console/migrations/m200729_094528_candidate_fields.php:18,common/models/Candidate.php:32,profile.Candidate.candidate_objective,SensitiveText,replace; never copy free text or destination; no identity joins,PROPOSED; runtime schema and semantic acceptance unverified
profile,candidate,candidate_password_hash,declared,string(255),False,False,False,console/migrations/m250119_081948_hotfix_password_field.php:18,common/models/Candidate.php:57,profile.Candidate.candidate_password_hash,ExcludedCredential,DROP; synthetic auth only,PROPOSED; runtime schema and semantic acceptance unverified
profile,candidate,candidate_password_reset_token,declared,string(),False,False,True,console/migrations/m130524_201442_init.php:58,common/models/Candidate.php:58,profile.Candidate.candidate_password_reset_token,ExcludedCredential,DROP; synthetic auth only,PROPOSED; runtime schema and semantic acceptance unverified
profile,candidate,candidate_pending_profile,declared,text(),False,False,False,console/migrations/m211223_081947_transfer_api.php:24,common/models/Candidate.php:67,profile.Candidate.candidate_pending_profile,SourceText,synthetic replacement; semantic review before import,PROPOSED; runtime schema and semantic acceptance unverified
profile,candidate,candidate_personal_photo,declared,string(255),False,False,False,console/migrations/m170427_123738_candidate_photo.php:9,common/models/Candidate.php:34,profile.Candidate.candidate_personal_photo,DocumentReference,substitute bytes; private owner/type/version; unsupported type HOLD,PROPOSED; runtime schema and semantic acceptance unverified
profile,candidate,candidate_phone,declared,string(20),False,False,False,console/migrations/m170307_121642_candidate_phone.php:9,common/models/Candidate.php:42,profile.Candidate.candidate_phone,SensitiveText,replace; never copy free text or destination; no identity joins,PROPOSED; runtime schema and semantic acceptance unverified
profile,candidate,candidate_preferred_time,declared,literal-or-annotation:string,False,False,False,console/migrations/m211123_120542_candidate_time.php:15,common/models/Candidate.php:63,profile.Candidate.candidate_preferred_time,TemporalValue,preserve source unit/zone; zero/ambiguous value HOLD; see time overrides,PROPOSED; runtime schema and semantic acceptance unverified
profile,candidate,candidate_resume,declared,string(),False,False,False,console/migrations/m200729_094528_candidate_fields.php:16,common/models/Candidate.php:54,profile.Candidate.candidate_resume,DocumentReference,substitute bytes; private owner/type/version; unsupported type HOLD,PROPOSED; runtime schema and semantic acceptance unverified
profile,candidate,candidate_status,declared,smallInteger(),True,False,False,console/migrations/m130524_201442_init.php:58,common/models/Candidate.php:64,profile.Candidate.candidate_status,SourceEnum,explicit per-domain mapping; unknown value HOLD; never grants,PROPOSED; runtime schema and semantic acceptance unverified
profile,candidate,candidate_uid,declared,string(20),False,False,False,console/migrations/m170505_114559_candidate_uid.php:10,common/models/Candidate.php:22,profile.Candidate.candidate_uid,SourceText,synthetic replacement; semantic review before import,PROPOSED; runtime schema and semantic acceptance unverified
profile,candidate,candidate_updated_at,declared,datetime(),True,False,False,console/migrations/m130524_201442_init.php:58,common/models/Candidate.php:71,profile.Candidate.candidate_updated_at,TemporalValue,preserve source unit/zone; zero/ambiguous value HOLD; see time overrides,PROPOSED; runtime schema and semantic acceptance unverified
profile,candidate,candidate_video,declared,string(),False,False,False,console/migrations/m200907_135723_candidate_video.php:15,common/models/Candidate.php:35,profile.Candidate.candidate_video,DocumentReference,substitute bytes; private owner/type/version; unsupported type HOLD,PROPOSED; runtime schema and semantic acceptance unverified
profile,candidate,candidate_video_job_id,declared,string(),False,False,False,console/migrations/m201019_103154_candiate_video_webhook.php:24,common/models/Candidate.php:36,profile.Candidate.candidate_video_job_id,UnverifiedReference,name-shaped reference only; no PK/FK/ORM evidence; HOLD before joining,PROPOSED; runtime schema and semantic acceptance unverified
profile,candidate,candidate_video_processed,declared,boolean(),False,False,False,console/migrations/m201009_153032_candidate_video.php:15,common/models/Candidate.php:37,profile.Candidate.candidate_video_processed,ExactInteger,synthetic bounded values; range and null checks,PROPOSED; runtime schema and semantic acceptance unverified
profile,candidate,country_id,declared,integer(11),False,False,False,console/migrations/m170425_134445_candidate_country.php:9,common/models/Candidate.php:26,profile.Candidate.country_id,SourceRef,namespace by system/table; exact join; no email matching,PROPOSED; runtime schema and semantic acceptance unverified
profile,candidate,currency_code,declared,char(3),False,False,False,console/migrations/m240214_084103_multi_currency.php:245,common/models/Candidate.php:74,profile.Candidate.currency_code,SourceRef,namespace by system/table; exact join; no email matching,PROPOSED; runtime schema and semantic acceptance unverified
profile,candidate,deleted,declared,smallInteger(1),True,False,False,console/migrations/m130524_201442_init.php:58,common/models/Candidate.php:72,profile.Candidate.deleted,SourceEnum,explicit per-domain mapping; unknown value HOLD; never grants,PROPOSED; runtime schema and semantic acceptance unverified
profile,candidate,enable_two_step_auth,declared,boolean(),False,False,False,console/migrations/m250130_115508_2step_auth.php:30,,profile.Candidate.enable_two_step_auth,ExactInteger,synthetic bounded values; range and null checks,PROPOSED; runtime schema and semantic acceptance unverified
profile,candidate,ip_address,declared,string(45),False,False,False,console/migrations/m240203_060625_block_ip.php:15,,profile.Candidate.ip_address,SensitiveText,replace; never copy free text or destination; no identity joins,PROPOSED; runtime schema and semantic acceptance unverified
profile,candidate,is_duplicate,declared,boolean(),False,False,False,console/migrations/m230703_091517_mark_duplicate.php:15,common/models/Candidate.php:73,profile.Candidate.is_duplicate,SourceEnum,explicit per-domain mapping; unknown value HOLD; never grants,PROPOSED; runtime schema and semantic acceptance unverified
profile,candidate,is_incomplete_profile,declared,boolean(),False,False,False,console/migrations/m231217_155618_candidate_query.php:15,common/models/Candidate.php:68,profile.Candidate.is_incomplete_profile,SourceEnum,explicit per-domain mapping; unknown value HOLD; never grants,PROPOSED; runtime schema and semantic acceptance unverified
profile,candidate,profile_url,declared,string(225),False,False,False,console/migrations/m230406_110939_candidate_profile_url.php:15,common/models/Candidate.php:69,profile.Candidate.profile_url,SensitiveText,replace; never copy free text or destination; no identity joins,PROPOSED; runtime schema and semantic acceptance unverified
profile,candidate,store_id,declared,integer(11),False,False,False,console/migrations/m170223_132254_candidate_to_store.php:9,common/models/Candidate.php:23,profile.Candidate.store_id,SourceRef,namespace by system/table; exact join; no email matching,PROPOSED; runtime schema and semantic acceptance unverified
profile,candidate,university_id,declared,integer(11),False,False,False,console/migrations/m170420_125428_candidate_university.php:9,common/models/Candidate.php:25,profile.Candidate.university_id,SourceRef,namespace by system/table; exact join; no email matching,PROPOSED; runtime schema and semantic acceptance unverified
profile,candidate,utm_uuid,declared,char(64),False,False,False,console/migrations/m240407_062424_campaign.php:40,common/models/Candidate.php:21,profile.Candidate.utm_uuid,SourceRef,namespace by system/table; exact join; no email matching,PROPOSED; runtime schema and semantic acceptance unverified
profile,candidate_certificate,candidate_id,declared,integer(11),True,False,False,console/migrations/m240808_113636_certificate.php:151,common/models/CandidateCertificate.php:15,profile.CandidateCertificate.candidate_id,SourceRef,namespace by system/table; exact join; no email matching,PROPOSED; runtime schema and semantic acceptance unverified
profile,candidate_certificate,candidate_work_history_id,declared,integer(11),False,False,False,console/migrations/m240808_113636_certificate.php:151,common/models/CandidateCertificate.php:16,profile.CandidateCertificate.candidate_work_history_id,SourceRef,namespace by system/table; exact join; no email matching,PROPOSED; runtime schema and semantic acceptance unverified
profile,candidate_certificate,certificate_type,declared,tinyInteger(1),False,False,False,console/migrations/m240808_113636_certificate.php:151,common/models/CandidateCertificate.php:14,profile.CandidateCertificate.certificate_type,SourceEnum,explicit per-domain mapping; unknown value HOLD; never grants,PROPOSED; runtime schema and semantic acceptance unverified
profile,candidate_certificate,certificate_uuid,declared,char(60),False,False,False,console/migrations/m240808_113636_certificate.php:151,common/models/CandidateCertificate.php:13,profile.CandidateCertificate.certificate_uuid,SourceRef,namespace by system/table; exact join; no email matching,PROPOSED; runtime schema and semantic acceptance unverified
profile,candidate_certificate,company_id,declared,integer(11),False,False,False,console/migrations/m240808_113636_certificate.php:151,common/models/CandidateCertificate.php:19,profile.CandidateCertificate.company_id,SourceRef,namespace by system/table; exact join; no email matching,PROPOSED; runtime schema and semantic acceptance unverified
profile,candidate_certificate,created_at,declared,dateTime(),False,False,False,console/migrations/m240808_113636_certificate.php:151,common/models/CandidateCertificate.php:25,profile.CandidateCertificate.created_at,TemporalValue,preserve source unit/zone; zero/ambiguous value HOLD; see time overrides,PROPOSED; runtime schema and semantic acceptance unverified
profile,candidate_certificate,end_date,declared,date(),False,False,False,console/migrations/m240808_113636_certificate.php:151,common/models/CandidateCertificate.php:22,profile.CandidateCertificate.end_date,LocalDate,preserve relative dates with coherent synthetic calendar; invalid date HOLD,PROPOSED; runtime schema and semantic acceptance unverified
profile,candidate_certificate,exam_uuid,declared,char(60),False,False,False,console/migrations/m240808_113636_certificate.php:151,common/models/CandidateCertificate.php:17,profile.CandidateCertificate.exam_uuid,SourceRef,namespace by system/table; exact join; no email matching,PROPOSED; runtime schema and semantic acceptance unverified
profile,candidate_certificate,is_deleted,declared,boolean(),False,False,False,console/migrations/m240808_113636_certificate.php:151,common/models/CandidateCertificate.php:24,profile.CandidateCertificate.is_deleted,SourceEnum,explicit per-domain mapping; unknown value HOLD; never grants,PROPOSED; runtime schema and semantic acceptance unverified
profile,candidate_certificate,parent_company_id,declared,integer(11),False,False,False,console/migrations/m240808_113636_certificate.php:151,common/models/CandidateCertificate.php:20,profile.CandidateCertificate.parent_company_id,SourceRef,namespace by system/table; exact join; no email matching,PROPOSED; runtime schema and semantic acceptance unverified
profile,candidate_certificate,staff_id,declared,integer(11),False,False,False,console/migrations/m240808_113636_certificate.php:151,common/models/CandidateCertificate.php:23,profile.CandidateCertificate.staff_id,SourceRef,namespace by system/table; exact join; no email matching,PROPOSED; runtime schema and semantic acceptance unverified
profile,candidate_certificate,start_date,declared,date(),False,False,False,console/migrations/m240808_113636_certificate.php:151,common/models/CandidateCertificate.php:21,profile.CandidateCertificate.start_date,LocalDate,preserve relative dates with coherent synthetic calendar; invalid date HOLD,PROPOSED; runtime schema and semantic acceptance unverified
profile,candidate_certificate,store_id,declared,integer(11),False,False,False,console/migrations/m240808_113636_certificate.php:151,common/models/CandidateCertificate.php:18,profile.CandidateCertificate.store_id,SourceRef,namespace by system/table; exact join; no email matching,PROPOSED; runtime schema and semantic acceptance unverified
profile,candidate_certificate,updated_at,declared,dateTime(),False,False,False,console/migrations/m240808_113636_certificate.php:151,common/models/CandidateCertificate.php:26,profile.CandidateCertificate.updated_at,TemporalValue,preserve source unit/zone; zero/ambiguous value HOLD; see time overrides,PROPOSED; runtime schema and semantic acceptance unverified
profile,candidate_education,candidate_id,declared,integer(11),True,False,False,console/migrations/m240523_133605_education.php:1568,common/models/CandidateEducation.php:14,profile.CandidateEducation.candidate_id,SourceRef,namespace by system/table; exact join; no email matching,PROPOSED; runtime schema and semantic acceptance unverified
profile,candidate_education,created_at,declared,dateTime(),False,False,False,console/migrations/m240523_133605_education.php:1568,common/models/CandidateEducation.php:20,profile.CandidateEducation.created_at,TemporalValue,preserve source unit/zone; zero/ambiguous value HOLD; see time overrides,PROPOSED; runtime schema and semantic acceptance unverified
profile,candidate_education,custom_institution_name,declared,string(255),False,False,False,console/migrations/m250806_054558_update_candidate_education_table.php:19,,profile.CandidateEducation.custom_institution_name,SensitiveText,replace; never copy free text or destination; no identity joins,PROPOSED; runtime schema and semantic acceptance unverified
profile,candidate_education,custom_major,declared,string(255),False,False,False,console/migrations/m250806_110820_add_custom_major_to_candidate_educations.php:15,,profile.CandidateEducation.custom_major,SourceText,synthetic replacement; semantic review before import,PROPOSED; runtime schema and semantic acceptance unverified
profile,candidate_education,degree_uuid,declared,char(60),False,False,False,console/migrations/m240523_133605_education.php:1568,common/models/CandidateEducation.php:16,profile.CandidateEducation.degree_uuid,SourceRef,namespace by system/table; exact join; no email matching,PROPOSED; runtime schema and semantic acceptance unverified
profile,candidate_education,education_type,declared,literal-or-annotation:,False,False,False,console/migrations/m250806_054558_update_candidate_education_table.php:16,,profile.CandidateEducation.education_type,SourceEnum,explicit per-domain mapping; unknown value HOLD; never grants,PROPOSED; runtime schema and semantic acceptance unverified
profile,candidate_education,education_uuid,declared,char(60),False,False,False,console/migrations/m240523_133605_education.php:1568,common/models/CandidateEducation.php:13,profile.CandidateEducation.education_uuid,SourceRef,namespace by system/table; exact join; no email matching,PROPOSED; runtime schema and semantic acceptance unverified
profile,candidate_education,graduation_year,declared,integer(5),False,False,False,console/migrations/m240523_133605_education.php:1568,common/models/CandidateEducation.php:18,profile.CandidateEducation.graduation_year,ExactInteger,synthetic bounded values; range and null checks,PROPOSED; runtime schema and semantic acceptance unverified
profile,candidate_education,is_currently_studying,declared,boolean(),False,False,False,console/migrations/m240523_133605_education.php:1568,common/models/CandidateEducation.php:19,profile.CandidateEducation.is_currently_studying,SourceEnum,explicit per-domain mapping; unknown value HOLD; never grants,PROPOSED; runtime schema and semantic acceptance unverified
profile,candidate_education,major_uuid,declared,char(60),False,False,False,console/migrations/m240523_133605_education.php:1568,common/models/CandidateEducation.php:17,profile.CandidateEducation.major_uuid,SourceRef,namespace by system/table; exact join; no email matching,PROPOSED; runtime schema and semantic acceptance unverified
profile,candidate_education,university_id,declared,integer(),False,False,False,console/migrations/m250806_054558_update_candidate_education_table.php:22,common/models/CandidateEducation.php:15,profile.CandidateEducation.university_id,SourceRef,namespace by system/table; exact join; no email matching,PROPOSED; runtime schema and semantic acceptance unverified
profile,candidate_education,updated_at,declared,dateTime(),False,False,False,console/migrations/m240523_133605_education.php:1568,common/models/CandidateEducation.php:21,profile.CandidateEducation.updated_at,TemporalValue,preserve source unit/zone; zero/ambiguous value HOLD; see time overrides,PROPOSED; runtime schema and semantic acceptance unverified
identity,candidate_email_verify_attempt,candidate_email,declared,string(50),False,False,False,console/migrations/m200724_100421_email_verification.php:21,common/models/CandidateEmailVerifyAttempt.php:15,identity.CandidateEmailVerifyAttempt.candidate_email,SensitiveText,replace; never copy free text or destination; no identity joins,PROPOSED; runtime schema and semantic acceptance unverified
identity,candidate_email_verify_attempt,ceva_uuid,declared,char(60),False,False,False,console/migrations/m200724_100421_email_verification.php:21,common/models/CandidateEmailVerifyAttempt.php:13,identity.CandidateEmailVerifyAttempt.ceva_uuid,SourceRef,namespace by system/table; exact join; no email matching,PROPOSED; runtime schema and semantic acceptance unverified
identity,candidate_email_verify_attempt,code,declared,string(32),False,False,False,console/migrations/m200724_100421_email_verification.php:21,common/models/CandidateEmailVerifyAttempt.php:14,identity.CandidateEmailVerifyAttempt.code,ExcludedCredential,DROP; synthetic auth only,PROPOSED; runtime schema and semantic acceptance unverified
identity,candidate_email_verify_attempt,created_at,declared,dateTime(),False,False,False,console/migrations/m200724_100421_email_verification.php:21,common/models/CandidateEmailVerifyAttempt.php:17,identity.CandidateEmailVerifyAttempt.created_at,TemporalValue,preserve source unit/zone; zero/ambiguous value HOLD; see time overrides,PROPOSED; runtime schema and semantic acceptance unverified
identity,candidate_email_verify_attempt,ip_address,declared,string(45),False,False,False,console/migrations/m200724_100421_email_verification.php:21,common/models/CandidateEmailVerifyAttempt.php:16,identity.CandidateEmailVerifyAttempt.ip_address,SensitiveText,replace; never copy free text or destination; no identity joins,PROPOSED; runtime schema and semantic acceptance unverified
recruitment,candidate_eval_dept_ques,ceq_uuid,declared,char(60),False,False,False,console/migrations/m230113_065332_candidate_evaluation.php:30,common/models/CandidateEvalDeptQues.php:11,recruitment.CandidateEvalDeptQues.ceq_uuid,SourceRef,namespace by system/table; exact join; no email matching,PROPOSED; runtime schema and semantic acceptance unverified
recruitment,candidate_eval_dept_ques,dept_id,declared,integer(11),False,False,False,console/migrations/m230113_065332_candidate_evaluation.php:30,common/models/CandidateEvalDeptQues.php:10,recruitment.CandidateEvalDeptQues.dept_id,SourceRef,namespace by system/table; exact join; no email matching,PROPOSED; runtime schema and semantic acceptance unverified
recruitment,candidate_eval_ques,ceq_uuid,declared,char(60),False,False,False,console/migrations/m230113_065332_candidate_evaluation.php:20,common/models/CandidateEvalQues.php:13,recruitment.CandidateEvalQues.ceq_uuid,SourceRef,namespace by system/table; exact join; no email matching,PROPOSED; runtime schema and semantic acceptance unverified
recruitment,candidate_eval_ques,created_at,declared,datetime(),True,False,False,console/migrations/m230113_065332_candidate_evaluation.php:20,common/models/CandidateEvalQues.php:15,recruitment.CandidateEvalQues.created_at,TemporalValue,preserve source unit/zone; zero/ambiguous value HOLD; see time overrides,PROPOSED; runtime schema and semantic acceptance unverified
recruitment,candidate_eval_ques,question,declared,string(225),False,False,False,console/migrations/m230113_065332_candidate_evaluation.php:20,common/models/CandidateEvalQues.php:14,recruitment.CandidateEvalQues.question,SourceText,synthetic replacement; semantic review before import,PROPOSED; runtime schema and semantic acceptance unverified
recruitment,candidate_eval_ques,updated_at,declared,datetime(),True,False,False,console/migrations/m230113_065332_candidate_evaluation.php:20,common/models/CandidateEvalQues.php:16,recruitment.CandidateEvalQues.updated_at,TemporalValue,preserve source unit/zone; zero/ambiguous value HOLD; see time overrides,PROPOSED; runtime schema and semantic acceptance unverified
recruitment,candidate_evaluation,can_eval_uuid,declared,char(60),False,False,False,console/migrations/m230113_065332_candidate_evaluation.php:36,common/models/CandidateEvaluation.php:15,recruitment.CandidateEvaluation.can_eval_uuid,SourceRef,namespace by system/table; exact join; no email matching,PROPOSED; runtime schema and semantic acceptance unverified
recruitment,candidate_evaluation,candidate_id,declared,integer(11),False,False,False,console/migrations/m230113_065332_candidate_evaluation.php:36,common/models/CandidateEvaluation.php:16,recruitment.CandidateEvaluation.candidate_id,SourceRef,namespace by system/table; exact join; no email matching,PROPOSED; runtime schema and semantic acceptance unverified
recruitment,candidate_evaluation,created_at,declared,datetime(),True,False,False,console/migrations/m230113_065332_candidate_evaluation.php:36,common/models/CandidateEvaluation.php:21,recruitment.CandidateEvaluation.created_at,TemporalValue,preserve source unit/zone; zero/ambiguous value HOLD; see time overrides,PROPOSED; runtime schema and semantic acceptance unverified
recruitment,candidate_evaluation,dept_id,declared,integer(11),False,False,False,console/migrations/m230113_065332_candidate_evaluation.php:36,common/models/CandidateEvaluation.php:17,recruitment.CandidateEvaluation.dept_id,UnverifiedReference,name-shaped reference only; no PK/FK/ORM evidence; HOLD before joining,PROPOSED; runtime schema and semantic acceptance unverified
recruitment,candidate_evaluation,end_date,declared,date(),False,False,False,console/migrations/m230118_130827_update_report_table.php:16,common/models/CandidateEvaluation.php:19,recruitment.CandidateEvaluation.end_date,LocalDate,preserve relative dates with coherent synthetic calendar; invalid date HOLD,PROPOSED; runtime schema and semantic acceptance unverified
recruitment,candidate_evaluation,staff_id,declared,integer(11),False,False,False,console/migrations/m230113_065332_candidate_evaluation.php:36,common/models/CandidateEvaluation.php:20,recruitment.CandidateEvaluation.staff_id,SourceRef,namespace by system/table; exact join; no email matching,PROPOSED; runtime schema and semantic acceptance unverified
recruitment,candidate_evaluation,start_date,declared,date(),False,False,False,console/migrations/m230118_130827_update_report_table.php:15,common/models/CandidateEvaluation.php:18,recruitment.CandidateEvaluation.start_date,LocalDate,preserve relative dates with coherent synthetic calendar; invalid date HOLD,PROPOSED; runtime schema and semantic acceptance unverified
recruitment,candidate_evaluation,updated_at,declared,datetime(),True,False,False,console/migrations/m230113_065332_candidate_evaluation.php:36,common/models/CandidateEvaluation.php:22,recruitment.CandidateEvaluation.updated_at,TemporalValue,preserve source unit/zone; zero/ambiguous value HOLD; see time overrides,PROPOSED; runtime schema and semantic acceptance unverified
recruitment,candidate_evaluation_answer,answer,declared,text(),False,False,False,console/migrations/m230117_113129_candidate_evaluation_answers.php:20,common/models/CandidateEvaluationAnswer.php:13,recruitment.CandidateEvaluationAnswer.answer,SensitiveText,replace; never copy free text or destination; no identity joins,PROPOSED; runtime schema and semantic acceptance unverified
recruitment,candidate_evaluation_answer,can_eval_uuid,declared,char(60),False,False,False,console/migrations/m230117_113129_candidate_evaluation_answers.php:20,common/models/CandidateEvaluationAnswer.php:10,recruitment.CandidateEvaluationAnswer.can_eval_uuid,SourceRef,namespace by system/table; exact join; no email matching,PROPOSED; runtime schema and semantic acceptance unverified
recruitment,candidate_evaluation_answer,ceq_uuid,declared,char(60),True,False,False,console/migrations/m230117_113129_candidate_evaluation_answers.php:20,common/models/CandidateEvaluationAnswer.php:11,recruitment.CandidateEvaluationAnswer.ceq_uuid,SourceRef,namespace by system/table; exact join; no email matching,PROPOSED; runtime schema and semantic acceptance unverified
recruitment,candidate_evaluation_answer,question,declared,string(225),False,False,False,console/migrations/m230117_113129_candidate_evaluation_answers.php:20,common/models/CandidateEvaluationAnswer.php:12,recruitment.CandidateEvaluationAnswer.question,SourceText,synthetic replacement; semantic review before import,PROPOSED; runtime schema and semantic acceptance unverified
recruitment,candidate_evaluation_answer,rating,declared,tinyInteger(2),False,False,False,console/migrations/m230117_113129_candidate_evaluation_answers.php:20,common/models/CandidateEvaluationAnswer.php:14,recruitment.CandidateEvaluationAnswer.rating,ExactInteger,synthetic bounded values; range and null checks,PROPOSED; runtime schema and semantic acceptance unverified
profile,candidate_experience,candidate_experience_created_at,declared,dateTime(),False,False,False,console/migrations/m200729_094528_candidate_fields.php:48,common/models/CandidateExperience.php:20,profile.CandidateExperience.candidate_experience_created_at,TemporalValue,preserve source unit/zone; zero/ambiguous value HOLD; see time overrides,PROPOSED; runtime schema and semantic acceptance unverified
profile,candidate_experience,candidate_experience_id,declared,primaryKey(),False,True,False,console/migrations/m200729_094528_candidate_fields.php:48,common/models/CandidateExperience.php:13,profile.CandidateExperience.candidate_experience_id,SourceRef,namespace by system/table; exact join; no email matching,PROPOSED; runtime schema and semantic acceptance unverified
profile,candidate_experience,candidate_id,declared,integer(11),False,False,False,console/migrations/m200729_094528_candidate_fields.php:48,common/models/CandidateExperience.php:14,profile.CandidateExperience.candidate_id,SourceRef,namespace by system/table; exact join; no email matching,PROPOSED; runtime schema and semantic acceptance unverified
profile,candidate_experience,deleted,declared,smallInteger(1),True,False,False,console/migrations/m201030_101802_soft_delete.php:17,common/models/CandidateExperience.php:19,profile.CandidateExperience.deleted,SourceEnum,explicit per-domain mapping; unknown value HOLD; never grants,PROPOSED; runtime schema and semantic acceptance unverified
profile,candidate_experience,employer,declared,string(),False,False,False,console/migrations/m241127_162409_experience.php:15,common/models/CandidateExperience.php:16,profile.CandidateExperience.employer,SourceText,synthetic replacement; semantic review before import,PROPOSED; runtime schema and semantic acceptance unverified
profile,candidate_experience,end_year,declared,smallInteger(5),False,False,False,console/migrations/m241127_162409_experience.php:17,common/models/CandidateExperience.php:18,profile.CandidateExperience.end_year,ExactInteger,synthetic bounded values; range and null checks,PROPOSED; runtime schema and semantic acceptance unverified
profile,candidate_experience,experience,declared,string(128),True,False,False,console/migrations/m200729_094528_candidate_fields.php:48,common/models/CandidateExperience.php:15,profile.CandidateExperience.experience,SourceText,synthetic replacement; semantic review before import,PROPOSED; runtime schema and semantic acceptance unverified
profile,candidate_experience,start_year,declared,smallInteger(5),False,False,False,console/migrations/m241127_162409_experience.php:16,common/models/CandidateExperience.php:17,profile.CandidateExperience.start_year,ExactInteger,synthetic bounded values; range and null checks,PROPOSED; runtime schema and semantic acceptance unverified
profile,candidate_id_card,candidate_id,declared,integer(11),False,False,False,console/migrations/m170502_143647_candidate_ID.php:16,common/models/CandidateIdCard.php:13,profile.CandidateIdCard.candidate_id,SourceRef,namespace by system/table; exact join; no email matching,PROPOSED; runtime schema and semantic acceptance unverified
profile,candidate_id_card,created_at,declared,datetime(),False,False,False,console/migrations/m170502_143647_candidate_ID.php:16,common/models/CandidateIdCard.php:16,profile.CandidateIdCard.created_at,TemporalValue,preserve source unit/zone; zero/ambiguous value HOLD; see time overrides,PROPOSED; runtime schema and semantic acceptance unverified
profile,candidate_id_card,deleted,declared,smallInteger(1),True,False,False,console/migrations/m201030_101802_soft_delete.php:15,common/models/CandidateIdCard.php:15,profile.CandidateIdCard.deleted,SourceEnum,explicit per-domain mapping; unknown value HOLD; never grants,PROPOSED; runtime schema and semantic acceptance unverified
profile,candidate_id_card,expiry_date,declared,date(),False,False,False,console/migrations/m170502_143647_candidate_ID.php:16,common/models/CandidateIdCard.php:14,profile.CandidateIdCard.expiry_date,LocalDate,preserve relative dates with coherent synthetic calendar; invalid date HOLD,PROPOSED; runtime schema and semantic acceptance unverified
profile,candidate_id_card,id,declared,primaryKey(),False,True,False,console/migrations/m170502_143647_candidate_ID.php:16,common/models/CandidateIdCard.php:12,profile.CandidateIdCard.id,SourceRef,namespace by system/table; exact join; no email matching,PROPOSED; runtime schema and semantic acceptance unverified
profile,candidate_id_card,updated_at,declared,datetime(),False,False,False,console/migrations/m170502_143647_candidate_ID.php:16,common/models/CandidateIdCard.php:17,profile.CandidateIdCard.updated_at,TemporalValue,preserve source unit/zone; zero/ambiguous value HOLD; see time overrides,PROPOSED; runtime schema and semantic acceptance unverified
profile,candidate_id_request,candidate_ids,declared,text(),False,False,False,console/migrations/m250120_201548_id_request.php:30,common/models/CandidateIdRequest.php:15,profile.CandidateIdRequest.candidate_ids,SourceText,synthetic replacement; semantic review before import,PROPOSED; runtime schema and semantic acceptance unverified
profile,candidate_id_request,cir_uuid,declared,char(60),False,False,False,console/migrations/m250120_201548_id_request.php:30,common/models/CandidateIdRequest.php:14,profile.CandidateIdRequest.cir_uuid,SourceRef,namespace by system/table; exact join; no email matching,PROPOSED; runtime schema and semantic acceptance unverified
profile,candidate_id_request,created_at,declared,dateTime(),False,False,False,console/migrations/m250120_201548_id_request.php:30,common/models/CandidateIdRequest.php:17,profile.CandidateIdRequest.created_at,TemporalValue,preserve source unit/zone; zero/ambiguous value HOLD; see time overrides,PROPOSED; runtime schema and semantic acceptance unverified
profile,candidate_id_request,created_by,declared,integer(11),False,False,False,console/migrations/m250120_201548_id_request.php:30,common/models/CandidateIdRequest.php:19,profile.CandidateIdRequest.created_by,ExactInteger,synthetic bounded values; range and null checks,PROPOSED; runtime schema and semantic acceptance unverified
profile,candidate_id_request,status,declared,string(100),False,False,False,console/migrations/m250120_201548_id_request.php:30,common/models/CandidateIdRequest.php:16,profile.CandidateIdRequest.status,SourceEnum,explicit per-domain mapping; unknown value HOLD; never grants,PROPOSED; runtime schema and semantic acceptance unverified
profile,candidate_id_request,updated_at,declared,dateTime(),False,False,False,console/migrations/m250120_201548_id_request.php:30,common/models/CandidateIdRequest.php:18,profile.CandidateIdRequest.updated_at,TemporalValue,preserve source unit/zone; zero/ambiguous value HOLD; see time overrides,PROPOSED; runtime schema and semantic acceptance unverified
profile,candidate_id_request,updated_by,declared,integer(11),False,False,False,console/migrations/m250120_201548_id_request.php:30,common/models/CandidateIdRequest.php:20,profile.CandidateIdRequest.updated_by,ExactInteger,synthetic bounded values; range and null checks,PROPOSED; runtime schema and semantic acceptance unverified
profile,candidate_link,candidate_id,declared,integer(11),True,False,False,console/migrations/m250319_163212_links.php:23,common/models/CandidateLink.php:14,profile.CandidateLink.candidate_id,SourceRef,namespace by system/table; exact join; no email matching,PROPOSED; runtime schema and semantic acceptance unverified
profile,candidate_link,cl_uuid,declared,char(60),False,False,False,console/migrations/m250319_163212_links.php:23,common/models/CandidateLink.php:13,profile.CandidateLink.cl_uuid,SourceRef,namespace by system/table; exact join; no email matching,PROPOSED; runtime schema and semantic acceptance unverified
profile,candidate_link,created_at,declared,dateTime(),False,False,False,console/migrations/m250319_163212_links.php:23,common/models/CandidateLink.php:17,profile.CandidateLink.created_at,TemporalValue,preserve source unit/zone; zero/ambiguous value HOLD; see time overrides,PROPOSED; runtime schema and semantic acceptance unverified
profile,candidate_link,title,declared,string(),True,False,False,console/migrations/m250319_163212_links.php:23,common/models/CandidateLink.php:15,profile.CandidateLink.title,SourceText,synthetic replacement; semantic review before import,PROPOSED; runtime schema and semantic acceptance unverified
profile,candidate_link,updated_at,declared,dateTime(),False,False,False,console/migrations/m250319_163212_links.php:23,common/models/CandidateLink.php:18,profile.CandidateLink.updated_at,TemporalValue,preserve source unit/zone; zero/ambiguous value HOLD; see time overrides,PROPOSED; runtime schema and semantic acceptance unverified
profile,candidate_link,url,declared,string(),True,False,False,console/migrations/m250319_163212_links.php:23,common/models/CandidateLink.php:16,profile.CandidateLink.url,SensitiveText,replace; never copy free text or destination; no identity joins,PROPOSED; runtime schema and semantic acceptance unverified
communication,candidate_note,candidate_id,declared,integer(),False,False,False,console/migrations/m201105_063544_candidate_notes.php:21,,communication.CandidateNote.candidate_id,SourceRef,namespace by system/table; exact join; no email matching,PROPOSED; runtime schema and semantic acceptance unverified
communication,candidate_note,candidate_note_uuid,declared,char(60),False,False,False,console/migrations/m201105_063544_candidate_notes.php:21,,communication.CandidateNote.candidate_note_uuid,SourceRef,namespace by system/table; exact join; no email matching,PROPOSED; runtime schema and semantic acceptance unverified
communication,candidate_note,created_by,declared,integer(),False,False,False,console/migrations/m201106_060223_update_note_table.php:16,,communication.CandidateNote.created_by,ExactInteger,synthetic bounded values; range and null checks,PROPOSED; runtime schema and semantic acceptance unverified
communication,candidate_note,note_created_datetime,declared,datetime(),True,False,False,console/migrations/m201105_063544_candidate_notes.php:21,,communication.CandidateNote.note_created_datetime,SensitiveText,replace; never copy free text or destination; no identity joins,PROPOSED; runtime schema and semantic acceptance unverified
communication,candidate_note,note_text,declared,text(),False,False,False,console/migrations/m201105_063544_candidate_notes.php:21,,communication.CandidateNote.note_text,SensitiveText,replace; never copy free text or destination; no identity joins,PROPOSED; runtime schema and semantic acceptance unverified
communication,candidate_note,note_updated_datetime,declared,datetime(),True,False,False,console/migrations/m201105_063544_candidate_notes.php:21,,communication.CandidateNote.note_updated_datetime,SensitiveText,replace; never copy free text or destination; no identity joins,PROPOSED; runtime schema and semantic acceptance unverified
communication,candidate_note,updated_by,declared,integer(),False,False,False,console/migrations/m201106_060223_update_note_table.php:17,,communication.CandidateNote.updated_by,ExactInteger,synthetic bounded values; range and null checks,PROPOSED; runtime schema and semantic acceptance unverified
communication,candidate_notification,appeal_uuid,declared,char(60),False,False,False,console/migrations/m241223_083804_appeal.php:118,common/models/CandidateNotification.php:31,communication.CandidateNotification.appeal_uuid,SourceRef,namespace by system/table; exact join; no email matching,PROPOSED; runtime schema and semantic acceptance unverified
communication,candidate_notification,candidate_id,declared,integer(11),True,False,False,console/migrations/m241027_101214_notification.php:39,common/models/CandidateNotification.php:14,communication.CandidateNotification.candidate_id,SourceRef,namespace by system/table; exact join; no email matching,PROPOSED; runtime schema and semantic acceptance unverified
communication,candidate_notification,candidate_work_history_id,declared,integer(11),False,False,False,console/migrations/m241027_101214_notification.php:39,common/models/CandidateNotification.php:16,communication.CandidateNotification.candidate_work_history_id,SourceRef,namespace by system/table; exact join; no email matching,PROPOSED; runtime schema and semantic acceptance unverified
communication,candidate_notification,candidate_working_date_uuid,declared,char(60),False,False,False,console/migrations/m241027_101214_notification.php:39,common/models/CandidateNotification.php:17,communication.CandidateNotification.candidate_working_date_uuid,SourceRef,namespace by system/table; exact join; no email matching,PROPOSED; runtime schema and semantic acceptance unverified
communication,candidate_notification,candidate_working_hour_uuid,declared,char(60),False,False,False,console/migrations/m241103_170837_session_notification.php:15,common/models/CandidateNotification.php:18,communication.CandidateNotification.candidate_working_hour_uuid,SourceRef,namespace by system/table; exact join; no email matching,PROPOSED; runtime schema and semantic acceptance unverified
communication,candidate_notification,cn_uuid,declared,char(60),False,False,False,console/migrations/m241027_101214_notification.php:39,common/models/CandidateNotification.php:13,communication.CandidateNotification.cn_uuid,SourceRef,namespace by system/table; exact join; no email matching,PROPOSED; runtime schema and semantic acceptance unverified
communication,candidate_notification,company_id,declared,integer(11),False,False,False,console/migrations/m241027_101214_notification.php:39,common/models/CandidateNotification.php:23,communication.CandidateNotification.company_id,SourceRef,namespace by system/table; exact join; no email matching,PROPOSED; runtime schema and semantic acceptance unverified
communication,candidate_notification,created_at,declared,dateTime(),False,False,False,console/migrations/m241027_101214_notification.php:39,common/models/CandidateNotification.php:29,communication.CandidateNotification.created_at,TemporalValue,preserve source unit/zone; zero/ambiguous value HOLD; see time overrides,PROPOSED; runtime schema and semantic acceptance unverified
communication,candidate_notification,cwlf_uuid,declared,char(60),False,False,False,console/migrations/m241027_101214_notification.php:39,common/models/CandidateNotification.php:22,communication.CandidateNotification.cwlf_uuid,SourceRef,namespace by system/table; exact join; no email matching,PROPOSED; runtime schema and semantic acceptance unverified
communication,candidate_notification,invitation_uuid,declared,char(60),False,False,False,console/migrations/m241027_101214_notification.php:39,common/models/CandidateNotification.php:19,communication.CandidateNotification.invitation_uuid,SourceRef,namespace by system/table; exact join; no email matching,PROPOSED; runtime schema and semantic acceptance unverified
communication,candidate_notification,is_new,declared,boolean(),False,False,False,console/migrations/m241027_101214_notification.php:39,common/models/CandidateNotification.php:27,communication.CandidateNotification.is_new,SourceEnum,explicit per-domain mapping; unknown value HOLD; never grants,PROPOSED; runtime schema and semantic acceptance unverified
communication,candidate_notification,job_interest_uuid,declared,char(60),False,False,False,console/migrations/m250127_131617_job_delete.php:44,common/models/CandidateNotification.php:32,communication.CandidateNotification.job_interest_uuid,SourceRef,namespace by system/table; exact join; no email matching,PROPOSED; runtime schema and semantic acceptance unverified
communication,candidate_notification,job_uuid,declared,char(60),False,False,False,console/migrations/m250127_131617_job_delete.php:47,common/models/CandidateNotification.php:26,communication.CandidateNotification.job_uuid,SourceRef,namespace by system/table; exact join; no email matching,PROPOSED; runtime schema and semantic acceptance unverified
communication,candidate_notification,message,declared,text(),False,False,False,console/migrations/m241027_101214_notification.php:39,common/models/CandidateNotification.php:28,communication.CandidateNotification.message,SensitiveText,replace; never copy free text or destination; no identity joins,PROPOSED; runtime schema and semantic acceptance unverified
communication,candidate_notification,request_uuid,declared,char(60),False,False,False,console/migrations/m241027_101214_notification.php:39,common/models/CandidateNotification.php:20,communication.CandidateNotification.request_uuid,SourceRef,namespace by system/table; exact join; no email matching,PROPOSED; runtime schema and semantic acceptance unverified
communication,candidate_notification,staff_id,declared,integer(11),False,False,False,console/migrations/m241027_101214_notification.php:39,common/models/CandidateNotification.php:25,communication.CandidateNotification.staff_id,SourceRef,namespace by system/table; exact join; no email matching,PROPOSED; runtime schema and semantic acceptance unverified
communication,candidate_notification,store_id,declared,integer(11),False,False,False,console/migrations/m241027_101214_notification.php:39,common/models/CandidateNotification.php:24,communication.CandidateNotification.store_id,SourceRef,namespace by system/table; exact join; no email matching,PROPOSED; runtime schema and semantic acceptance unverified
communication,candidate_notification,tc_id,declared,integer(11),False,False,False,console/migrations/m241027_101214_notification.php:39,common/models/CandidateNotification.php:21,communication.CandidateNotification.tc_id,SourceRef,namespace by system/table; exact join; no email matching,PROPOSED; runtime schema and semantic acceptance unverified
communication,candidate_notification,type,declared,tinyInteger(2),True,False,False,console/migrations/m241027_101214_notification.php:39,common/models/CandidateNotification.php:15,communication.CandidateNotification.type,SourceEnum,explicit per-domain mapping; unknown value HOLD; never grants,PROPOSED; runtime schema and semantic acceptance unverified
communication,candidate_notification,updated_at,declared,dateTime(),False,False,False,console/migrations/m241027_101214_notification.php:39,common/models/CandidateNotification.php:30,communication.CandidateNotification.updated_at,TemporalValue,preserve source unit/zone; zero/ambiguous value HOLD; see time overrides,PROPOSED; runtime schema and semantic acceptance unverified
profile,candidate_skill,candidate_id,declared,integer(11),False,False,False,console/migrations/m200729_094528_candidate_fields.php:30,common/models/CandidateSkill.php:14,profile.CandidateSkill.candidate_id,SourceRef,namespace by system/table; exact join; no email matching,PROPOSED; runtime schema and semantic acceptance unverified
profile,candidate_skill,candidate_skill_created_at,declared,dateTime(),False,False,False,console/migrations/m200729_094528_candidate_fields.php:30,common/models/CandidateSkill.php:17,profile.CandidateSkill.candidate_skill_created_at,TemporalValue,preserve source unit/zone; zero/ambiguous value HOLD; see time overrides,PROPOSED; runtime schema and semantic acceptance unverified
profile,candidate_skill,candidate_skill_id,declared,primaryKey(),False,True,False,console/migrations/m200729_094528_candidate_fields.php:30,common/models/CandidateSkill.php:13,profile.CandidateSkill.candidate_skill_id,SourceRef,namespace by system/table; exact join; no email matching,PROPOSED; runtime schema and semantic acceptance unverified
profile,candidate_skill,deleted,declared,smallInteger(1),True,False,False,console/migrations/m201030_101802_soft_delete.php:16,common/models/CandidateSkill.php:16,profile.CandidateSkill.deleted,SourceEnum,explicit per-domain mapping; unknown value HOLD; never grants,PROPOSED; runtime schema and semantic acceptance unverified
profile,candidate_skill,skill,declared,string(128),True,False,False,console/migrations/m200729_094528_candidate_fields.php:30,common/models/CandidateSkill.php:15,profile.CandidateSkill.skill,SourceText,synthetic replacement; semantic review before import,PROPOSED; runtime schema and semantic acceptance unverified
reporting,candidate_stats,candidate_id,declared,integer(11),False,False,False,console/migrations/m240325_073509_revenue.php:21,common/models/CandidateStats.php:14,reporting.CandidateStats.candidate_id,SourceRef,namespace by system/table; exact join; no email matching,PROPOSED; runtime schema and semantic acceptance unverified
reporting,candidate_stats,created_at,declared,dateTime(),True,False,False,console/migrations/m240325_073509_revenue.php:21,common/models/CandidateStats.php:17,reporting.CandidateStats.created_at,TemporalValue,preserve source unit/zone; zero/ambiguous value HOLD; see time overrides,PROPOSED; runtime schema and semantic acceptance unverified
reporting,candidate_stats,cs_uuid,declared,char(60),False,False,False,console/migrations/m240325_073509_revenue.php:21,common/models/CandidateStats.php:13,reporting.CandidateStats.cs_uuid,SourceRef,namespace by system/table; exact join; no email matching,PROPOSED; runtime schema and semantic acceptance unverified
reporting,candidate_stats,currency_code,declared,char(3),False,False,False,console/migrations/m240325_073509_revenue.php:21,common/models/CandidateStats.php:16,reporting.CandidateStats.currency_code,SourceRef,namespace by system/table; exact join; no email matching,PROPOSED; runtime schema and semantic acceptance unverified
reporting,candidate_stats,total_revenue,declared,"decimal(12, 3)",False,False,False,console/migrations/m240325_073509_revenue.php:21,common/models/CandidateStats.php:15,reporting.CandidateStats.total_revenue,ExactDecimal,synthetic balanced amounts; currency/scale validation; counter overrides apply,PROPOSED; runtime schema and semantic acceptance unverified
reporting,candidate_stats,updated_at,declared,dateTime(),True,False,False,console/migrations/m240325_073509_revenue.php:21,common/models/CandidateStats.php:18,reporting.CandidateStats.updated_at,TemporalValue,preserve source unit/zone; zero/ambiguous value HOLD; see time overrides,PROPOSED; runtime schema and semantic acceptance unverified
profile,candidate_tag,candidate_id,declared,integer(11),False,False,False,console/migrations/m230504_083255_candidate_tag.php:21,common/models/CandidateTag.php:15,profile.CandidateTag.candidate_id,SourceRef,namespace by system/table; exact join; no email matching,PROPOSED; runtime schema and semantic acceptance unverified
profile,candidate_tag,candidate_tag_id,annotation-only,literal-or-annotation:string,False,False,False,,common/models/CandidateTag.php:14,profile.CandidateTag.candidate_tag_id,UnverifiedReference,name-shaped reference only; no PK/FK/ORM evidence; HOLD before joining,PROPOSED; runtime schema and semantic acceptance unverified
profile,candidate_tag,created_at,declared,dateTime(),False,False,False,console/migrations/m230504_083255_candidate_tag.php:21,common/models/CandidateTag.php:19,profile.CandidateTag.created_at,TemporalValue,preserve source unit/zone; zero/ambiguous value HOLD; see time overrides,PROPOSED; runtime schema and semantic acceptance unverified
profile,candidate_tag,created_by,declared,literal-or-annotation:string,False,False,False,console/migrations/m230521_161132_tag_reason.php:19,common/models/CandidateTag.php:20,profile.CandidateTag.created_by,SourceText,synthetic replacement; semantic review before import,PROPOSED; runtime schema and semantic acceptance unverified
profile,candidate_tag,deleted,declared,smallInteger(1),True,False,False,console/migrations/m230504_083255_candidate_tag.php:21,common/models/CandidateTag.php:18,profile.CandidateTag.deleted,SourceEnum,explicit per-domain mapping; unknown value HOLD; never grants,PROPOSED; runtime schema and semantic acceptance unverified
profile,candidate_tag,reason,declared,literal-or-annotation:string,False,False,False,console/migrations/m230521_161132_tag_reason.php:15,common/models/CandidateTag.php:17,profile.CandidateTag.reason,SourceText,synthetic replacement; semantic review before import,PROPOSED; runtime schema and semantic acceptance unverified
profile,candidate_tag,tag,declared,string(128),True,False,False,console/migrations/m230504_083255_candidate_tag.php:21,common/models/CandidateTag.php:16,profile.CandidateTag.tag,SourceText,synthetic replacement; semantic review before import,PROPOSED; runtime schema and semantic acceptance unverified
profile,candidate_tag,tag_id,declared,primaryKey(),False,True,False,console/migrations/m230504_083255_candidate_tag.php:21,,profile.CandidateTag.tag_id,SourceRef,namespace by system/table; exact join; no email matching,PROPOSED; runtime schema and semantic acceptance unverified
profile,candidate_tag,updated_at,declared,dateTime(),False,False,False,console/migrations/m230504_083255_candidate_tag.php:21,,profile.CandidateTag.updated_at,TemporalValue,preserve source unit/zone; zero/ambiguous value HOLD; see time overrides,PROPOSED; runtime schema and semantic acceptance unverified
identity,candidate_token,candidate_id,declared,integer(),True,False,False,console/migrations/m170209_151757_create_token_tables.php:42,common/models/CandidateToken.php:13,identity.CandidateToken.candidate_id,ExcludedCredential,DROP; synthetic auth only,PROPOSED; runtime schema and semantic acceptance unverified
identity,candidate_token,ip_address,declared,string(45),False,False,False,console/migrations/m250129_142636_token_expiry.php:28,common/models/CandidateToken.php:20,identity.CandidateToken.ip_address,ExcludedCredential,DROP; synthetic auth only,PROPOSED; runtime schema and semantic acceptance unverified
identity,candidate_token,otp,declared,char(5),False,False,False,console/migrations/m250130_115508_2step_auth.php:55,,identity.CandidateToken.otp,ExcludedCredential,DROP; synthetic auth only,PROPOSED; runtime schema and semantic acceptance unverified
identity,candidate_token,token_created_datetime,declared,datetime(),True,False,False,console/migrations/m170209_151757_create_token_tables.php:42,common/models/CandidateToken.php:21,identity.CandidateToken.token_created_datetime,ExcludedCredential,DROP; synthetic auth only,PROPOSED; runtime schema and semantic acceptance unverified
identity,candidate_token,token_device,declared,string(),False,False,False,console/migrations/m170209_151757_create_token_tables.php:42,common/models/CandidateToken.php:15,identity.CandidateToken.token_device,ExcludedCredential,DROP; synthetic auth only,PROPOSED; runtime schema and semantic acceptance unverified
identity,candidate_token,token_device_id,declared,string(),False,False,False,console/migrations/m170209_151757_create_token_tables.php:42,common/models/CandidateToken.php:16,identity.CandidateToken.token_device_id,ExcludedCredential,DROP; synthetic auth only,PROPOSED; runtime schema and semantic acceptance unverified
identity,candidate_token,token_expiry_datetime,declared,datetime(),False,False,False,console/migrations/m170209_151757_create_token_tables.php:42,common/models/CandidateToken.php:19,identity.CandidateToken.token_expiry_datetime,ExcludedCredential,DROP; synthetic auth only,PROPOSED; runtime schema and semantic acceptance unverified
identity,candidate_token,token_id,declared,primaryKey(),False,True,False,console/migrations/m170209_151757_create_token_tables.php:42,common/models/CandidateToken.php:12,identity.CandidateToken.token_id,ExcludedCredential,DROP; synthetic auth only,PROPOSED; runtime schema and semantic acceptance unverified
identity,candidate_token,token_last_used_datetime,declared,datetime(),False,False,False,console/migrations/m170209_151757_create_token_tables.php:42,common/models/CandidateToken.php:18,identity.CandidateToken.token_last_used_datetime,ExcludedCredential,DROP; synthetic auth only,PROPOSED; runtime schema and semantic acceptance unverified
identity,candidate_token,token_status,declared,smallInteger(),True,False,False,console/migrations/m170209_151757_create_token_tables.php:42,common/models/CandidateToken.php:17,identity.CandidateToken.token_status,ExcludedCredential,DROP; synthetic auth only,PROPOSED; runtime schema and semantic acceptance unverified
identity,candidate_token,token_value,declared,string(),True,False,False,console/migrations/m170209_151757_create_token_tables.php:42,common/models/CandidateToken.php:14,identity.CandidateToken.token_value,ExcludedCredential,DROP; synthetic auth only,PROPOSED; runtime schema and semantic acceptance unverified
identity,candidate_token,total_attempt,declared,tinyInteger(1),False,False,False,console/migrations/m250130_115508_2step_auth.php:78,,identity.CandidateToken.total_attempt,ExcludedCredential,DROP; synthetic auth only,PROPOSED; runtime schema and semantic acceptance unverified
profile,candidate_video_log,candidate_id,declared,integer(11),False,False,False,console/migrations/m201105_122925_video_log.php:21,common/models/CandidateVideoLog.php:15,profile.CandidateVideoLog.candidate_id,SourceRef,namespace by system/table; exact join; no email matching,PROPOSED; runtime schema and semantic acceptance unverified
profile,candidate_video_log,created_at,declared,datetime(),True,False,False,console/migrations/m201105_122925_video_log.php:21,common/models/CandidateVideoLog.php:17,profile.CandidateVideoLog.created_at,TemporalValue,preserve source unit/zone; zero/ambiguous value HOLD; see time overrides,PROPOSED; runtime schema and semantic acceptance unverified
profile,candidate_video_log,ip_address,declared,string(45),False,False,False,console/migrations/m201105_122925_video_log.php:21,common/models/CandidateVideoLog.php:16,profile.CandidateVideoLog.ip_address,SensitiveText,replace; never copy free text or destination; no identity joins,PROPOSED; runtime schema and semantic acceptance unverified
profile,candidate_video_log,video_log_uuid,declared,char(60),False,False,False,console/migrations/m201105_122925_video_log.php:21,common/models/CandidateVideoLog.php:14,profile.CandidateVideoLog.video_log_uuid,SourceRef,namespace by system/table; exact join; no email matching,PROPOSED; runtime schema and semantic acceptance unverified
profile,candidate_warning,candidate_id,declared,literal-or-annotation:int,False,False,False,console/migrations/m230606_130436_warning.php:21,common/models/CandidateWarning.php:13,profile.CandidateWarning.candidate_id,SourceRef,namespace by system/table; exact join; no email matching,PROPOSED; runtime schema and semantic acceptance unverified
profile,candidate_warning,created_at,declared,dateTime(),False,False,False,console/migrations/m230606_130436_warning.php:21,common/models/CandidateWarning.php:18,profile.CandidateWarning.created_at,TemporalValue,preserve source unit/zone; zero/ambiguous value HOLD; see time overrides,PROPOSED; runtime schema and semantic acceptance unverified
profile,candidate_warning,created_by,declared,integer(11),False,False,False,console/migrations/m230606_130436_warning.php:21,common/models/CandidateWarning.php:16,profile.CandidateWarning.created_by,ExactInteger,synthetic bounded values; range and null checks,PROPOSED; runtime schema and semantic acceptance unverified
profile,candidate_warning,message,declared,text(),True,False,False,console/migrations/m230606_130436_warning.php:21,common/models/CandidateWarning.php:15,profile.CandidateWarning.message,SensitiveText,replace; never copy free text or destination; no identity joins,PROPOSED; runtime schema and semantic acceptance unverified
profile,candidate_warning,title,declared,string(100),False,False,False,console/migrations/m230606_130436_warning.php:21,common/models/CandidateWarning.php:14,profile.CandidateWarning.title,SourceText,synthetic replacement; semantic review before import,PROPOSED; runtime schema and semantic acceptance unverified
profile,candidate_warning,updated_at,declared,dateTime(),False,False,False,console/migrations/m230606_130436_warning.php:21,common/models/CandidateWarning.php:19,profile.CandidateWarning.updated_at,TemporalValue,preserve source unit/zone; zero/ambiguous value HOLD; see time overrides,PROPOSED; runtime schema and semantic acceptance unverified
profile,candidate_warning,updated_by,declared,integer(11),False,False,False,console/migrations/m230606_130436_warning.php:21,common/models/CandidateWarning.php:17,profile.CandidateWarning.updated_by,ExactInteger,synthetic bounded values; range and null checks,PROPOSED; runtime schema and semantic acceptance unverified
profile,candidate_warning,warning_id,declared,primaryKey(),False,True,False,console/migrations/m230606_130436_warning.php:21,common/models/CandidateWarning.php:12,profile.CandidateWarning.warning_id,SourceRef,namespace by system/table; exact join; no email matching,PROPOSED; runtime schema and semantic acceptance unverified
work,candidate_work_history,candidate_hourly_rate,declared,"decimal(12, 3)",False,False,False,console/migrations/m170802_110624_candidate_work_history.php:14,common/models/CandidateWorkHistory.php:21,work.CandidateWorkHistory.candidate_hourly_rate,MoneyDecimal,exact rate/amount with explicit currency and effective period,PROPOSED; runtime schema and semantic acceptance unverified
work,candidate_work_history,candidate_id,declared,integer(11),False,False,False,console/migrations/m170802_110624_candidate_work_history.php:14,common/models/CandidateWorkHistory.php:13,work.CandidateWorkHistory.candidate_id,SourceRef,namespace by system/table; exact join; no email matching,PROPOSED; runtime schema and semantic acceptance unverified
work,candidate_work_history,company_hourly_rate,declared,"decimal(12,3)",False,False,False,console/migrations/m240507_065056_hourly.php:15,common/models/CandidateWorkHistory.php:22,work.CandidateWorkHistory.company_hourly_rate,MoneyDecimal,exact rate/amount with explicit currency and effective period,PROPOSED; runtime schema and semantic acceptance unverified
work,candidate_work_history,company_id,declared,integer(11),False,False,False,console/migrations/m201208_080317_work_history_table.php:15,common/models/CandidateWorkHistory.php:16,work.CandidateWorkHistory.company_id,SourceRef,namespace by system/table; exact join; no email matching,PROPOSED; runtime schema and semantic acceptance unverified
work,candidate_work_history,contract_uuid,declared,char(60),False,False,False,console/migrations/m241029_193106_contract.php:171,common/models/CandidateWorkHistory.php:14,work.CandidateWorkHistory.contract_uuid,SourceRef,namespace by system/table; exact join; no email matching,PROPOSED; runtime schema and semantic acceptance unverified
work,candidate_work_history,deleted,declared,boolean(),False,False,False,console/migrations/m241106_085939_history.php:22,,work.CandidateWorkHistory.deleted,SourceEnum,explicit per-domain mapping; unknown value HOLD; never grants,PROPOSED; runtime schema and semantic acceptance unverified
work,candidate_work_history,end_date,declared,date(),False,False,False,console/migrations/m170802_110624_candidate_work_history.php:14,common/models/CandidateWorkHistory.php:20,work.CandidateWorkHistory.end_date,LocalDate,preserve relative dates with coherent synthetic calendar; invalid date HOLD,PROPOSED; runtime schema and semantic acceptance unverified
work,candidate_work_history,id,declared,primaryKey(),False,True,False,console/migrations/m170802_110624_candidate_work_history.php:14,common/models/CandidateWorkHistory.php:12,work.CandidateWorkHistory.id,SourceRef,namespace by system/table; exact join; no email matching,PROPOSED; runtime schema and semantic acceptance unverified
work,candidate_work_history,parent_company_id,declared,integer(11),False,False,False,console/migrations/m201208_080317_work_history_table.php:16,common/models/CandidateWorkHistory.php:17,work.CandidateWorkHistory.parent_company_id,SourceRef,namespace by system/table; exact join; no email matching,PROPOSED; runtime schema and semantic acceptance unverified
work,candidate_work_history,staff_id,declared,integer(1),False,False,False,console/migrations/m220729_055851_work_history_changes.php:15,common/models/CandidateWorkHistory.php:18,work.CandidateWorkHistory.staff_id,SourceRef,namespace by system/table; exact join; no email matching,PROPOSED; runtime schema and semantic acceptance unverified
work,candidate_work_history,start_date,declared,date(),False,False,False,console/migrations/m170802_110624_candidate_work_history.php:14,common/models/CandidateWorkHistory.php:19,work.CandidateWorkHistory.start_date,LocalDate,preserve relative dates with coherent synthetic calendar; invalid date HOLD,PROPOSED; runtime schema and semantic acceptance unverified
work,candidate_work_history,store_id,declared,integer(11),False,False,False,console/migrations/m170802_110624_candidate_work_history.php:14,common/models/CandidateWorkHistory.php:15,work.CandidateWorkHistory.store_id,SourceRef,namespace by system/table; exact join; no email matching,PROPOSED; runtime schema and semantic acceptance unverified
work,candidate_work_history,transfer_cost,declared,"decimal(12,3)",False,False,False,console/migrations/m240812_080436_transfer_rate.php:57,common/models/CandidateWorkHistory.php:23,work.CandidateWorkHistory.transfer_cost,ExactDecimal,synthetic balanced amounts; currency/scale validation; counter overrides apply,PROPOSED; runtime schema and semantic acceptance unverified
work,candidate_work_log_feedback,candidate_id,declared,integer(11),True,False,False,console/migrations/m240618_144001_candidate_work_log.php:21,common/models/CandidateWorkLogFeedback.php:15,work.CandidateWorkLogFeedback.candidate_id,SourceRef,namespace by system/table; exact join; no email matching,PROPOSED; runtime schema and semantic acceptance unverified
work,candidate_work_log_feedback,candidate_working_hour_uuid,declared,char(60),False,False,False,console/migrations/m241023_091738_timer.php:17,common/models/CandidateWorkLogFeedback.php:19,work.CandidateWorkLogFeedback.candidate_working_hour_uuid,SourceRef,namespace by system/table; exact join; no email matching,PROPOSED; runtime schema and semantic acceptance unverified
work,candidate_work_log_feedback,company_id,declared,integer(11),True,False,False,console/migrations/m240618_144001_candidate_work_log.php:21,common/models/CandidateWorkLogFeedback.php:17,work.CandidateWorkLogFeedback.company_id,SourceRef,namespace by system/table; exact join; no email matching,PROPOSED; runtime schema and semantic acceptance unverified
work,candidate_work_log_feedback,created_at,declared,dateTime(),False,False,False,console/migrations/m240618_144001_candidate_work_log.php:21,common/models/CandidateWorkLogFeedback.php:26,work.CandidateWorkLogFeedback.created_at,TemporalValue,preserve source unit/zone; zero/ambiguous value HOLD; see time overrides,PROPOSED; runtime schema and semantic acceptance unverified
work,candidate_work_log_feedback,created_by,declared,char(60),False,False,False,console/migrations/m241027_101214_notification.php:15,common/models/CandidateWorkLogFeedback.php:25,work.CandidateWorkLogFeedback.created_by,SourceText,synthetic replacement; semantic review before import,PROPOSED; runtime schema and semantic acceptance unverified
work,candidate_work_log_feedback,cwlf_uuid,declared,char(60),False,False,False,console/migrations/m240618_144001_candidate_work_log.php:21,common/models/CandidateWorkLogFeedback.php:14,work.CandidateWorkLogFeedback.cwlf_uuid,SourceRef,namespace by system/table; exact join; no email matching,PROPOSED; runtime schema and semantic acceptance unverified
work,candidate_work_log_feedback,date,declared,date(),True,False,False,console/migrations/m240618_144001_candidate_work_log.php:21,common/models/CandidateWorkLogFeedback.php:18,work.CandidateWorkLogFeedback.date,LocalDate,preserve relative dates with coherent synthetic calendar; invalid date HOLD,PROPOSED; runtime schema and semantic acceptance unverified
work,candidate_work_log_feedback,is_public,declared,boolean(),False,False,False,console/migrations/m240618_144001_candidate_work_log.php:21,common/models/CandidateWorkLogFeedback.php:23,work.CandidateWorkLogFeedback.is_public,SourceEnum,explicit per-domain mapping; unknown value HOLD; never grants,PROPOSED; runtime schema and semantic acceptance unverified
work,candidate_work_log_feedback,note,declared,text(),False,False,False,console/migrations/m240618_144001_candidate_work_log.php:21,common/models/CandidateWorkLogFeedback.php:21,work.CandidateWorkLogFeedback.note,SensitiveText,replace; never copy free text or destination; no identity joins,PROPOSED; runtime schema and semantic acceptance unverified
work,candidate_work_log_feedback,rating,declared,tinyInteger(1),False,False,False,console/migrations/m240618_144001_candidate_work_log.php:21,common/models/CandidateWorkLogFeedback.php:24,work.CandidateWorkLogFeedback.rating,ExactInteger,synthetic bounded values; range and null checks,PROPOSED; runtime schema and semantic acceptance unverified
work,candidate_work_log_feedback,reason,declared,string(),False,False,False,console/migrations/m240618_144001_candidate_work_log.php:21,common/models/CandidateWorkLogFeedback.php:22,work.CandidateWorkLogFeedback.reason,SourceText,synthetic replacement; semantic review before import,PROPOSED; runtime schema and semantic acceptance unverified
work,candidate_work_log_feedback,status,declared,smallInteger(1),False,False,False,console/migrations/m240618_144001_candidate_work_log.php:21,common/models/CandidateWorkLogFeedback.php:20,work.CandidateWorkLogFeedback.status,SourceEnum,explicit per-domain mapping; unknown value HOLD; never grants,PROPOSED; runtime schema and semantic acceptance unverified
work,candidate_work_log_feedback,store_id,declared,integer(11),True,False,False,console/migrations/m240618_144001_candidate_work_log.php:21,common/models/CandidateWorkLogFeedback.php:16,work.CandidateWorkLogFeedback.store_id,SourceRef,namespace by system/table; exact join; no email matching,PROPOSED; runtime schema and semantic acceptance unverified
work,candidate_work_log_feedback,updated_at,declared,dateTime(),False,False,False,console/migrations/m240618_144001_candidate_work_log.php:21,common/models/CandidateWorkLogFeedback.php:27,work.CandidateWorkLogFeedback.updated_at,TemporalValue,preserve source unit/zone; zero/ambiguous value HOLD; see time overrides,PROPOSED; runtime schema and semantic acceptance unverified
work,candidate_working_date,candidate_id,declared,integer(11),True,False,False,console/migrations/m240620_143332_candidate_working_date.php:24,common/models/CandidateWorkingDate.php:15,work.CandidateWorkingDate.candidate_id,SourceRef,namespace by system/table; exact join; no email matching,PROPOSED; runtime schema and semantic acceptance unverified
work,candidate_working_date,company_id,declared,integer(11),True,False,False,console/migrations/m240620_143332_candidate_working_date.php:24,common/models/CandidateWorkingDate.php:17,work.CandidateWorkingDate.company_id,SourceRef,namespace by system/table; exact join; no email matching,PROPOSED; runtime schema and semantic acceptance unverified
work,candidate_working_date,created_at,declared,dateTime(),False,False,False,console/migrations/m240620_143332_candidate_working_date.php:24,common/models/CandidateWorkingDate.php:26,work.CandidateWorkingDate.created_at,TemporalValue,preserve source unit/zone; zero/ambiguous value HOLD; see time overrides,PROPOSED; runtime schema and semantic acceptance unverified
work,candidate_working_date,cwd_uuid,declared,char(60),False,False,False,console/migrations/m240620_143332_candidate_working_date.php:24,common/models/CandidateWorkingDate.php:14,work.CandidateWorkingDate.cwd_uuid,SourceRef,namespace by system/table; exact join; no email matching,PROPOSED; runtime schema and semantic acceptance unverified
work,candidate_working_date,date,declared,date(),True,False,False,console/migrations/m240620_143332_candidate_working_date.php:24,common/models/CandidateWorkingDate.php:18,work.CandidateWorkingDate.date,LocalDate,preserve relative dates with coherent synthetic calendar; invalid date HOLD,PROPOSED; runtime schema and semantic acceptance unverified
work,candidate_working_date,end_time,declared,datetime(),False,False,False,console/migrations/m240620_143332_candidate_working_date.php:24,common/models/CandidateWorkingDate.php:20,work.CandidateWorkingDate.end_time,TemporalValue,preserve source unit/zone; zero/ambiguous value HOLD; see time overrides,PROPOSED; runtime schema and semantic acceptance unverified
work,candidate_working_date,start_time,declared,datetime(),True,False,False,console/migrations/m240620_143332_candidate_working_date.php:24,common/models/CandidateWorkingDate.php:19,work.CandidateWorkingDate.start_time,TemporalValue,preserve source unit/zone; zero/ambiguous value HOLD; see time overrides,PROPOSED; runtime schema and semantic acceptance unverified
work,candidate_working_date,status,declared,smallInteger(1),False,False,False,console/migrations/m240620_143332_candidate_working_date.php:24,common/models/CandidateWorkingDate.php:22,work.CandidateWorkingDate.status,SourceEnum,explicit per-domain mapping; unknown value HOLD; never grants,PROPOSED; runtime schema and semantic acceptance unverified
work,candidate_working_date,store_id,declared,integer(11),True,False,False,console/migrations/m240620_143332_candidate_working_date.php:24,common/models/CandidateWorkingDate.php:16,work.CandidateWorkingDate.store_id,SourceRef,namespace by system/table; exact join; no email matching,PROPOSED; runtime schema and semantic acceptance unverified
work,candidate_working_date,total_approved,declared,integer(11),False,False,False,console/migrations/m241104_083742_hotfix.php:24,common/models/CandidateWorkingDate.php:23,work.CandidateWorkingDate.total_approved,DurationSeconds,integer seconds; preserve null/open; recompute aggregates separately,PROPOSED; runtime schema and semantic acceptance unverified
work,candidate_working_date,total_pending,declared,integer(11),False,False,False,console/migrations/m241104_083742_hotfix.php:26,common/models/CandidateWorkingDate.php:25,work.CandidateWorkingDate.total_pending,DurationSeconds,integer seconds; preserve null/open; recompute aggregates separately,PROPOSED; runtime schema and semantic acceptance unverified
work,candidate_working_date,total_rejected,declared,integer(11),False,False,False,console/migrations/m241104_083742_hotfix.php:25,common/models/CandidateWorkingDate.php:24,work.CandidateWorkingDate.total_rejected,DurationSeconds,integer seconds; preserve null/open; recompute aggregates separately,PROPOSED; runtime schema and semantic acceptance unverified
work,candidate_working_date,total_time,declared,integer(11),False,False,False,console/migrations/m240620_143332_candidate_working_date.php:24,common/models/CandidateWorkingDate.php:21,work.CandidateWorkingDate.total_time,DurationSeconds,integer seconds; preserve null/open; recompute aggregates separately,PROPOSED; runtime schema and semantic acceptance unverified
work,candidate_working_date,updated_at,declared,dateTime(),False,False,False,console/migrations/m240620_143332_candidate_working_date.php:24,common/models/CandidateWorkingDate.php:27,work.CandidateWorkingDate.updated_at,TemporalValue,preserve source unit/zone; zero/ambiguous value HOLD; see time overrides,PROPOSED; runtime schema and semantic acceptance unverified
work,candidate_working_hour,appeal_uuid,declared,char(60),False,False,False,console/migrations/m241223_083804_appeal.php:101,,work.CandidateWorkingHour.appeal_uuid,SourceRef,namespace by system/table; exact join; no email matching,PROPOSED; runtime schema and semantic acceptance unverified
work,candidate_working_hour,candidate_id,declared,integer(11),False,False,False,console/migrations/m220919_094549_time_tracker_table.php:21,common/models/CandidateWorkingHour.php:17,work.CandidateWorkingHour.candidate_id,SourceRef,namespace by system/table; exact join; no email matching,PROPOSED; runtime schema and semantic acceptance unverified
work,candidate_working_hour,candidate_working_hour_uuid,declared,char(60),False,False,False,console/migrations/m220919_094549_time_tracker_table.php:21,common/models/CandidateWorkingHour.php:16,work.CandidateWorkingHour.candidate_working_hour_uuid,SourceRef,namespace by system/table; exact join; no email matching,PROPOSED; runtime schema and semantic acceptance unverified
work,candidate_working_hour,created_at,declared,dateTime(),False,False,False,console/migrations/m220919_094549_time_tracker_table.php:21,common/models/CandidateWorkingHour.php:31,work.CandidateWorkingHour.created_at,TemporalValue,preserve source unit/zone; zero/ambiguous value HOLD; see time overrides,PROPOSED; runtime schema and semantic acceptance unverified
work,candidate_working_hour,cwlf_uuid,declared,char(60),False,False,False,console/migrations/m241224_173648_hour_to_feedback.php:28,common/models/CandidateWorkingHour.php:30,work.CandidateWorkingHour.cwlf_uuid,SourceRef,namespace by system/table; exact join; no email matching,PROPOSED; runtime schema and semantic acceptance unverified
work,candidate_working_hour,date,declared,date(),False,False,False,console/migrations/m220919_094549_time_tracker_table.php:21,common/models/CandidateWorkingHour.php:19,work.CandidateWorkingHour.date,LocalDate,preserve relative dates with coherent synthetic calendar; invalid date HOLD,PROPOSED; runtime schema and semantic acceptance unverified
work,candidate_working_hour,end_location_lat,declared,"decimal(10, 8)",False,False,False,console/migrations/m220919_094549_time_tracker_table.php:21,common/models/CandidateWorkingHour.php:25,work.CandidateWorkingHour.end_location_lat,Coordinate,synthetic coordinates; preserve paired start/end and valid/missing classes,PROPOSED; runtime schema and semantic acceptance unverified
work,candidate_working_hour,end_location_long,declared,"decimal(11, 8)",False,False,False,console/migrations/m220919_094549_time_tracker_table.php:21,common/models/CandidateWorkingHour.php:26,work.CandidateWorkingHour.end_location_long,Coordinate,synthetic coordinates; preserve paired start/end and valid/missing classes,PROPOSED; runtime schema and semantic acceptance unverified
work,candidate_working_hour,end_time,declared,dateTime(),False,False,False,console/migrations/m221130_112329_candidate_working_hour_update_time.php:16,common/models/CandidateWorkingHour.php:21,work.CandidateWorkingHour.end_time,TemporalValue,preserve source unit/zone; zero/ambiguous value HOLD; see time overrides,PROPOSED; runtime schema and semantic acceptance unverified
work,candidate_working_hour,note,declared,text(),False,False,False,console/migrations/m240616_092450_session_status.php:15,common/models/CandidateWorkingHour.php:27,work.CandidateWorkingHour.note,SensitiveText,replace; never copy free text or destination; no identity joins,PROPOSED; runtime schema and semantic acceptance unverified
work,candidate_working_hour,start_location_lat,declared,"decimal(10, 8)",False,False,False,console/migrations/m220919_094549_time_tracker_table.php:21,common/models/CandidateWorkingHour.php:23,work.CandidateWorkingHour.start_location_lat,Coordinate,synthetic coordinates; preserve paired start/end and valid/missing classes,PROPOSED; runtime schema and semantic acceptance unverified
work,candidate_working_hour,start_location_long,declared,"decimal(11, 8)",False,False,False,console/migrations/m220919_094549_time_tracker_table.php:21,common/models/CandidateWorkingHour.php:24,work.CandidateWorkingHour.start_location_long,Coordinate,synthetic coordinates; preserve paired start/end and valid/missing classes,PROPOSED; runtime schema and semantic acceptance unverified
work,candidate_working_hour,start_time,declared,dateTime(),False,False,False,console/migrations/m221130_112329_candidate_working_hour_update_time.php:15,common/models/CandidateWorkingHour.php:20,work.CandidateWorkingHour.start_time,TemporalValue,preserve source unit/zone; zero/ambiguous value HOLD; see time overrides,PROPOSED; runtime schema and semantic acceptance unverified
work,candidate_working_hour,status,declared,smallInteger(1),False,False,False,console/migrations/m240616_092450_session_status.php:16,common/models/CandidateWorkingHour.php:28,work.CandidateWorkingHour.status,SourceEnum,explicit per-domain mapping; unknown value HOLD; never grants,PROPOSED; runtime schema and semantic acceptance unverified
work,candidate_working_hour,store_id,declared,integer(11),False,False,False,console/migrations/m220919_094549_time_tracker_table.php:21,common/models/CandidateWorkingHour.php:18,work.CandidateWorkingHour.store_id,SourceRef,namespace by system/table; exact join; no email matching,PROPOSED; runtime schema and semantic acceptance unverified
work,candidate_working_hour,total_time,declared,integer(11),False,False,False,console/migrations/m220919_094549_time_tracker_table.php:21,common/models/CandidateWorkingHour.php:22,work.CandidateWorkingHour.total_time,DurationSeconds,integer seconds; preserve null/open; recompute aggregates separately,PROPOSED; runtime schema and semantic acceptance unverified
work,candidate_working_hour,updated_at,declared,dateTime(),False,False,False,console/migrations/m220919_094549_time_tracker_table.php:21,common/models/CandidateWorkingHour.php:32,work.CandidateWorkingHour.updated_at,TemporalValue,preserve source unit/zone; zero/ambiguous value HOLD; see time overrides,PROPOSED; runtime schema and semantic acceptance unverified
work,candidate_working_hour,via,declared,string(),False,False,False,console/migrations/m241023_091738_timer.php:15,common/models/CandidateWorkingHour.php:29,work.CandidateWorkingHour.via,SourceEnum,explicit per-domain mapping; unknown value HOLD; never grants,PROPOSED; runtime schema and semantic acceptance unverified
work,candidate_working_hour_appeal,appeal_uuid,declared,char(60),False,False,False,console/migrations/m241223_083804_appeal.php:23,common/models/CandidateWorkingHourAppeal.php:13,work.CandidateWorkingHourAppeal.appeal_uuid,SourceRef,namespace by system/table; exact join; no email matching,PROPOSED; runtime schema and semantic acceptance unverified
work,candidate_working_hour_appeal,candidate_id,declared,integer(11),True,False,False,console/migrations/m241223_083804_appeal.php:23,common/models/CandidateWorkingHourAppeal.php:15,work.CandidateWorkingHourAppeal.candidate_id,SourceRef,namespace by system/table; exact join; no email matching,PROPOSED; runtime schema and semantic acceptance unverified
work,candidate_working_hour_appeal,candidate_working_hour_uuid,declared,char(60),True,False,False,console/migrations/m241223_083804_appeal.php:23,common/models/CandidateWorkingHourAppeal.php:14,work.CandidateWorkingHourAppeal.candidate_working_hour_uuid,SourceRef,namespace by system/table; exact join; no email matching,PROPOSED; runtime schema and semantic acceptance unverified
work,candidate_working_hour_appeal,created_at,declared,dateTime(),False,False,False,console/migrations/m241223_083804_appeal.php:23,common/models/CandidateWorkingHourAppeal.php:18,work.CandidateWorkingHourAppeal.created_at,TemporalValue,preserve source unit/zone; zero/ambiguous value HOLD; see time overrides,PROPOSED; runtime schema and semantic acceptance unverified
work,candidate_working_hour_appeal,reason,declared,text(),False,False,False,console/migrations/m241223_083804_appeal.php:23,common/models/CandidateWorkingHourAppeal.php:16,work.CandidateWorkingHourAppeal.reason,SourceText,synthetic replacement; semantic review before import,PROPOSED; runtime schema and semantic acceptance unverified
work,candidate_working_hour_appeal,status,declared,tinyInteger(2),True,False,False,console/migrations/m241223_083804_appeal.php:23,common/models/CandidateWorkingHourAppeal.php:17,work.CandidateWorkingHourAppeal.status,SourceEnum,explicit per-domain mapping; unknown value HOLD; never grants,PROPOSED; runtime schema and semantic acceptance unverified
work,candidate_working_hour_appeal,updated_at,declared,dateTime(),False,False,False,console/migrations/m241223_083804_appeal.php:23,common/models/CandidateWorkingHourAppeal.php:19,work.CandidateWorkingHourAppeal.updated_at,TemporalValue,preserve source unit/zone; zero/ambiguous value HOLD; see time overrides,PROPOSED; runtime schema and semantic acceptance unverified
work,candidate_working_hour_appeal_updates,appeal_update_uuid,declared,char(60),False,False,False,console/migrations/m241223_083804_appeal.php:70,common/models/CandidateWorkingHourAppealUpdates.php:14,work.CandidateWorkingHourAppealUpdates.appeal_update_uuid,SourceRef,namespace by system/table; exact join; no email matching,PROPOSED; runtime schema and semantic acceptance unverified
work,candidate_working_hour_appeal_updates,appeal_uuid,declared,char(60),True,False,False,console/migrations/m241223_083804_appeal.php:70,common/models/CandidateWorkingHourAppealUpdates.php:15,work.CandidateWorkingHourAppealUpdates.appeal_uuid,SourceRef,namespace by system/table; exact join; no email matching,PROPOSED; runtime schema and semantic acceptance unverified
work,candidate_working_hour_appeal_updates,created_at,declared,dateTime(),False,False,False,console/migrations/m241223_083804_appeal.php:70,common/models/CandidateWorkingHourAppealUpdates.php:18,work.CandidateWorkingHourAppealUpdates.created_at,TemporalValue,preserve source unit/zone; zero/ambiguous value HOLD; see time overrides,PROPOSED; runtime schema and semantic acceptance unverified
work,candidate_working_hour_appeal_updates,created_by,declared,integer(11),False,False,False,console/migrations/m241224_173648_hour_to_feedback.php:22,common/models/CandidateWorkingHourAppealUpdates.php:20,work.CandidateWorkingHourAppealUpdates.created_by,ExactInteger,synthetic bounded values; range and null checks,PROPOSED; runtime schema and semantic acceptance unverified
work,candidate_working_hour_appeal_updates,detail,declared,text(),False,False,False,console/migrations/m241223_083804_appeal.php:70,common/models/CandidateWorkingHourAppealUpdates.php:17,work.CandidateWorkingHourAppealUpdates.detail,SensitiveText,replace; never copy free text or destination; no identity joins,PROPOSED; runtime schema and semantic acceptance unverified
work,candidate_working_hour_appeal_updates,is_new,declared,boolean(),False,False,False,console/migrations/m241224_173648_hour_to_feedback.php:19,,work.CandidateWorkingHourAppealUpdates.is_new,SourceEnum,explicit per-domain mapping; unknown value HOLD; never grants,PROPOSED; runtime schema and semantic acceptance unverified
work,candidate_working_hour_appeal_updates,update,declared,string(),False,False,False,console/migrations/m241223_083804_appeal.php:70,common/models/CandidateWorkingHourAppealUpdates.php:16,work.CandidateWorkingHourAppealUpdates.update,SourceText,synthetic replacement; semantic review before import,PROPOSED; runtime schema and semantic acceptance unverified
work,candidate_working_hour_appeal_updates,updated_at,declared,dateTime(),False,False,False,console/migrations/m241223_083804_appeal.php:70,common/models/CandidateWorkingHourAppealUpdates.php:19,work.CandidateWorkingHourAppealUpdates.updated_at,TemporalValue,preserve source unit/zone; zero/ambiguous value HOLD; see time overrides,PROPOSED; runtime schema and semantic acceptance unverified
work,candidate_working_hour_appeal_updates,updated_by,declared,integer(11),False,False,False,console/migrations/m241224_173648_hour_to_feedback.php:25,common/models/CandidateWorkingHourAppealUpdates.php:21,work.CandidateWorkingHourAppealUpdates.updated_by,ExactInteger,synthetic bounded values; range and null checks,PROPOSED; runtime schema and semantic acceptance unverified
communication,chat,candidateUnreadCount,annotation-only,literal-or-annotation:int,False,False,False,,common/models/Chat.php:24,communication.Chat.candidateUnreadCount,DerivedValue,recompute from target facts; not an imported scalar,PROPOSED; runtime schema and semantic acceptance unverified
communication,chat,candidate_id,declared,integer(11),True,False,False,console/migrations/m240902_074003_chat.php:23,common/models/Chat.php:14,communication.Chat.candidate_id,SourceRef,namespace by system/table; exact join; no email matching,PROPOSED; runtime schema and semantic acceptance unverified
communication,chat,chat_uuid,declared,char(60),False,False,False,console/migrations/m240902_074003_chat.php:23,common/models/Chat.php:13,communication.Chat.chat_uuid,SourceRef,namespace by system/table; exact join; no email matching,PROPOSED; runtime schema and semantic acceptance unverified
communication,chat,company_id,declared,integer(11),True,False,False,console/migrations/m240902_074003_chat.php:23,common/models/Chat.php:15,communication.Chat.company_id,SourceRef,namespace by system/table; exact join; no email matching,PROPOSED; runtime schema and semantic acceptance unverified
communication,chat,contactUnreadCount,annotation-only,literal-or-annotation:int,False,False,False,,common/models/Chat.php:25,communication.Chat.contactUnreadCount,DerivedValue,recompute from target facts; not an imported scalar,PROPOSED; runtime schema and semantic acceptance unverified
communication,chat,contact_uuid,declared,char(60),False,False,False,console/migrations/m240902_074003_chat.php:23,common/models/Chat.php:18,communication.Chat.contact_uuid,SourceRef,namespace by system/table; exact join; no email matching,PROPOSED; runtime schema and semantic acceptance unverified
communication,chat,created_at,declared,dateTime(),False,False,False,console/migrations/m240902_074003_chat.php:23,common/models/Chat.php:20,communication.Chat.created_at,TemporalValue,preserve source unit/zone; zero/ambiguous value HOLD; see time overrides,PROPOSED; runtime schema and semantic acceptance unverified
communication,chat,parent_company_id,declared,integer(11),False,False,False,console/migrations/m240902_074003_chat.php:23,common/models/Chat.php:16,communication.Chat.parent_company_id,SourceRef,namespace by system/table; exact join; no email matching,PROPOSED; runtime schema and semantic acceptance unverified
communication,chat,staffUnreadCount,annotation-only,literal-or-annotation:int,False,False,False,,common/models/Chat.php:23,communication.Chat.staffUnreadCount,DerivedValue,recompute from target facts; not an imported scalar,PROPOSED; runtime schema and semantic acceptance unverified
communication,chat,staff_id,declared,integer(11),False,False,False,console/migrations/m240902_074003_chat.php:23,common/models/Chat.php:19,communication.Chat.staff_id,SourceRef,namespace by system/table; exact join; no email matching,PROPOSED; runtime schema and semantic acceptance unverified
communication,chat,store_id,declared,integer(11),True,False,False,console/migrations/m240902_074003_chat.php:23,common/models/Chat.php:17,communication.Chat.store_id,SourceRef,namespace by system/table; exact join; no email matching,PROPOSED; runtime schema and semantic acceptance unverified
communication,chat,updated_at,declared,dateTime(),False,False,False,console/migrations/m240902_074003_chat.php:23,common/models/Chat.php:21,communication.Chat.updated_at,TemporalValue,preserve source unit/zone; zero/ambiguous value HOLD; see time overrides,PROPOSED; runtime schema and semantic acceptance unverified
communication,chat_message,chat_message_uuid,declared,char(60),False,False,False,console/migrations/m240902_074003_chat.php:105,common/models/ChatMessage.php:13,communication.ChatMessage.chat_message_uuid,SourceRef,namespace by system/table; exact join; no email matching,PROPOSED; runtime schema and semantic acceptance unverified
communication,chat_message,chat_uuid,declared,char(60),True,False,False,console/migrations/m240902_074003_chat.php:105,common/models/ChatMessage.php:14,communication.ChatMessage.chat_uuid,SourceRef,namespace by system/table; exact join; no email matching,PROPOSED; runtime schema and semantic acceptance unverified
communication,chat_message,created_at,declared,dateTime(),False,False,False,console/migrations/m240902_074003_chat.php:105,common/models/ChatMessage.php:19,communication.ChatMessage.created_at,TemporalValue,preserve source unit/zone; zero/ambiguous value HOLD; see time overrides,PROPOSED; runtime schema and semantic acceptance unverified
communication,chat_message,from,declared,literal-or-annotation:string,False,False,False,console/migrations/m240902_074003_chat.php:105,common/models/ChatMessage.php:16,communication.ChatMessage.from,SensitiveText,replace; never copy free text or destination; no identity joins,PROPOSED; runtime schema and semantic acceptance unverified
communication,chat_message,message,declared,text(),True,False,False,console/migrations/m240902_074003_chat.php:105,common/models/ChatMessage.php:17,communication.ChatMessage.message,SensitiveText,replace; never copy free text or destination; no identity joins,PROPOSED; runtime schema and semantic acceptance unverified
communication,chat_message,message_index,declared,integer(11),False,False,False,console/migrations/m240902_074003_chat.php:105,common/models/ChatMessage.php:15,communication.ChatMessage.message_index,SensitiveText,replace; never copy free text or destination; no identity joins,PROPOSED; runtime schema and semantic acceptance unverified
communication,chat_message,status,declared,tinyInteger(1),False,False,False,console/migrations/m240902_074003_chat.php:105,common/models/ChatMessage.php:18,communication.ChatMessage.status,SourceEnum,explicit per-domain mapping; unknown value HOLD; never grants,PROPOSED; runtime schema and semantic acceptance unverified
communication,chat_message,updated_at,declared,dateTime(),False,False,False,console/migrations/m240902_074003_chat.php:105,common/models/ChatMessage.php:20,communication.ChatMessage.updated_at,TemporalValue,preserve source unit/zone; zero/ambiguous value HOLD; see time overrides,PROPOSED; runtime schema and semantic acceptance unverified
organizations,company,commercial_licence,declared,string(),False,False,False,console/migrations/m230716_133827_request.php:17,common/models/Company.php:24,organizations.Company.commercial_licence,DocumentReference,substitute bytes; private owner/type/version; unsupported type HOLD,PROPOSED; runtime schema and semantic acceptance unverified
organizations,company,company_approved_to_hire,declared,literal-or-annotation:boolean,False,False,False,console/migrations/m210407_101504_approve_to_hire.php:15,common/models/Company.php:36,organizations.Company.company_approved_to_hire,SourceEnum,explicit per-domain mapping; unknown value HOLD; never grants,PROPOSED; runtime schema and semantic acceptance unverified
organizations,company,company_bonus_commission,declared,"decimal(6, 3)",False,False,False,console/migrations/m171107_071516_company_hourly_rate.php:15,common/models/Company.php:27,organizations.Company.company_bonus_commission,ExactDecimal,synthetic balanced amounts; currency/scale validation; counter overrides apply,PROPOSED; runtime schema and semantic acceptance unverified
organizations,company,company_common_name_ar,declared,string(255),False,False,False,console/migrations/m200818_101859_update_company_table.php:16,common/models/Company.php:19,organizations.Company.company_common_name_ar,SensitiveText,replace; never copy free text or destination; no identity joins,PROPOSED; runtime schema and semantic acceptance unverified
organizations,company,company_common_name_en,declared,string(255),False,False,False,console/migrations/m200818_101859_update_company_table.php:15,common/models/Company.php:18,organizations.Company.company_common_name_en,SensitiveText,replace; never copy free text or destination; no identity joins,PROPOSED; runtime schema and semantic acceptance unverified
organizations,company,company_created_at,declared,datetime(),True,False,False,console/migrations/m130524_201442_init.php:45,common/models/Company.php:39,organizations.Company.company_created_at,TemporalValue,preserve source unit/zone; zero/ambiguous value HOLD; see time overrides,PROPOSED; runtime schema and semantic acceptance unverified
organizations,company,company_description_ar,declared,text(),False,False,False,console/migrations/m200818_101859_update_company_table.php:19,common/models/Company.php:21,organizations.Company.company_description_ar,SensitiveText,replace; never copy free text or destination; no identity joins,PROPOSED; runtime schema and semantic acceptance unverified
organizations,company,company_description_en,declared,text(),False,False,False,console/migrations/m200818_101859_update_company_table.php:18,common/models/Company.php:20,organizations.Company.company_description_en,SensitiveText,replace; never copy free text or destination; no identity joins,PROPOSED; runtime schema and semantic acceptance unverified
organizations,company,company_email,declared,string(225),False,False,False,console/migrations/m170509_074014_company_email_field_alter.php:9,common/models/Company.php:25,organizations.Company.company_email,SensitiveText,replace; never copy free text or destination; no identity joins,PROPOSED; runtime schema and semantic acceptance unverified
organizations,company,company_followup,declared,boolean(),False,False,False,console/migrations/m200821_114940_followup.php:15,common/models/Company.php:29,organizations.Company.company_followup,ExactInteger,synthetic bounded values; range and null checks,PROPOSED; runtime schema and semantic acceptance unverified
organizations,company,company_followup_interval_weeks,declared,smallInteger(),False,False,False,console/migrations/m200821_130724_followup_interval.php:15,common/models/Company.php:33,organizations.Company.company_followup_interval_weeks,ExactInteger,synthetic bounded values; range and null checks,PROPOSED; runtime schema and semantic acceptance unverified
organizations,company,company_hourly_rate,declared,"decimal(10, 3)",False,False,False,console/migrations/m171107_071516_company_hourly_rate.php:9,common/models/Company.php:26,organizations.Company.company_hourly_rate,MoneyDecimal,exact rate/amount with explicit currency and effective period,PROPOSED; runtime schema and semantic acceptance unverified
organizations,company,company_id,declared,primaryKey(),False,True,False,console/migrations/m130524_201442_init.php:45,common/models/Company.php:13,organizations.Company.company_id,SourceRef,namespace by system/table; exact join; no email matching,PROPOSED; runtime schema and semantic acceptance unverified
organizations,company,company_last_followup_datetime,declared,datetime(),False,False,False,console/migrations/m200821_123604_last_follow.php:15,common/models/Company.php:34,organizations.Company.company_last_followup_datetime,TemporalValue,preserve source unit/zone; zero/ambiguous value HOLD; see time overrides,PROPOSED; runtime schema and semantic acceptance unverified
organizations,company,company_logo,declared,string(),False,False,False,console/migrations/m200819_053927_company_logo.php:15,common/models/Company.php:23,organizations.Company.company_logo,DocumentReference,substitute bytes; private owner/type/version; unsupported type HOLD,PROPOSED; runtime schema and semantic acceptance unverified
organizations,company,company_name,declared,string(),True,False,False,console/migrations/m130524_201442_init.php:45,common/models/Company.php:17,organizations.Company.company_name,SensitiveText,replace; never copy free text or destination; no identity joins,PROPOSED; runtime schema and semantic acceptance unverified
organizations,company,company_next_followup_datetime,declared,dateTime(),False,False,False,console/migrations/m230822_091618_sql_optimize.php:15,common/models/Company.php:35,organizations.Company.company_next_followup_datetime,TemporalValue,preserve source unit/zone; zero/ambiguous value HOLD; see time overrides,PROPOSED; runtime schema and semantic acceptance unverified
organizations,company,company_status,annotation-only,literal-or-annotation:integer,False,False,False,,common/models/Company.php:37,organizations.Company.company_status,DerivedValue,recompute from target facts; not an imported scalar,PROPOSED; runtime schema and semantic acceptance unverified
organizations,company,company_status_override,declared,literal-or-annotation:integer,False,False,False,console/migrations/m211217_071326_status.php:15,common/models/Company.php:38,organizations.Company.company_status_override,SourceEnum,explicit per-domain mapping; unknown value HOLD; never grants,PROPOSED; runtime schema and semantic acceptance unverified
organizations,company,company_updated_at,declared,datetime(),True,False,False,console/migrations/m130524_201442_init.php:45,common/models/Company.php:40,organizations.Company.company_updated_at,TemporalValue,preserve source unit/zone; zero/ambiguous value HOLD; see time overrides,PROPOSED; runtime schema and semantic acceptance unverified
organizations,company,company_website,declared,text(),False,False,False,console/migrations/m200818_101859_update_company_table.php:21,common/models/Company.php:22,organizations.Company.company_website,SensitiveText,replace; never copy free text or destination; no identity joins,PROPOSED; runtime schema and semantic acceptance unverified
organizations,company,country_id,declared,integer(11),False,False,False,console/migrations/m240214_084103_multi_currency.php:210,common/models/Company.php:16,organizations.Company.country_id,SourceRef,namespace by system/table; exact join; no email matching,PROPOSED; runtime schema and semantic acceptance unverified
organizations,company,currency_code,declared,char(3),False,False,False,console/migrations/m240214_084103_multi_currency.php:218,common/models/Company.php:28,organizations.Company.currency_code,SourceRef,namespace by system/table; exact join; no email matching,PROPOSED; runtime schema and semantic acceptance unverified
organizations,company,deleted,declared,smallInteger(1),True,False,False,console/migrations/m170619_070654_soft_delete_pending_tables.php:12,common/models/Company.php:43,organizations.Company.deleted,SourceEnum,explicit per-domain mapping; unknown value HOLD; never grants,PROPOSED; runtime schema and semantic acceptance unverified
organizations,company,is_request_updates_in_30_days,declared,tinyInteger(1),False,False,False,console/migrations/m201123_100605_remove_company_status_field.php:18,common/models/Company.php:32,organizations.Company.is_request_updates_in_30_days,SourceEnum,explicit per-domain mapping; unknown value HOLD; never grants,PROPOSED; runtime schema and semantic acceptance unverified
organizations,company,last_payment_datetime,declared,dateTime(),False,False,False,console/migrations/m231221_111000_company.php:15,common/models/Company.php:41,organizations.Company.last_payment_datetime,TemporalValue,preserve source unit/zone; zero/ambiguous value HOLD; see time overrides,PROPOSED; runtime schema and semantic acceptance unverified
organizations,company,last_request_datetime,declared,dateTime(),False,False,False,console/migrations/m231221_111000_company.php:16,common/models/Company.php:42,organizations.Company.last_request_datetime,TemporalValue,preserve source unit/zone; zero/ambiguous value HOLD; see time overrides,PROPOSED; runtime schema and semantic acceptance unverified
organizations,company,no_of_active_requests,declared,integer(),False,False,False,console/migrations/m201123_100605_remove_company_status_field.php:17,common/models/Company.php:31,organizations.Company.no_of_active_requests,DerivedCount,recompute from imported canonical rows; compare to source separately,PROPOSED; runtime schema and semantic acceptance unverified
organizations,company,parent_company_id,declared,integer(11),False,False,False,console/migrations/m170223_113047_parent_company.php:9,common/models/Company.php:14,organizations.Company.parent_company_id,SourceRef,namespace by system/table; exact join; no email matching,PROPOSED; runtime schema and semantic acceptance unverified
organizations,company,staff_id,declared,integer(),False,False,False,console/migrations/m230222_105944_update_company_table.php:15,common/models/Company.php:15,organizations.Company.staff_id,SourceRef,namespace by system/table; exact join; no email matching,PROPOSED; runtime schema and semantic acceptance unverified
organizations,company,total_candidate,declared,bigInteger(),False,False,False,console/migrations/m201123_100605_remove_company_status_field.php:16,common/models/Company.php:30,organizations.Company.total_candidate,DerivedCount,recompute from imported canonical rows; compare to source separately,PROPOSED; runtime schema and semantic acceptance unverified
organizations,company_contact,allow_access,declared,literal-or-annotation:boolean,False,False,False,console/migrations/m210128_071555_role.php:15,common/models/CompanyContact.php:19,organizations.CompanyContact.allow_access,ExactInteger,synthetic bounded values; range and null checks,PROPOSED; runtime schema and semantic acceptance unverified
organizations,company_contact,company_contact_uuid,declared,char(60),False,False,False,console/migrations/m210108_111710_company_contact_tbl.php:21,common/models/CompanyContact.php:15,organizations.CompanyContact.company_contact_uuid,SourceRef,namespace by system/table; exact join; no email matching,PROPOSED; runtime schema and semantic acceptance unverified
organizations,company_contact,company_id,declared,integer(),False,False,False,console/migrations/m210108_111710_company_contact_tbl.php:21,common/models/CompanyContact.php:17,organizations.CompanyContact.company_id,SourceRef,namespace by system/table; exact join; no email matching,PROPOSED; runtime schema and semantic acceptance unverified
organizations,company_contact,contact_position,declared,literal-or-annotation:string,False,False,False,console/migrations/m210128_071555_role.php:24,common/models/CompanyContact.php:18,organizations.CompanyContact.contact_position,SourceText,synthetic replacement; semantic review before import,PROPOSED; runtime schema and semantic acceptance unverified
organizations,company_contact,contact_uuid,declared,char(60),False,False,False,console/migrations/m210108_111710_company_contact_tbl.php:21,common/models/CompanyContact.php:16,organizations.CompanyContact.contact_uuid,SourceRef,namespace by system/table; exact join; no email matching,PROPOSED; runtime schema and semantic acceptance unverified
organizations,company_contact,created_at,declared,datetime(),True,False,False,console/migrations/m210108_111710_company_contact_tbl.php:21,common/models/CompanyContact.php:20,organizations.CompanyContact.created_at,TemporalValue,preserve source unit/zone; zero/ambiguous value HOLD; see time overrides,PROPOSED; runtime schema and semantic acceptance unverified
organizations,company_contact,created_by,declared,char(60),False,False,False,console/migrations/m210108_111710_company_contact_tbl.php:21,common/models/CompanyContact.php:22,organizations.CompanyContact.created_by,SourceText,synthetic replacement; semantic review before import,PROPOSED; runtime schema and semantic acceptance unverified
organizations,company_contact,updated_at,declared,datetime(),True,False,False,console/migrations/m210108_111710_company_contact_tbl.php:21,common/models/CompanyContact.php:21,organizations.CompanyContact.updated_at,TemporalValue,preserve source unit/zone; zero/ambiguous value HOLD; see time overrides,PROPOSED; runtime schema and semantic acceptance unverified
organizations,company_contact,updated_by,declared,char(60),False,False,False,console/migrations/m210108_111710_company_contact_tbl.php:21,common/models/CompanyContact.php:23,organizations.CompanyContact.updated_by,SourceText,synthetic replacement; semantic review before import,PROPOSED; runtime schema and semantic acceptance unverified
organizations,company_request,company_email,declared,string(),True,False,False,console/migrations/m230706_042813_company_request.php:21,common/models/CompanyRequest.php:17,organizations.CompanyRequest.company_email,SensitiveText,replace; never copy free text or destination; no identity joins,PROPOSED; runtime schema and semantic acceptance unverified
organizations,company_request,company_name,declared,string(100),True,False,False,console/migrations/m230706_042813_company_request.php:21,common/models/CompanyRequest.php:16,organizations.CompanyRequest.company_name,SensitiveText,replace; never copy free text or destination; no identity joins,PROPOSED; runtime schema and semantic acceptance unverified
organizations,company_request,company_request_uuid,declared,literal-or-annotation:string,False,False,False,console/migrations/m230706_042813_company_request.php:21,common/models/CompanyRequest.php:14,organizations.CompanyRequest.company_request_uuid,SourceRef,namespace by system/table; exact join; no email matching,PROPOSED; runtime schema and semantic acceptance unverified
organizations,company_request,contact_name,declared,string(100),True,False,False,console/migrations/m230706_042813_company_request.php:21,common/models/CompanyRequest.php:19,organizations.CompanyRequest.contact_name,SensitiveText,replace; never copy free text or destination; no identity joins,PROPOSED; runtime schema and semantic acceptance unverified
organizations,company_request,contact_password_hash,declared,string(),False,False,False,console/migrations/m230706_042813_company_request.php:21,common/models/CompanyRequest.php:20,organizations.CompanyRequest.contact_password_hash,ExcludedCredential,DROP; synthetic auth only,PROPOSED; runtime schema and semantic acceptance unverified
organizations,company_request,contact_position,declared,string(100),False,False,False,console/migrations/m230706_042813_company_request.php:21,common/models/CompanyRequest.php:18,organizations.CompanyRequest.contact_position,SourceText,synthetic replacement; semantic review before import,PROPOSED; runtime schema and semantic acceptance unverified
organizations,company_request,contact_receive_email,declared,boolean(),False,False,False,console/migrations/m230706_042813_company_request.php:21,common/models/CompanyRequest.php:21,organizations.CompanyRequest.contact_receive_email,SensitiveText,replace; never copy free text or destination; no identity joins,PROPOSED; runtime schema and semantic acceptance unverified
organizations,company_request,contact_uuid,declared,literal-or-annotation:,False,False,False,console/migrations/m230706_042813_company_request.php:21,,organizations.CompanyRequest.contact_uuid,SourceRef,namespace by system/table; exact join; no email matching,PROPOSED; runtime schema and semantic acceptance unverified
organizations,company_request,country_id,declared,integer(11),False,False,False,console/migrations/m240214_084103_multi_currency.php:231,common/models/CompanyRequest.php:25,organizations.CompanyRequest.country_id,SourceRef,namespace by system/table; exact join; no email matching,PROPOSED; runtime schema and semantic acceptance unverified
organizations,company_request,created_at,declared,dateTime(),False,False,False,console/migrations/m230706_042813_company_request.php:21,common/models/CompanyRequest.php:27,organizations.CompanyRequest.created_at,TemporalValue,preserve source unit/zone; zero/ambiguous value HOLD; see time overrides,PROPOSED; runtime schema and semantic acceptance unverified
organizations,company_request,currency_code,declared,char(3),False,False,False,console/migrations/m240214_084103_multi_currency.php:230,common/models/CompanyRequest.php:26,organizations.CompanyRequest.currency_code,SourceRef,namespace by system/table; exact join; no email matching,PROPOSED; runtime schema and semantic acceptance unverified
organizations,company_request,phone_number,declared,string(),False,False,False,console/migrations/m230706_042813_company_request.php:21,common/models/CompanyRequest.php:22,organizations.CompanyRequest.phone_number,SensitiveText,replace; never copy free text or destination; no identity joins,PROPOSED; runtime schema and semantic acceptance unverified
organizations,company_request,requesting_for,declared,string(),False,False,False,console/migrations/m230716_133827_request.php:15,common/models/CompanyRequest.php:23,organizations.CompanyRequest.requesting_for,SourceText,synthetic replacement; semantic review before import,PROPOSED; runtime schema and semantic acceptance unverified
organizations,company_request,status,declared,tinyInteger(1),False,False,False,console/migrations/m230706_042813_company_request.php:21,common/models/CompanyRequest.php:24,organizations.CompanyRequest.status,SourceEnum,explicit per-domain mapping; unknown value HOLD; never grants,PROPOSED; runtime schema and semantic acceptance unverified
organizations,company_request,updated_at,declared,dateTime(),False,False,False,console/migrations/m230706_042813_company_request.php:21,common/models/CompanyRequest.php:28,organizations.CompanyRequest.updated_at,TemporalValue,preserve source unit/zone; zero/ambiguous value HOLD; see time overrides,PROPOSED; runtime schema and semantic acceptance unverified
organizations,company_request,utm_uuid,declared,char(64),False,False,False,console/migrations/m240407_062424_campaign.php:58,common/models/CompanyRequest.php:15,organizations.CompanyRequest.utm_uuid,SourceRef,namespace by system/table; exact join; no email matching,PROPOSED; runtime schema and semantic acceptance unverified
reporting,company_stats,company_id,declared,integer(11),False,False,False,console/migrations/m240325_073509_revenue.php:56,common/models/CompanyStats.php:14,reporting.CompanyStats.company_id,SourceRef,namespace by system/table; exact join; no email matching,PROPOSED; runtime schema and semantic acceptance unverified
reporting,company_stats,created_at,declared,dateTime(),True,False,False,console/migrations/m240325_073509_revenue.php:56,common/models/CompanyStats.php:17,reporting.CompanyStats.created_at,TemporalValue,preserve source unit/zone; zero/ambiguous value HOLD; see time overrides,PROPOSED; runtime schema and semantic acceptance unverified
reporting,company_stats,cs_uuid,declared,char(60),False,False,False,console/migrations/m240325_073509_revenue.php:56,common/models/CompanyStats.php:13,reporting.CompanyStats.cs_uuid,SourceRef,namespace by system/table; exact join; no email matching,PROPOSED; runtime schema and semantic acceptance unverified
reporting,company_stats,currency_code,declared,char(3),False,False,False,console/migrations/m240325_073509_revenue.php:56,common/models/CompanyStats.php:16,reporting.CompanyStats.currency_code,SourceRef,namespace by system/table; exact join; no email matching,PROPOSED; runtime schema and semantic acceptance unverified
reporting,company_stats,total_revenue,declared,"decimal(12, 3)",False,False,False,console/migrations/m240325_073509_revenue.php:56,common/models/CompanyStats.php:15,reporting.CompanyStats.total_revenue,ExactDecimal,synthetic balanced amounts; currency/scale validation; counter overrides apply,PROPOSED; runtime schema and semantic acceptance unverified
reporting,company_stats,updated_at,declared,dateTime(),True,False,False,console/migrations/m240325_073509_revenue.php:56,common/models/CompanyStats.php:18,reporting.CompanyStats.updated_at,TemporalValue,preserve source unit/zone; zero/ambiguous value HOLD; see time overrides,PROPOSED; runtime schema and semantic acceptance unverified
identity,company_token,company_id,declared,integer(),True,False,False,console/migrations/m170209_151757_create_token_tables.php:72,,identity.CompanyToken.company_id,ExcludedCredential,DROP; synthetic auth only,PROPOSED; runtime schema and semantic acceptance unverified
identity,company_token,ip_address,declared,string(45),False,False,False,console/migrations/m250129_142636_token_expiry.php:31,,identity.CompanyToken.ip_address,ExcludedCredential,DROP; synthetic auth only,PROPOSED; runtime schema and semantic acceptance unverified
identity,company_token,otp,declared,char(5),False,False,False,console/migrations/m250130_115508_2step_auth.php:58,,identity.CompanyToken.otp,ExcludedCredential,DROP; synthetic auth only,PROPOSED; runtime schema and semantic acceptance unverified
identity,company_token,token_created_datetime,declared,datetime(),True,False,False,console/migrations/m170209_151757_create_token_tables.php:72,,identity.CompanyToken.token_created_datetime,ExcludedCredential,DROP; synthetic auth only,PROPOSED; runtime schema and semantic acceptance unverified
identity,company_token,token_device,declared,string(),False,False,False,console/migrations/m170209_151757_create_token_tables.php:72,,identity.CompanyToken.token_device,ExcludedCredential,DROP; synthetic auth only,PROPOSED; runtime schema and semantic acceptance unverified
identity,company_token,token_device_id,declared,string(),False,False,False,console/migrations/m170209_151757_create_token_tables.php:72,,identity.CompanyToken.token_device_id,ExcludedCredential,DROP; synthetic auth only,PROPOSED; runtime schema and semantic acceptance unverified
identity,company_token,token_expiry_datetime,declared,datetime(),False,False,False,console/migrations/m170209_151757_create_token_tables.php:72,,identity.CompanyToken.token_expiry_datetime,ExcludedCredential,DROP; synthetic auth only,PROPOSED; runtime schema and semantic acceptance unverified
identity,company_token,token_id,declared,primaryKey(),False,True,False,console/migrations/m170209_151757_create_token_tables.php:72,,identity.CompanyToken.token_id,ExcludedCredential,DROP; synthetic auth only,PROPOSED; runtime schema and semantic acceptance unverified
identity,company_token,token_last_used_datetime,declared,datetime(),False,False,False,console/migrations/m170209_151757_create_token_tables.php:72,,identity.CompanyToken.token_last_used_datetime,ExcludedCredential,DROP; synthetic auth only,PROPOSED; runtime schema and semantic acceptance unverified
identity,company_token,token_status,declared,smallInteger(),True,False,False,console/migrations/m170209_151757_create_token_tables.php:72,,identity.CompanyToken.token_status,ExcludedCredential,DROP; synthetic auth only,PROPOSED; runtime schema and semantic acceptance unverified
identity,company_token,token_value,declared,string(),True,False,False,console/migrations/m170209_151757_create_token_tables.php:72,,identity.CompanyToken.token_value,ExcludedCredential,DROP; synthetic auth only,PROPOSED; runtime schema and semantic acceptance unverified
identity,company_token,total_attempt,declared,tinyInteger(1),False,False,False,console/migrations/m250130_115508_2step_auth.php:81,,identity.CompanyToken.total_attempt,ExcludedCredential,DROP; synthetic auth only,PROPOSED; runtime schema and semantic acceptance unverified
organizations,contact,contact_auth_key,declared,string(32),False,False,False,console/migrations/m210108_092910_rename_company_contact_to_contact.php:26,common/models/Contact.php:25,organizations.Contact.contact_auth_key,ExcludedCredential,DROP; synthetic auth only,PROPOSED; runtime schema and semantic acceptance unverified
organizations,contact,contact_created_at,declared,datetime(),True,False,False,console/migrations/m210108_092910_rename_company_contact_to_contact.php:36,common/models/Contact.php:32,organizations.Contact.contact_created_at,TemporalValue,preserve source unit/zone; zero/ambiguous value HOLD; see time overrides,PROPOSED; runtime schema and semantic acceptance unverified
organizations,contact,contact_email,declared,string(),False,False,True,console/migrations/m210108_092910_rename_company_contact_to_contact.php:22,common/models/Contact.php:19,organizations.Contact.contact_email,SensitiveText,replace; never copy free text or destination; no identity joins,PROPOSED; runtime schema and semantic acceptance unverified
organizations,contact,contact_email_verification,declared,boolean(),False,False,False,console/migrations/m210407_160447_company_email_update.php:16,common/models/Contact.php:21,organizations.Contact.contact_email_verification,SensitiveText,replace; never copy free text or destination; no identity joins,PROPOSED; runtime schema and semantic acceptance unverified
organizations,contact,contact_email_verified_by,declared,integer(11),False,False,False,console/migrations/m240103_101148_contact.php:15,common/models/Contact.php:22,organizations.Contact.contact_email_verified_by,SensitiveText,replace; never copy free text or destination; no identity joins,PROPOSED; runtime schema and semantic acceptance unverified
organizations,contact,contact_limit_email,declared,dateTime(),False,False,False,console/migrations/m210407_160447_company_email_update.php:17,common/models/Contact.php:23,organizations.Contact.contact_limit_email,SensitiveText,replace; never copy free text or destination; no identity joins,PROPOSED; runtime schema and semantic acceptance unverified
organizations,contact,contact_name,declared,string(),True,False,False,console/migrations/m200820_144521_new_tabl.php:23,common/models/Contact.php:18,organizations.Contact.contact_name,SensitiveText,replace; never copy free text or destination; no identity joins,PROPOSED; runtime schema and semantic acceptance unverified
organizations,contact,contact_new_email,declared,string(),False,False,False,console/migrations/m210407_160447_company_email_update.php:15,common/models/Contact.php:20,organizations.Contact.contact_new_email,SensitiveText,replace; never copy free text or destination; no identity joins,PROPOSED; runtime schema and semantic acceptance unverified
organizations,contact,contact_otp,annotation-only,literal-or-annotation:string,False,False,False,,common/models/Contact.php:26,organizations.Contact.contact_otp,ExcludedCredential,DROP; synthetic auth only,PROPOSED; runtime schema and semantic acceptance unverified
organizations,contact,contact_password_hash,declared,string(),False,False,False,console/migrations/m210108_092910_rename_company_contact_to_contact.php:23,common/models/Contact.php:24,organizations.Contact.contact_password_hash,ExcludedCredential,DROP; synthetic auth only,PROPOSED; runtime schema and semantic acceptance unverified
organizations,contact,contact_password_reset_token,declared,string(),False,False,True,console/migrations/m210108_092910_rename_company_contact_to_contact.php:27,,organizations.Contact.contact_password_reset_token,ExcludedCredential,DROP; synthetic auth only,PROPOSED; runtime schema and semantic acceptance unverified
organizations,contact,contact_receive_email,declared,boolean(),False,False,False,console/migrations/m210108_092910_rename_company_contact_to_contact.php:24,common/models/Contact.php:27,organizations.Contact.contact_receive_email,SensitiveText,replace; never copy free text or destination; no identity joins,PROPOSED; runtime schema and semantic acceptance unverified
organizations,contact,contact_receive_notification,declared,boolean(),False,False,False,console/migrations/m210108_092910_rename_company_contact_to_contact.php:25,common/models/Contact.php:29,organizations.Contact.contact_receive_notification,ExactInteger,synthetic bounded values; range and null checks,PROPOSED; runtime schema and semantic acceptance unverified
organizations,contact,contact_receive_suggestions,declared,tinyInteger(1),False,False,False,console/migrations/m210906_101252_contact_recieve_suggestions.php:15,common/models/Contact.php:28,organizations.Contact.contact_receive_suggestions,ExactInteger,synthetic bounded values; range and null checks,PROPOSED; runtime schema and semantic acceptance unverified
organizations,contact,contact_status,declared,literal-or-annotation:string,False,False,False,console/migrations/m230511_050114_contact_tag.php:15,common/models/Contact.php:30,organizations.Contact.contact_status,SourceEnum,explicit per-domain mapping; unknown value HOLD; never grants,PROPOSED; runtime schema and semantic acceptance unverified
organizations,contact,contact_updated_at,declared,datetime(),True,False,False,console/migrations/m210108_092910_rename_company_contact_to_contact.php:40,common/models/Contact.php:33,organizations.Contact.contact_updated_at,TemporalValue,preserve source unit/zone; zero/ambiguous value HOLD; see time overrides,PROPOSED; runtime schema and semantic acceptance unverified
organizations,contact,contact_uuid,declared,char(60),False,False,False,console/migrations/m200820_144521_new_tabl.php:23,common/models/Contact.php:16,organizations.Contact.contact_uuid,SourceRef,namespace by system/table; exact join; no email matching,PROPOSED; runtime schema and semantic acceptance unverified
organizations,contact,deleted,declared,boolean(),False,False,False,console/migrations/m240205_100901_contact_delete.php:15,common/models/Contact.php:31,organizations.Contact.deleted,SourceEnum,explicit per-domain mapping; unknown value HOLD; never grants,PROPOSED; runtime schema and semantic acceptance unverified
organizations,contact,enable_two_step_auth,declared,boolean(),False,False,False,console/migrations/m250130_115508_2step_auth.php:38,,organizations.Contact.enable_two_step_auth,ExactInteger,synthetic bounded values; range and null checks,PROPOSED; runtime schema and semantic acceptance unverified
organizations,contact,ip_address,declared,string(45),False,False,False,console/migrations/m240203_060625_block_ip.php:16,,organizations.Contact.ip_address,SensitiveText,replace; never copy free text or destination; no identity joins,PROPOSED; runtime schema and semantic acceptance unverified
organizations,contact,utm_uuid,declared,char(64),False,False,False,console/migrations/m240407_062424_campaign.php:49,common/models/Contact.php:17,organizations.Contact.utm_uuid,SourceRef,namespace by system/table; exact join; no email matching,PROPOSED; runtime schema and semantic acceptance unverified
organizations,contact_email,contact_uuid,declared,char(60),False,False,False,console/migrations/m200820_144521_new_tabl.php:54,common/models/ContactEmail.php:14,organizations.ContactEmail.contact_uuid,SourceRef,namespace by system/table; exact join; no email matching,PROPOSED; runtime schema and semantic acceptance unverified
organizations,contact_email,email_address,declared,string(),True,False,False,console/migrations/m200820_144521_new_tabl.php:54,common/models/ContactEmail.php:15,organizations.ContactEmail.email_address,SensitiveText,replace; never copy free text or destination; no identity joins,PROPOSED; runtime schema and semantic acceptance unverified
organizations,contact_email,email_created_datetime,declared,datetime(),True,False,False,console/migrations/m200820_144521_new_tabl.php:54,common/models/ContactEmail.php:16,organizations.ContactEmail.email_created_datetime,SensitiveText,replace; never copy free text or destination; no identity joins,PROPOSED; runtime schema and semantic acceptance unverified
organizations,contact_email,email_updated_datetime,declared,datetime(),True,False,False,console/migrations/m200820_144521_new_tabl.php:54,common/models/ContactEmail.php:17,organizations.ContactEmail.email_updated_datetime,SensitiveText,replace; never copy free text or destination; no identity joins,PROPOSED; runtime schema and semantic acceptance unverified
organizations,contact_email,email_uuid,declared,char(60),False,False,False,console/migrations/m200820_144521_new_tabl.php:54,common/models/ContactEmail.php:13,organizations.ContactEmail.email_uuid,SourceRef,namespace by system/table; exact join; no email matching,PROPOSED; runtime schema and semantic acceptance unverified
identity,contact_email_verify_attempt,ceva_uuid,declared,char(60),False,False,False,console/migrations/m210407_160447_company_email_update.php:25,common/models/ContactEmailVerifyAttempt.php:14,identity.ContactEmailVerifyAttempt.ceva_uuid,SourceRef,namespace by system/table; exact join; no email matching,PROPOSED; runtime schema and semantic acceptance unverified
identity,contact_email_verify_attempt,code,declared,string(60),False,False,False,console/migrations/m210407_160447_company_email_update.php:25,common/models/ContactEmailVerifyAttempt.php:15,identity.ContactEmailVerifyAttempt.code,ExcludedCredential,DROP; synthetic auth only,PROPOSED; runtime schema and semantic acceptance unverified
identity,contact_email_verify_attempt,created_at,declared,dateTime(),False,False,False,console/migrations/m210407_160447_company_email_update.php:25,common/models/ContactEmailVerifyAttempt.php:18,identity.ContactEmailVerifyAttempt.created_at,TemporalValue,preserve source unit/zone; zero/ambiguous value HOLD; see time overrides,PROPOSED; runtime schema and semantic acceptance unverified
identity,contact_email_verify_attempt,email,declared,string(50),False,False,False,console/migrations/m210407_160447_company_email_update.php:25,common/models/ContactEmailVerifyAttempt.php:16,identity.ContactEmailVerifyAttempt.email,SensitiveText,replace; never copy free text or destination; no identity joins,PROPOSED; runtime schema and semantic acceptance unverified
identity,contact_email_verify_attempt,ip_address,declared,string(45),False,False,False,console/migrations/m210407_160447_company_email_update.php:25,common/models/ContactEmailVerifyAttempt.php:17,identity.ContactEmailVerifyAttempt.ip_address,SensitiveText,replace; never copy free text or destination; no identity joins,PROPOSED; runtime schema and semantic acceptance unverified
organizations,contact_invitation,accepted,declared,boolean(),False,False,False,console/migrations/m210118_080437_contact_intivation_tbl.php:17,,organizations.ContactInvitation.accepted,ExactInteger,synthetic bounded values; range and null checks,PROPOSED; runtime schema and semantic acceptance unverified
organizations,contact_invitation,company_id,declared,integer(),False,False,False,console/migrations/m210118_080437_contact_intivation_tbl.php:17,common/models/ContactInvitation.php:15,organizations.ContactInvitation.company_id,SourceRef,namespace by system/table; exact join; no email matching,PROPOSED; runtime schema and semantic acceptance unverified
organizations,contact_invitation,contact_invitation_uuid,declared,char(60),False,False,False,console/migrations/m210118_080437_contact_intivation_tbl.php:17,common/models/ContactInvitation.php:13,organizations.ContactInvitation.contact_invitation_uuid,SourceRef,namespace by system/table; exact join; no email matching,PROPOSED; runtime schema and semantic acceptance unverified
organizations,contact_invitation,contact_uuid,declared,char(60),False,False,False,console/migrations/m210118_080437_contact_intivation_tbl.php:17,common/models/ContactInvitation.php:14,organizations.ContactInvitation.contact_uuid,SourceRef,namespace by system/table; exact join; no email matching,PROPOSED; runtime schema and semantic acceptance unverified
organizations,contact_invitation,created_at,declared,dateTime(),False,False,False,console/migrations/m210118_080437_contact_intivation_tbl.php:17,common/models/ContactInvitation.php:19,organizations.ContactInvitation.created_at,TemporalValue,preserve source unit/zone; zero/ambiguous value HOLD; see time overrides,PROPOSED; runtime schema and semantic acceptance unverified
organizations,contact_invitation,email_to_invite,declared,string(),True,False,False,console/migrations/m210118_080437_contact_intivation_tbl.php:17,common/models/ContactInvitation.php:16,organizations.ContactInvitation.email_to_invite,SensitiveText,replace; never copy free text or destination; no identity joins,PROPOSED; runtime schema and semantic acceptance unverified
organizations,contact_invitation,is_deleted,declared,tinyInteger(3),False,False,False,console/migrations/m210119_073444_contact_intivation_role.php:18,,organizations.ContactInvitation.is_deleted,SourceEnum,explicit per-domain mapping; unknown value HOLD; never grants,PROPOSED; runtime schema and semantic acceptance unverified
organizations,contact_invitation,otp,declared,string(60),False,False,True,console/migrations/m210118_080437_contact_intivation_tbl.php:17,common/models/ContactInvitation.php:18,organizations.ContactInvitation.otp,ExcludedCredential,DROP; synthetic auth only,PROPOSED; runtime schema and semantic acceptance unverified
organizations,contact_invitation,role,declared,char(10),False,False,False,console/migrations/m210119_073444_contact_intivation_role.php:15,common/models/ContactInvitation.php:17,organizations.ContactInvitation.role,SourceText,synthetic replacement; semantic review before import,PROPOSED; runtime schema and semantic acceptance unverified
organizations,contact_invitation,updated_at,declared,dateTime(),False,False,False,console/migrations/m210118_080437_contact_intivation_tbl.php:17,common/models/ContactInvitation.php:20,organizations.ContactInvitation.updated_at,TemporalValue,preserve source unit/zone; zero/ambiguous value HOLD; see time overrides,PROPOSED; runtime schema and semantic acceptance unverified
organizations,contact_phone,contact_uuid,declared,char(60),False,False,False,console/migrations/m200820_144521_new_tabl.php:83,common/models/ContactPhone.php:14,organizations.ContactPhone.contact_uuid,SourceRef,namespace by system/table; exact join; no email matching,PROPOSED; runtime schema and semantic acceptance unverified
organizations,contact_phone,phone_created_datetime,declared,datetime(),True,False,False,console/migrations/m200820_144521_new_tabl.php:83,common/models/ContactPhone.php:16,organizations.ContactPhone.phone_created_datetime,SensitiveText,replace; never copy free text or destination; no identity joins,PROPOSED; runtime schema and semantic acceptance unverified
organizations,contact_phone,phone_number,declared,string(),True,False,False,console/migrations/m200820_144521_new_tabl.php:83,common/models/ContactPhone.php:15,organizations.ContactPhone.phone_number,SensitiveText,replace; never copy free text or destination; no identity joins,PROPOSED; runtime schema and semantic acceptance unverified
organizations,contact_phone,phone_updated_datetime,declared,datetime(),True,False,False,console/migrations/m200820_144521_new_tabl.php:83,common/models/ContactPhone.php:17,organizations.ContactPhone.phone_updated_datetime,SensitiveText,replace; never copy free text or destination; no identity joins,PROPOSED; runtime schema and semantic acceptance unverified
organizations,contact_phone,phone_uuid,declared,char(60),False,False,False,console/migrations/m200820_144521_new_tabl.php:83,common/models/ContactPhone.php:13,organizations.ContactPhone.phone_uuid,SourceRef,namespace by system/table; exact join; no email matching,PROPOSED; runtime schema and semantic acceptance unverified
identity,contact_token,contact_uuid,declared,char(60),True,False,False,console/migrations/m210111_064411_contact_token_tbl.php:23,common/models/ContactToken.php:13,identity.ContactToken.contact_uuid,ExcludedCredential,DROP; synthetic auth only,PROPOSED; runtime schema and semantic acceptance unverified
identity,contact_token,ip_address,declared,string(45),False,False,False,console/migrations/m250129_142636_token_expiry.php:34,common/models/ContactToken.php:20,identity.ContactToken.ip_address,ExcludedCredential,DROP; synthetic auth only,PROPOSED; runtime schema and semantic acceptance unverified
identity,contact_token,otp,declared,char(5),False,False,False,console/migrations/m250130_115508_2step_auth.php:61,,identity.ContactToken.otp,ExcludedCredential,DROP; synthetic auth only,PROPOSED; runtime schema and semantic acceptance unverified
identity,contact_token,token_created_datetime,declared,datetime(),True,False,False,console/migrations/m210111_064411_contact_token_tbl.php:23,common/models/ContactToken.php:21,identity.ContactToken.token_created_datetime,ExcludedCredential,DROP; synthetic auth only,PROPOSED; runtime schema and semantic acceptance unverified
identity,contact_token,token_device,declared,string(),False,False,False,console/migrations/m210111_064411_contact_token_tbl.php:23,common/models/ContactToken.php:15,identity.ContactToken.token_device,ExcludedCredential,DROP; synthetic auth only,PROPOSED; runtime schema and semantic acceptance unverified
identity,contact_token,token_device_id,declared,string(),False,False,False,console/migrations/m210111_064411_contact_token_tbl.php:23,common/models/ContactToken.php:16,identity.ContactToken.token_device_id,ExcludedCredential,DROP; synthetic auth only,PROPOSED; runtime schema and semantic acceptance unverified
identity,contact_token,token_expiry_datetime,declared,datetime(),False,False,False,console/migrations/m210111_064411_contact_token_tbl.php:23,common/models/ContactToken.php:19,identity.ContactToken.token_expiry_datetime,ExcludedCredential,DROP; synthetic auth only,PROPOSED; runtime schema and semantic acceptance unverified
identity,contact_token,token_id,declared,primaryKey(),False,True,False,console/migrations/m210111_064411_contact_token_tbl.php:23,common/models/ContactToken.php:12,identity.ContactToken.token_id,ExcludedCredential,DROP; synthetic auth only,PROPOSED; runtime schema and semantic acceptance unverified
identity,contact_token,token_last_used_datetime,declared,datetime(),False,False,False,console/migrations/m210111_064411_contact_token_tbl.php:23,common/models/ContactToken.php:18,identity.ContactToken.token_last_used_datetime,ExcludedCredential,DROP; synthetic auth only,PROPOSED; runtime schema and semantic acceptance unverified
identity,contact_token,token_status,declared,smallInteger(),True,False,False,console/migrations/m210111_064411_contact_token_tbl.php:23,common/models/ContactToken.php:17,identity.ContactToken.token_status,ExcludedCredential,DROP; synthetic auth only,PROPOSED; runtime schema and semantic acceptance unverified
identity,contact_token,token_value,declared,string(),True,False,False,console/migrations/m210111_064411_contact_token_tbl.php:23,common/models/ContactToken.php:14,identity.ContactToken.token_value,ExcludedCredential,DROP; synthetic auth only,PROPOSED; runtime schema and semantic acceptance unverified
identity,contact_token,total_attempt,declared,tinyInteger(1),False,False,False,console/migrations/m250130_115508_2step_auth.php:84,,identity.ContactToken.total_attempt,ExcludedCredential,DROP; synthetic auth only,PROPOSED; runtime schema and semantic acceptance unverified
finance,contract,auto_generate,declared,boolean(),False,False,False,console/migrations/m250307_084348_automatic_transfer.php:15,common/models/Contract.php:25,finance.Contract.auto_generate,ExactDecimal,synthetic balanced amounts; currency/scale validation; counter overrides apply,PROPOSED; runtime schema and semantic acceptance unverified
finance,contract,candidate_id,declared,integer(11),False,False,False,console/migrations/m250209_144529_contract.php:29,common/models/Contract.php:15,finance.Contract.candidate_id,SourceRef,namespace by system/table; exact join; no email matching,PROPOSED; runtime schema and semantic acceptance unverified
finance,contract,company_id,declared,integer(11),True,False,False,console/migrations/m241029_193106_contract.php:21,common/models/Contract.php:17,finance.Contract.company_id,SourceRef,namespace by system/table; exact join; no email matching,PROPOSED; runtime schema and semantic acceptance unverified
finance,contract,contract_uuid,declared,char(60),False,False,False,console/migrations/m241029_193106_contract.php:21,common/models/Contract.php:14,finance.Contract.contract_uuid,SourceRef,namespace by system/table; exact join; no email matching,PROPOSED; runtime schema and semantic acceptance unverified
finance,contract,created_at,declared,dateTime(),False,False,False,console/migrations/m241029_193106_contract.php:21,common/models/Contract.php:29,finance.Contract.created_at,TemporalValue,preserve source unit/zone; zero/ambiguous value HOLD; see time overrides,PROPOSED; runtime schema and semantic acceptance unverified
finance,contract,created_by,declared,integer(11),False,False,False,console/migrations/m241029_193106_contract.php:21,common/models/Contract.php:27,finance.Contract.created_by,ExactInteger,synthetic bounded values; range and null checks,PROPOSED; runtime schema and semantic acceptance unverified
finance,contract,currency_code,declared,char(3),False,False,False,console/migrations/m241029_193106_contract.php:21,common/models/Contract.php:24,finance.Contract.currency_code,SourceRef,namespace by system/table; exact join; no email matching,PROPOSED; runtime schema and semantic acceptance unverified
finance,contract,deleted,declared,boolean(),False,False,False,console/migrations/m241106_113451_contract_delete.php:15,common/models/Contract.php:28,finance.Contract.deleted,SourceEnum,explicit per-domain mapping; unknown value HOLD; never grants,PROPOSED; runtime schema and semantic acceptance unverified
finance,contract,detail,declared,text(),False,False,False,console/migrations/m241029_193106_contract.php:21,common/models/Contract.php:20,finance.Contract.detail,SensitiveText,replace; never copy free text or destination; no identity joins,PROPOSED; runtime schema and semantic acceptance unverified
finance,contract,end_date,declared,dateTime(),False,False,False,console/migrations/m241029_193106_contract.php:21,common/models/Contract.php:22,finance.Contract.end_date,LocalDate,preserve relative dates with coherent synthetic calendar; invalid date HOLD,PROPOSED; runtime schema and semantic acceptance unverified
finance,contract,parent_company_id,declared,integer(11),False,False,False,console/migrations/m250209_144529_contract.php:44,common/models/Contract.php:16,finance.Contract.parent_company_id,SourceRef,namespace by system/table; exact join; no email matching,PROPOSED; runtime schema and semantic acceptance unverified
finance,contract,start_date,declared,dateTime(),False,False,False,console/migrations/m241029_193106_contract.php:21,common/models/Contract.php:21,finance.Contract.start_date,LocalDate,preserve relative dates with coherent synthetic calendar; invalid date HOLD,PROPOSED; runtime schema and semantic acceptance unverified
finance,contract,status,declared,tinyInteger(2),True,False,False,console/migrations/m241029_193106_contract.php:21,common/models/Contract.php:26,finance.Contract.status,SourceEnum,explicit per-domain mapping; unknown value HOLD; never grants,PROPOSED; runtime schema and semantic acceptance unverified
finance,contract,store_id,declared,integer(11),False,False,False,console/migrations/m250209_144529_contract.php:59,common/models/Contract.php:18,finance.Contract.store_id,SourceRef,namespace by system/table; exact join; no email matching,PROPOSED; runtime schema and semantic acceptance unverified
finance,contract,transfer_cost,declared,"decimal(12, 3)",False,False,False,console/migrations/m241029_193106_contract.php:21,common/models/Contract.php:23,finance.Contract.transfer_cost,MoneyDecimal,exact coefficient/scale and currency; snapshots immutable; unresolved currency HOLD,PROPOSED; runtime schema and semantic acceptance unverified
finance,contract,type,declared,string(),True,False,False,console/migrations/m241029_193106_contract.php:21,common/models/Contract.php:19,finance.Contract.type,SourceEnum,explicit per-domain mapping; unknown value HOLD; never grants,PROPOSED; runtime schema and semantic acceptance unverified
finance,contract,updated_at,declared,dateTime(),False,False,False,console/migrations/m241029_193106_contract.php:21,common/models/Contract.php:30,finance.Contract.updated_at,TemporalValue,preserve source unit/zone; zero/ambiguous value HOLD; see time overrides,PROPOSED; runtime schema and semantic acceptance unverified
organizations,country,country_code,declared,smallInteger(3),False,False,False,console/migrations/m240214_084103_multi_currency.php:257,,organizations.Country.country_code,ExactInteger,synthetic bounded values; range and null checks,PROPOSED; runtime schema and semantic acceptance unverified
organizations,country,country_from_google_map,declared,literal-or-annotation:integer,False,False,False,console/migrations/m201020_141924_duplicate_country.php:24,common/models/Country.php:16,organizations.Country.country_from_google_map,ExactInteger,synthetic bounded values; range and null checks,PROPOSED; runtime schema and semantic acceptance unverified
organizations,country,country_id,declared,primaryKey(),False,True,False,console/migrations/m170425_132300_country.php:16,common/models/Country.php:11,organizations.Country.country_id,SourceRef,namespace by system/table; exact join; no email matching,PROPOSED; runtime schema and semantic acceptance unverified
organizations,country,country_name_ar,declared,string(100),False,False,False,console/migrations/m170425_132300_country.php:16,common/models/Country.php:13,organizations.Country.country_name_ar,SensitiveText,replace; never copy free text or destination; no identity joins,PROPOSED; runtime schema and semantic acceptance unverified
organizations,country,country_name_en,declared,string(100),True,False,False,console/migrations/m170425_132300_country.php:16,common/models/Country.php:12,organizations.Country.country_name_en,SensitiveText,replace; never copy free text or destination; no identity joins,PROPOSED; runtime schema and semantic acceptance unverified
organizations,country,country_nationality_name_ar,declared,string(100),False,False,False,console/migrations/m170425_132300_country.php:16,common/models/Country.php:15,organizations.Country.country_nationality_name_ar,SensitiveText,replace; never copy free text or destination; no identity joins,PROPOSED; runtime schema and semantic acceptance unverified
organizations,country,country_nationality_name_en,declared,string(100),True,False,False,console/migrations/m170425_132300_country.php:16,common/models/Country.php:14,organizations.Country.country_nationality_name_en,SensitiveText,replace; never copy free text or destination; no identity joins,PROPOSED; runtime schema and semantic acceptance unverified
organizations,country,currency_code,declared,char(3),False,False,False,console/migrations/m240225_062220_country_currency_code.php:21,common/models/Country.php:17,organizations.Country.currency_code,SourceRef,namespace by system/table; exact join; no email matching,PROPOSED; runtime schema and semantic acceptance unverified
organizations,country,emoji,declared,string(),False,False,False,console/migrations/m240214_084103_multi_currency.php:256,,organizations.Country.emoji,SourceText,synthetic replacement; semantic review before import,PROPOSED; runtime schema and semantic acceptance unverified
organizations,country,iso,declared,char(3),False,False,False,console/migrations/m240214_084103_multi_currency.php:255,,organizations.Country.iso,SourceText,synthetic replacement; semantic review before import,PROPOSED; runtime schema and semantic acceptance unverified
operations,cron_log,id,declared,primaryKey(),False,True,False,console/migrations/m250320_162139_cron_log.php:15,common/models/CronLog.php:10,operations.CronLog.id,SourceRef,namespace by system/table; exact join; no email matching,PROPOSED; runtime schema and semantic acceptance unverified
operations,cron_log,last_output,declared,text(),False,False,False,console/migrations/m250320_162139_cron_log.php:15,common/models/CronLog.php:13,operations.CronLog.last_output,SensitiveText,replace; never copy free text or destination; no identity joins,PROPOSED; runtime schema and semantic acceptance unverified
operations,cron_log,last_ran_at,declared,dateTime(),False,False,False,console/migrations/m250320_162139_cron_log.php:15,common/models/CronLog.php:12,operations.CronLog.last_ran_at,TemporalValue,preserve source unit/zone; zero/ambiguous value HOLD; see time overrides,PROPOSED; runtime schema and semantic acceptance unverified
operations,cron_log,task,declared,string(),True,False,False,console/migrations/m250320_162139_cron_log.php:15,common/models/CronLog.php:11,operations.CronLog.task,SourceText,synthetic replacement; semantic review before import,PROPOSED; runtime schema and semantic acceptance unverified
organizations,currency,code,declared,string(),True,False,False,console/migrations/m240214_084103_multi_currency.php:21,common/models/Currency.php:15,organizations.Currency.code,SourceText,synthetic replacement; semantic review before import,PROPOSED; runtime schema and semantic acceptance unverified
organizations,currency,currency_id,declared,primaryKey(),False,True,False,console/migrations/m240214_084103_multi_currency.php:21,common/models/Currency.php:13,organizations.Currency.currency_id,SourceRef,namespace by system/table; exact join; no email matching,PROPOSED; runtime schema and semantic acceptance unverified
organizations,currency,currency_symbol,declared,string(),False,False,False,console/migrations/m240214_084103_multi_currency.php:21,common/models/Currency.php:16,organizations.Currency.currency_symbol,SourceText,synthetic replacement; semantic review before import,PROPOSED; runtime schema and semantic acceptance unverified
organizations,currency,datetime,declared,dateTime(),False,False,False,console/migrations/m240214_084103_multi_currency.php:21,common/models/Currency.php:21,organizations.Currency.datetime,TemporalValue,preserve source unit/zone; zero/ambiguous value HOLD; see time overrides,PROPOSED; runtime schema and semantic acceptance unverified
organizations,currency,decimal_place,declared,tinyInteger(1),False,False,False,console/migrations/m240214_084103_multi_currency.php:21,common/models/Currency.php:18,organizations.Currency.decimal_place,ExactInteger,synthetic bounded values; range and null checks,PROPOSED; runtime schema and semantic acceptance unverified
organizations,currency,rate,declared,double(),False,False,False,console/migrations/m240214_084103_multi_currency.php:21,common/models/Currency.php:17,organizations.Currency.rate,ExactDecimal,synthetic balanced amounts; currency/scale validation; counter overrides apply,PROPOSED; runtime schema and semantic acceptance unverified
organizations,currency,sort_order,declared,smallInteger(3),False,False,False,console/migrations/m240214_084103_multi_currency.php:21,common/models/Currency.php:19,organizations.Currency.sort_order,ExactInteger,synthetic bounded values; range and null checks,PROPOSED; runtime schema and semantic acceptance unverified
organizations,currency,status,declared,boolean(),False,False,False,console/migrations/m240214_084103_multi_currency.php:21,common/models/Currency.php:20,organizations.Currency.status,SourceEnum,explicit per-domain mapping; unknown value HOLD; never grants,PROPOSED; runtime schema and semantic acceptance unverified
organizations,currency,title,declared,string(),True,False,False,console/migrations/m240214_084103_multi_currency.php:21,common/models/Currency.php:14,organizations.Currency.title,SourceText,synthetic replacement; semantic review before import,PROPOSED; runtime schema and semantic acceptance unverified
communication,daily_standup_answer,answer,declared,text(),False,False,False,console/migrations/m221215_072607_attendance.php:34,common/models/DailyStandupAnswer.php:17,communication.DailyStandupAnswer.answer,SensitiveText,replace; never copy free text or destination; no identity joins,PROPOSED; runtime schema and semantic acceptance unverified
communication,daily_standup_answer,answer_uuid,declared,char(60),False,False,False,console/migrations/m221215_072607_attendance.php:34,common/models/DailyStandupAnswer.php:13,communication.DailyStandupAnswer.answer_uuid,SourceRef,namespace by system/table; exact join; no email matching,PROPOSED; runtime schema and semantic acceptance unverified
communication,daily_standup_answer,created_at,declared,datetime(),True,False,False,console/migrations/m221215_072607_attendance.php:34,common/models/DailyStandupAnswer.php:18,communication.DailyStandupAnswer.created_at,TemporalValue,preserve source unit/zone; zero/ambiguous value HOLD; see time overrides,PROPOSED; runtime schema and semantic acceptance unverified
communication,daily_standup_answer,question,declared,string(),False,False,False,console/migrations/m221215_072607_attendance.php:34,common/models/DailyStandupAnswer.php:16,communication.DailyStandupAnswer.question,SourceText,synthetic replacement; semantic review before import,PROPOSED; runtime schema and semantic acceptance unverified
communication,daily_standup_answer,question_uuid,declared,char(60),False,False,False,console/migrations/m221215_072607_attendance.php:34,common/models/DailyStandupAnswer.php:15,communication.DailyStandupAnswer.question_uuid,SourceRef,namespace by system/table; exact join; no email matching,PROPOSED; runtime schema and semantic acceptance unverified
communication,daily_standup_answer,staff_id,declared,integer(11),False,False,False,console/migrations/m221215_072607_attendance.php:34,common/models/DailyStandupAnswer.php:14,communication.DailyStandupAnswer.staff_id,SourceRef,namespace by system/table; exact join; no email matching,PROPOSED; runtime schema and semantic acceptance unverified
communication,daily_standup_answer,updated_at,declared,datetime(),True,False,False,console/migrations/m221215_072607_attendance.php:34,common/models/DailyStandupAnswer.php:19,communication.DailyStandupAnswer.updated_at,TemporalValue,preserve source unit/zone; zero/ambiguous value HOLD; see time overrides,PROPOSED; runtime schema and semantic acceptance unverified
communication,daily_standup_question,created_at,declared,datetime(),True,False,False,console/migrations/m221215_072607_attendance.php:25,common/models/DailyStandupQuestion.php:16,communication.DailyStandupQuestion.created_at,TemporalValue,preserve source unit/zone; zero/ambiguous value HOLD; see time overrides,PROPOSED; runtime schema and semantic acceptance unverified
communication,daily_standup_question,question,declared,string(),False,False,False,console/migrations/m221215_072607_attendance.php:25,common/models/DailyStandupQuestion.php:15,communication.DailyStandupQuestion.question,SourceText,synthetic replacement; semantic review before import,PROPOSED; runtime schema and semantic acceptance unverified
communication,daily_standup_question,question_uuid,declared,char(60),False,False,False,console/migrations/m221215_072607_attendance.php:25,common/models/DailyStandupQuestion.php:14,communication.DailyStandupQuestion.question_uuid,SourceRef,namespace by system/table; exact join; no email matching,PROPOSED; runtime schema and semantic acceptance unverified
communication,daily_standup_question,updated_at,declared,datetime(),True,False,False,console/migrations/m221215_072607_attendance.php:25,common/models/DailyStandupQuestion.php:17,communication.DailyStandupQuestion.updated_at,TemporalValue,preserve source unit/zone; zero/ambiguous value HOLD; see time overrides,PROPOSED; runtime schema and semantic acceptance unverified
profile,degree,degree_created_at,declared,dateTime(),False,False,False,console/migrations/m240523_133605_education.php:37,common/models/Degree.php:18,profile.Degree.degree_created_at,TemporalValue,preserve source unit/zone; zero/ambiguous value HOLD; see time overrides,PROPOSED; runtime schema and semantic acceptance unverified
profile,degree,degree_group_uuid,declared,char(60),False,False,False,console/migrations/m240523_133605_education.php:37,common/models/Degree.php:16,profile.Degree.degree_group_uuid,SourceRef,namespace by system/table; exact join; no email matching,PROPOSED; runtime schema and semantic acceptance unverified
profile,degree,degree_name_ar,declared,string(),False,False,False,console/migrations/m240523_133605_education.php:37,common/models/Degree.php:15,profile.Degree.degree_name_ar,SensitiveText,replace; never copy free text or destination; no identity joins,PROPOSED; runtime schema and semantic acceptance unverified
profile,degree,degree_name_en,declared,string(),True,False,False,console/migrations/m240523_133605_education.php:37,common/models/Degree.php:14,profile.Degree.degree_name_en,SensitiveText,replace; never copy free text or destination; no identity joins,PROPOSED; runtime schema and semantic acceptance unverified
profile,degree,degree_sort_order,declared,integer(3),False,False,False,console/migrations/m240523_133605_education.php:37,common/models/Degree.php:17,profile.Degree.degree_sort_order,ExactInteger,synthetic bounded values; range and null checks,PROPOSED; runtime schema and semantic acceptance unverified
profile,degree,degree_updated_at,declared,dateTime(),False,False,False,console/migrations/m240523_133605_education.php:37,common/models/Degree.php:19,profile.Degree.degree_updated_at,TemporalValue,preserve source unit/zone; zero/ambiguous value HOLD; see time overrides,PROPOSED; runtime schema and semantic acceptance unverified
profile,degree,degree_uuid,declared,char(60),False,False,False,console/migrations/m240523_133605_education.php:37,common/models/Degree.php:13,profile.Degree.degree_uuid,SourceRef,namespace by system/table; exact join; no email matching,PROPOSED; runtime schema and semantic acceptance unverified
profile,degree_group,degree_group_created_at,declared,dateTime(),False,False,False,console/migrations/m240523_133605_education.php:23,common/models/DegreeGroup.php:18,profile.DegreeGroup.degree_group_created_at,TemporalValue,preserve source unit/zone; zero/ambiguous value HOLD; see time overrides,PROPOSED; runtime schema and semantic acceptance unverified
profile,degree_group,degree_group_name_ar,declared,string(),False,False,False,console/migrations/m240523_133605_education.php:23,common/models/DegreeGroup.php:15,profile.DegreeGroup.degree_group_name_ar,SensitiveText,replace; never copy free text or destination; no identity joins,PROPOSED; runtime schema and semantic acceptance unverified
profile,degree_group,degree_group_name_en,declared,string(),True,False,False,console/migrations/m240523_133605_education.php:23,common/models/DegreeGroup.php:14,profile.DegreeGroup.degree_group_name_en,SensitiveText,replace; never copy free text or destination; no identity joins,PROPOSED; runtime schema and semantic acceptance unverified
profile,degree_group,degree_group_sort_order,declared,integer(3),False,False,False,console/migrations/m240523_133605_education.php:23,common/models/DegreeGroup.php:16,profile.DegreeGroup.degree_group_sort_order,ExactInteger,synthetic bounded values; range and null checks,PROPOSED; runtime schema and semantic acceptance unverified
profile,degree_group,degree_group_updated_at,declared,dateTime(),False,False,False,console/migrations/m240523_133605_education.php:23,common/models/DegreeGroup.php:19,profile.DegreeGroup.degree_group_updated_at,TemporalValue,preserve source unit/zone; zero/ambiguous value HOLD; see time overrides,PROPOSED; runtime schema and semantic acceptance unverified
profile,degree_group,degree_group_uuid,declared,char(60),False,False,False,console/migrations/m240523_133605_education.php:23,common/models/DegreeGroup.php:13,profile.DegreeGroup.degree_group_uuid,SourceRef,namespace by system/table; exact join; no email matching,PROPOSED; runtime schema and semantic acceptance unverified
profile,degree_group,skip_major,declared,tinyInteger(),False,False,False,console/migrations/m240523_133605_education.php:23,common/models/DegreeGroup.php:17,profile.DegreeGroup.skip_major,ExactInteger,synthetic bounded values; range and null checks,PROPOSED; runtime schema and semantic acceptance unverified
finance,discount,category_id,declared,integer(11),True,False,False,console/migrations/m240710_075924_discount.php:30,common/models/Discount.php:15,finance.Discount.category_id,SourceRef,namespace by system/table; exact join; no email matching,PROPOSED; runtime schema and semantic acceptance unverified
finance,discount,company_id,declared,integer(11),True,False,False,console/migrations/m240710_075924_discount.php:30,common/models/Discount.php:16,finance.Discount.company_id,SourceRef,namespace by system/table; exact join; no email matching,PROPOSED; runtime schema and semantic acceptance unverified
finance,discount,created_at,declared,dateTime(),False,False,False,console/migrations/m240710_075924_discount.php:30,common/models/Discount.php:24,finance.Discount.created_at,TemporalValue,preserve source unit/zone; zero/ambiguous value HOLD; see time overrides,PROPOSED; runtime schema and semantic acceptance unverified
finance,discount,description_ar,declared,text(),True,False,False,console/migrations/m240710_075924_discount.php:30,common/models/Discount.php:19,finance.Discount.description_ar,SensitiveText,replace; never copy free text or destination; no identity joins,PROPOSED; runtime schema and semantic acceptance unverified
finance,discount,description_en,declared,text(),True,False,False,console/migrations/m240710_075924_discount.php:30,common/models/Discount.php:18,finance.Discount.description_en,SensitiveText,replace; never copy free text or destination; no identity joins,PROPOSED; runtime schema and semantic acceptance unverified
finance,discount,discount_uuid,declared,char(60),False,False,False,console/migrations/m240710_075924_discount.php:30,common/models/Discount.php:14,finance.Discount.discount_uuid,SourceRef,namespace by system/table; exact join; no email matching,PROPOSED; runtime schema and semantic acceptance unverified
finance,discount,how_to_apply_ar,declared,text(),False,False,False,console/migrations/m240710_075924_discount.php:30,common/models/Discount.php:21,finance.Discount.how_to_apply_ar,SourceText,synthetic replacement; semantic review before import,PROPOSED; runtime schema and semantic acceptance unverified
finance,discount,how_to_apply_en,declared,text(),False,False,False,console/migrations/m240710_075924_discount.php:30,common/models/Discount.php:20,finance.Discount.how_to_apply_en,SourceText,synthetic replacement; semantic review before import,PROPOSED; runtime schema and semantic acceptance unverified
finance,discount,image,declared,string(),False,False,False,console/migrations/m240710_075924_discount.php:30,common/models/Discount.php:22,finance.Discount.image,DocumentReference,substitute bytes; private owner/type/version; unsupported type HOLD,PROPOSED; runtime schema and semantic acceptance unverified
finance,discount,store_id,declared,integer(11),False,False,False,console/migrations/m240710_075924_discount.php:30,common/models/Discount.php:17,finance.Discount.store_id,SourceRef,namespace by system/table; exact join; no email matching,PROPOSED; runtime schema and semantic acceptance unverified
finance,discount,updated_at,declared,dateTime(),False,False,False,console/migrations/m240710_075924_discount.php:30,common/models/Discount.php:25,finance.Discount.updated_at,TemporalValue,preserve source unit/zone; zero/ambiguous value HOLD; see time overrides,PROPOSED; runtime schema and semantic acceptance unverified
finance,discount,valid_until,declared,dateTime(),False,False,False,console/migrations/m240710_075924_discount.php:30,common/models/Discount.php:23,finance.Discount.valid_until,TemporalValue,preserve source unit/zone; zero/ambiguous value HOLD; see time overrides,PROPOSED; runtime schema and semantic acceptance unverified
finance,discount_category,category_id,declared,primaryKey(11),False,True,False,console/migrations/m240710_075924_discount.php:21,common/models/DiscountCategory.php:12,finance.DiscountCategory.category_id,SourceRef,namespace by system/table; exact join; no email matching,PROPOSED; runtime schema and semantic acceptance unverified
finance,discount_category,created_at,declared,dateTime(),False,False,False,console/migrations/m240710_075924_discount.php:21,common/models/DiscountCategory.php:16,finance.DiscountCategory.created_at,TemporalValue,preserve source unit/zone; zero/ambiguous value HOLD; see time overrides,PROPOSED; runtime schema and semantic acceptance unverified
finance,discount_category,image,declared,string(),False,False,False,console/migrations/m240710_075924_discount.php:21,common/models/DiscountCategory.php:15,finance.DiscountCategory.image,DocumentReference,substitute bytes; private owner/type/version; unsupported type HOLD,PROPOSED; runtime schema and semantic acceptance unverified
finance,discount_category,name_ar,declared,string(),False,False,False,console/migrations/m240710_075924_discount.php:21,common/models/DiscountCategory.php:14,finance.DiscountCategory.name_ar,SensitiveText,replace; never copy free text or destination; no identity joins,PROPOSED; runtime schema and semantic acceptance unverified
finance,discount_category,name_en,declared,string(),True,False,False,console/migrations/m240710_075924_discount.php:21,common/models/DiscountCategory.php:13,finance.DiscountCategory.name_en,SensitiveText,replace; never copy free text or destination; no identity joins,PROPOSED; runtime schema and semantic acceptance unverified
finance,discount_category,updated_at,declared,dateTime(),False,False,False,console/migrations/m240710_075924_discount.php:21,common/models/DiscountCategory.php:17,finance.DiscountCategory.updated_at,TemporalValue,preserve source unit/zone; zero/ambiguous value HOLD; see time overrides,PROPOSED; runtime schema and semantic acceptance unverified
communication,email_campaign,campaign_uuid,declared,char(60),True,False,False,console/migrations/m231009_105032_email.php:21,common/models/EmailCampaign.php:15,communication.EmailCampaign.campaign_uuid,SourceRef,namespace by system/table; exact join; no email matching,PROPOSED; runtime schema and semantic acceptance unverified
communication,email_campaign,created_at,declared,dateTime(),False,False,False,console/migrations/m231009_105032_email.php:21,common/models/EmailCampaign.php:25,communication.EmailCampaign.created_at,TemporalValue,preserve source unit/zone; zero/ambiguous value HOLD; see time overrides,PROPOSED; runtime schema and semantic acceptance unverified
communication,email_campaign,is_recurring,declared,boolean(),False,False,False,console/migrations/m250313_173340_campaign_schedule.php:21,common/models/EmailCampaign.php:21,communication.EmailCampaign.is_recurring,SourceEnum,explicit per-domain mapping; unknown value HOLD; never grants,PROPOSED; runtime schema and semantic acceptance unverified
communication,email_campaign,last_trigger_date_time,declared,dateTime(),False,False,False,console/migrations/m250313_173340_campaign_schedule.php:18,common/models/EmailCampaign.php:20,communication.EmailCampaign.last_trigger_date_time,TemporalValue,preserve source unit/zone; zero/ambiguous value HOLD; see time overrides,PROPOSED; runtime schema and semantic acceptance unverified
communication,email_campaign,message,declared,text(),False,False,False,console/migrations/m231009_105032_email.php:21,common/models/EmailCampaign.php:17,communication.EmailCampaign.message,SensitiveText,replace; never copy free text or destination; no identity joins,PROPOSED; runtime schema and semantic acceptance unverified
communication,email_campaign,progress,declared,integer(11),False,False,False,console/migrations/m231009_105032_email.php:21,common/models/EmailCampaign.php:18,communication.EmailCampaign.progress,ExactInteger,synthetic bounded values; range and null checks,PROPOSED; runtime schema and semantic acceptance unverified
communication,email_campaign,status,declared,tinyInteger(1),False,False,False,console/migrations/m231009_105032_email.php:21,common/models/EmailCampaign.php:24,communication.EmailCampaign.status,SourceEnum,explicit per-domain mapping; unknown value HOLD; never grants,PROPOSED; runtime schema and semantic acceptance unverified
communication,email_campaign,subject,declared,string(),False,False,False,console/migrations/m231009_105032_email.php:21,common/models/EmailCampaign.php:16,communication.EmailCampaign.subject,SourceText,synthetic replacement; semantic review before import,PROPOSED; runtime schema and semantic acceptance unverified
communication,email_campaign,target,declared,string(10),False,False,False,console/migrations/m250313_173340_campaign_schedule.php:27,common/models/EmailCampaign.php:23,communication.EmailCampaign.target,SourceText,synthetic replacement; semantic review before import,PROPOSED; runtime schema and semantic acceptance unverified
communication,email_campaign,trigger_date_time,declared,dateTime(),False,False,False,console/migrations/m250313_173340_campaign_schedule.php:15,common/models/EmailCampaign.php:19,communication.EmailCampaign.trigger_date_time,TemporalValue,preserve source unit/zone; zero/ambiguous value HOLD; see time overrides,PROPOSED; runtime schema and semantic acceptance unverified
communication,email_campaign,trigger_period,declared,integer(),False,False,False,console/migrations/m250313_173340_campaign_schedule.php:24,common/models/EmailCampaign.php:22,communication.EmailCampaign.trigger_period,ExactInteger,synthetic bounded values; range and null checks,PROPOSED; runtime schema and semantic acceptance unverified
communication,email_campaign,updated_at,declared,dateTime(),False,False,False,console/migrations/m231009_105032_email.php:21,common/models/EmailCampaign.php:26,communication.EmailCampaign.updated_at,TemporalValue,preserve source unit/zone; zero/ambiguous value HOLD; see time overrides,PROPOSED; runtime schema and semantic acceptance unverified
communication,email_campaign_filter,campaign_uuid,declared,char(60),True,False,False,console/migrations/m231009_105032_email.php:33,common/models/EmailCampaignFilter.php:14,communication.EmailCampaignFilter.campaign_uuid,SourceRef,namespace by system/table; exact join; no email matching,PROPOSED; runtime schema and semantic acceptance unverified
communication,email_campaign_filter,cf_uuid,declared,char(60),False,False,False,console/migrations/m231009_105032_email.php:33,common/models/EmailCampaignFilter.php:13,communication.EmailCampaignFilter.cf_uuid,SourceRef,namespace by system/table; exact join; no email matching,PROPOSED; runtime schema and semantic acceptance unverified
communication,email_campaign_filter,param,declared,string(50),False,False,False,console/migrations/m231009_105032_email.php:33,common/models/EmailCampaignFilter.php:15,communication.EmailCampaignFilter.param,SourceText,synthetic replacement; semantic review before import,PROPOSED; runtime schema and semantic acceptance unverified
communication,email_campaign_filter,value,declared,string(100),False,False,False,console/migrations/m231009_105032_email.php:33,common/models/EmailCampaignFilter.php:16,communication.EmailCampaignFilter.value,SourceText,synthetic replacement; semantic review before import,PROPOSED; runtime schema and semantic acceptance unverified
recruitment,exam,created_at,declared,dateTime(),False,False,False,console/migrations/m240808_113636_certificate.php:21,common/models/Exam.php:20,recruitment.Exam.created_at,TemporalValue,preserve source unit/zone; zero/ambiguous value HOLD; see time overrides,PROPOSED; runtime schema and semantic acceptance unverified
recruitment,exam,description_ar,declared,string(),False,False,False,console/migrations/m240808_113636_certificate.php:21,common/models/Exam.php:17,recruitment.Exam.description_ar,SensitiveText,replace; never copy free text or destination; no identity joins,PROPOSED; runtime schema and semantic acceptance unverified
recruitment,exam,description_en,declared,string(),False,False,False,console/migrations/m240808_113636_certificate.php:21,common/models/Exam.php:16,recruitment.Exam.description_en,SensitiveText,replace; never copy free text or destination; no identity joins,PROPOSED; runtime schema and semantic acceptance unverified
recruitment,exam,exam_uuid,declared,char(60),False,False,False,console/migrations/m240808_113636_certificate.php:21,common/models/Exam.php:13,recruitment.Exam.exam_uuid,SourceRef,namespace by system/table; exact join; no email matching,PROPOSED; runtime schema and semantic acceptance unverified
recruitment,exam,is_deleted,declared,boolean(),False,False,False,console/migrations/m240808_113636_certificate.php:21,common/models/Exam.php:19,recruitment.Exam.is_deleted,SourceEnum,explicit per-domain mapping; unknown value HOLD; never grants,PROPOSED; runtime schema and semantic acceptance unverified
recruitment,exam,staff_id,declared,integer(11),False,False,False,console/migrations/m240808_113636_certificate.php:21,common/models/Exam.php:18,recruitment.Exam.staff_id,UnverifiedReference,name-shaped reference only; no PK/FK/ORM evidence; HOLD before joining,PROPOSED; runtime schema and semantic acceptance unverified
recruitment,exam,title_ar,declared,string(),False,False,False,console/migrations/m240808_113636_certificate.php:21,common/models/Exam.php:15,recruitment.Exam.title_ar,SourceText,synthetic replacement; semantic review before import,PROPOSED; runtime schema and semantic acceptance unverified
recruitment,exam,title_en,declared,string(),True,False,False,console/migrations/m240808_113636_certificate.php:21,common/models/Exam.php:14,recruitment.Exam.title_en,SourceText,synthetic replacement; semantic review before import,PROPOSED; runtime schema and semantic acceptance unverified
recruitment,exam,updated_at,declared,dateTime(),False,False,False,console/migrations/m240808_113636_certificate.php:21,common/models/Exam.php:21,recruitment.Exam.updated_at,TemporalValue,preserve source unit/zone; zero/ambiguous value HOLD; see time overrides,PROPOSED; runtime schema and semantic acceptance unverified
recruitment,exam_question,created_at,declared,dateTime(),False,False,False,console/migrations/m240808_113636_certificate.php:36,common/models/ExamQuestion.php:23,recruitment.ExamQuestion.created_at,TemporalValue,preserve source unit/zone; zero/ambiguous value HOLD; see time overrides,PROPOSED; runtime schema and semantic acceptance unverified
recruitment,exam_question,exam_uuid,declared,char(60),False,False,False,console/migrations/m240808_113636_certificate.php:36,common/models/ExamQuestion.php:14,recruitment.ExamQuestion.exam_uuid,SourceRef,namespace by system/table; exact join; no email matching,PROPOSED; runtime schema and semantic acceptance unverified
recruitment,exam_question,is_deleted,declared,boolean(),False,False,False,console/migrations/m240808_113636_certificate.php:36,common/models/ExamQuestion.php:22,recruitment.ExamQuestion.is_deleted,SourceEnum,explicit per-domain mapping; unknown value HOLD; never grants,PROPOSED; runtime schema and semantic acceptance unverified
recruitment,exam_question,question_ar,declared,string(),False,False,False,console/migrations/m240808_113636_certificate.php:36,common/models/ExamQuestion.php:17,recruitment.ExamQuestion.question_ar,SourceText,synthetic replacement; semantic review before import,PROPOSED; runtime schema and semantic acceptance unverified
recruitment,exam_question,question_en,declared,string(),True,False,False,console/migrations/m240808_113636_certificate.php:36,common/models/ExamQuestion.php:16,recruitment.ExamQuestion.question_en,SourceText,synthetic replacement; semantic review before import,PROPOSED; runtime schema and semantic acceptance unverified
recruitment,exam_question,question_file_extensions,declared,string(),False,False,False,console/migrations/m240808_113636_certificate.php:36,common/models/ExamQuestion.php:18,recruitment.ExamQuestion.question_file_extensions,SourceText,synthetic replacement; semantic review before import,PROPOSED; runtime schema and semantic acceptance unverified
recruitment,exam_question,question_file_maxsize,declared,integer(11),False,False,False,console/migrations/m240808_113636_certificate.php:36,common/models/ExamQuestion.php:19,recruitment.ExamQuestion.question_file_maxsize,ExactInteger,synthetic bounded values; range and null checks,PROPOSED; runtime schema and semantic acceptance unverified
recruitment,exam_question,question_sort_order,declared,integer(6),False,False,False,console/migrations/m240808_113636_certificate.php:36,common/models/ExamQuestion.php:21,recruitment.ExamQuestion.question_sort_order,ExactInteger,synthetic bounded values; range and null checks,PROPOSED; runtime schema and semantic acceptance unverified
recruitment,exam_question,question_type,declared,tinyInteger(),False,False,False,console/migrations/m240808_113636_certificate.php:36,common/models/ExamQuestion.php:15,recruitment.ExamQuestion.question_type,SourceEnum,explicit per-domain mapping; unknown value HOLD; never grants,PROPOSED; runtime schema and semantic acceptance unverified
recruitment,exam_question,question_uuid,declared,char(60),False,False,False,console/migrations/m240808_113636_certificate.php:36,common/models/ExamQuestion.php:13,recruitment.ExamQuestion.question_uuid,SourceRef,namespace by system/table; exact join; no email matching,PROPOSED; runtime schema and semantic acceptance unverified
recruitment,exam_question,staff_id,declared,integer(11),False,False,False,console/migrations/m240808_113636_certificate.php:36,common/models/ExamQuestion.php:20,recruitment.ExamQuestion.staff_id,SourceRef,namespace by system/table; exact join; no email matching,PROPOSED; runtime schema and semantic acceptance unverified
recruitment,exam_question,updated_at,declared,dateTime(),False,False,False,console/migrations/m240808_113636_certificate.php:36,common/models/ExamQuestion.php:24,recruitment.ExamQuestion.updated_at,TemporalValue,preserve source unit/zone; zero/ambiguous value HOLD; see time overrides,PROPOSED; runtime schema and semantic acceptance unverified
recruitment,exam_question_answer,answer,declared,string(),False,False,False,console/migrations/m240808_113636_certificate.php:102,common/models/ExamQuestionAnswer.php:20,recruitment.ExamQuestionAnswer.answer,SensitiveText,replace; never copy free text or destination; no identity joins,PROPOSED; runtime schema and semantic acceptance unverified
recruitment,exam_question_answer,answer_uuid,declared,char(60),False,False,False,console/migrations/m240808_113636_certificate.php:102,common/models/ExamQuestionAnswer.php:13,recruitment.ExamQuestionAnswer.answer_uuid,SourceRef,namespace by system/table; exact join; no email matching,PROPOSED; runtime schema and semantic acceptance unverified
recruitment,exam_question_answer,candidate_id,declared,integer(11),True,False,False,console/migrations/m240808_113636_certificate.php:102,common/models/ExamQuestionAnswer.php:15,recruitment.ExamQuestionAnswer.candidate_id,SourceRef,namespace by system/table; exact join; no email matching,PROPOSED; runtime schema and semantic acceptance unverified
recruitment,exam_question_answer,created_at,declared,dateTime(),False,False,False,console/migrations/m240808_113636_certificate.php:102,common/models/ExamQuestionAnswer.php:22,recruitment.ExamQuestionAnswer.created_at,TemporalValue,preserve source unit/zone; zero/ambiguous value HOLD; see time overrides,PROPOSED; runtime schema and semantic acceptance unverified
recruitment,exam_question_answer,exam_uuid,declared,char(60),False,False,False,console/migrations/m240808_113636_certificate.php:102,common/models/ExamQuestionAnswer.php:14,recruitment.ExamQuestionAnswer.exam_uuid,SourceRef,namespace by system/table; exact join; no email matching,PROPOSED; runtime schema and semantic acceptance unverified
recruitment,exam_question_answer,is_deleted,declared,boolean(),False,False,False,console/migrations/m240808_113636_certificate.php:102,common/models/ExamQuestionAnswer.php:21,recruitment.ExamQuestionAnswer.is_deleted,SourceEnum,explicit per-domain mapping; unknown value HOLD; never grants,PROPOSED; runtime schema and semantic acceptance unverified
recruitment,exam_question_answer,question_ar,declared,string(),False,False,False,console/migrations/m240808_113636_certificate.php:102,common/models/ExamQuestionAnswer.php:19,recruitment.ExamQuestionAnswer.question_ar,SourceText,synthetic replacement; semantic review before import,PROPOSED; runtime schema and semantic acceptance unverified
recruitment,exam_question_answer,question_en,declared,string(),True,False,False,console/migrations/m240808_113636_certificate.php:102,common/models/ExamQuestionAnswer.php:18,recruitment.ExamQuestionAnswer.question_en,SourceText,synthetic replacement; semantic review before import,PROPOSED; runtime schema and semantic acceptance unverified
recruitment,exam_question_answer,question_type,declared,tinyInteger(),False,False,False,console/migrations/m240808_113636_certificate.php:102,common/models/ExamQuestionAnswer.php:17,recruitment.ExamQuestionAnswer.question_type,SourceEnum,explicit per-domain mapping; unknown value HOLD; never grants,PROPOSED; runtime schema and semantic acceptance unverified
recruitment,exam_question_answer,question_uuid,declared,char(60),False,False,False,console/migrations/m240808_113636_certificate.php:102,common/models/ExamQuestionAnswer.php:16,recruitment.ExamQuestionAnswer.question_uuid,SourceRef,namespace by system/table; exact join; no email matching,PROPOSED; runtime schema and semantic acceptance unverified
recruitment,exam_question_answer,updated_at,declared,dateTime(),False,False,False,console/migrations/m240808_113636_certificate.php:102,common/models/ExamQuestionAnswer.php:23,recruitment.ExamQuestionAnswer.updated_at,TemporalValue,preserve source unit/zone; zero/ambiguous value HOLD; see time overrides,PROPOSED; runtime schema and semantic acceptance unverified
recruitment,exam_question_choice,choice_sort_order,declared,integer(11),False,False,False,console/migrations/m240808_113636_certificate.php:78,common/models/ExamQuestionChoice.php:17,recruitment.ExamQuestionChoice.choice_sort_order,ExactInteger,synthetic bounded values; range and null checks,PROPOSED; runtime schema and semantic acceptance unverified
recruitment,exam_question_choice,choice_uuid,declared,char(60),False,False,False,console/migrations/m240808_113636_certificate.php:78,common/models/ExamQuestionChoice.php:13,recruitment.ExamQuestionChoice.choice_uuid,SourceRef,namespace by system/table; exact join; no email matching,PROPOSED; runtime schema and semantic acceptance unverified
recruitment,exam_question_choice,choice_value_ar,declared,string(),False,False,False,console/migrations/m240808_113636_certificate.php:78,common/models/ExamQuestionChoice.php:16,recruitment.ExamQuestionChoice.choice_value_ar,SourceText,synthetic replacement; semantic review before import,PROPOSED; runtime schema and semantic acceptance unverified
recruitment,exam_question_choice,choice_value_en,declared,string(),True,False,False,console/migrations/m240808_113636_certificate.php:78,common/models/ExamQuestionChoice.php:15,recruitment.ExamQuestionChoice.choice_value_en,SourceText,synthetic replacement; semantic review before import,PROPOSED; runtime schema and semantic acceptance unverified
recruitment,exam_question_choice,created_at,declared,dateTime(),False,False,False,console/migrations/m240808_113636_certificate.php:78,common/models/ExamQuestionChoice.php:19,recruitment.ExamQuestionChoice.created_at,TemporalValue,preserve source unit/zone; zero/ambiguous value HOLD; see time overrides,PROPOSED; runtime schema and semantic acceptance unverified
recruitment,exam_question_choice,is_deleted,declared,boolean(),False,False,False,console/migrations/m240808_113636_certificate.php:78,common/models/ExamQuestionChoice.php:18,recruitment.ExamQuestionChoice.is_deleted,SourceEnum,explicit per-domain mapping; unknown value HOLD; never grants,PROPOSED; runtime schema and semantic acceptance unverified
recruitment,exam_question_choice,question_uuid,declared,char(60),False,False,False,console/migrations/m240808_113636_certificate.php:78,common/models/ExamQuestionChoice.php:14,recruitment.ExamQuestionChoice.question_uuid,SourceRef,namespace by system/table; exact join; no email matching,PROPOSED; runtime schema and semantic acceptance unverified
recruitment,exam_question_choice,updated_at,declared,dateTime(),False,False,False,console/migrations/m240808_113636_certificate.php:78,common/models/ExamQuestionChoice.php:20,recruitment.ExamQuestionChoice.updated_at,TemporalValue,preserve source unit/zone; zero/ambiguous value HOLD; see time overrides,PROPOSED; runtime schema and semantic acceptance unverified
finance,expense,amount,declared,"decimal(10, 3)",False,False,False,console/migrations/m220628_134842_expense.php:21,common/models/Expense.php:19,finance.Expense.amount,MoneyDecimal,exact coefficient/scale and currency; snapshots immutable; unresolved currency HOLD,PROPOSED; runtime schema and semantic acceptance unverified
finance,expense,created_at,declared,dateTime(),False,False,False,console/migrations/m220628_134842_expense.php:21,common/models/Expense.php:23,finance.Expense.created_at,TemporalValue,preserve source unit/zone; zero/ambiguous value HOLD; see time overrides,PROPOSED; runtime schema and semantic acceptance unverified
finance,expense,created_by,declared,integer(11),False,False,False,console/migrations/m220628_134842_expense.php:21,common/models/Expense.php:21,finance.Expense.created_by,ExactInteger,synthetic bounded values; range and null checks,PROPOSED; runtime schema and semantic acceptance unverified
finance,expense,detail,declared,literal-or-annotation:string,False,False,False,console/migrations/m220628_134842_expense.php:21,common/models/Expense.php:18,finance.Expense.detail,SensitiveText,replace; never copy free text or destination; no identity joins,PROPOSED; runtime schema and semantic acceptance unverified
finance,expense,expense_uuid,declared,char(60),False,False,False,console/migrations/m220628_134842_expense.php:21,common/models/Expense.php:15,finance.Expense.expense_uuid,SourceRef,namespace by system/table; exact join; no email matching,PROPOSED; runtime schema and semantic acceptance unverified
finance,expense,title,declared,literal-or-annotation:string,True,False,False,console/migrations/m220628_134842_expense.php:21,common/models/Expense.php:16,finance.Expense.title,SourceText,synthetic replacement; semantic review before import,PROPOSED; runtime schema and semantic acceptance unverified
finance,expense,transaction_datetime,declared,literal-or-annotation:string,False,False,False,console/migrations/m220628_161106_expense_date.php:15,common/models/Expense.php:20,finance.Expense.transaction_datetime,TemporalValue,preserve source unit/zone; zero/ambiguous value HOLD; see time overrides,PROPOSED; runtime schema and semantic acceptance unverified
finance,expense,type,declared,string(128),True,False,False,console/migrations/m220628_134842_expense.php:21,common/models/Expense.php:17,finance.Expense.type,SourceEnum,explicit per-domain mapping; unknown value HOLD; never grants,PROPOSED; runtime schema and semantic acceptance unverified
finance,expense,updated_at,declared,dateTime(),False,False,False,console/migrations/m220628_134842_expense.php:21,common/models/Expense.php:24,finance.Expense.updated_at,TemporalValue,preserve source unit/zone; zero/ambiguous value HOLD; see time overrides,PROPOSED; runtime schema and semantic acceptance unverified
finance,expense,updated_by,declared,integer(11),False,False,False,console/migrations/m220628_134842_expense.php:21,common/models/Expense.php:22,finance.Expense.updated_by,ExactInteger,synthetic bounded values; range and null checks,PROPOSED; runtime schema and semantic acceptance unverified
communication,file,company_id,declared,integer(),False,False,False,console/migrations/m200806_102214_file_tbl.php:22,common/models/File.php:15,communication.File.company_id,SourceRef,namespace by system/table; exact join; no email matching,PROPOSED; runtime schema and semantic acceptance unverified
communication,file,file_created_datetime,declared,datetime(),True,False,False,console/migrations/m200806_102214_file_tbl.php:22,common/models/File.php:22,communication.File.file_created_datetime,TemporalValue,preserve source unit/zone; zero/ambiguous value HOLD; see time overrides,PROPOSED; runtime schema and semantic acceptance unverified
communication,file,file_description,declared,text(),False,False,False,console/migrations/m200806_102214_file_tbl.php:22,common/models/File.php:17,communication.File.file_description,SensitiveText,replace; never copy free text or destination; no identity joins,PROPOSED; runtime schema and semantic acceptance unverified
communication,file,file_name,declared,string(),False,False,False,console/migrations/m200806_102214_file_tbl.php:22,common/models/File.php:18,communication.File.file_name,SensitiveText,replace; never copy free text or destination; no identity joins,PROPOSED; runtime schema and semantic acceptance unverified
communication,file,file_s3_path,declared,string(225),False,False,False,console/migrations/m200806_102214_file_tbl.php:22,common/models/File.php:21,communication.File.file_s3_path,DocumentReference,substitute bytes; private owner/type/version; unsupported type HOLD,PROPOSED; runtime schema and semantic acceptance unverified
communication,file,file_size,declared,integer(),False,False,False,console/migrations/m200806_102214_file_tbl.php:22,common/models/File.php:20,communication.File.file_size,ExactInteger,synthetic bounded values; range and null checks,PROPOSED; runtime schema and semantic acceptance unverified
communication,file,file_title,declared,string(),True,False,False,console/migrations/m200806_102214_file_tbl.php:22,common/models/File.php:16,communication.File.file_title,SourceText,synthetic replacement; semantic review before import,PROPOSED; runtime schema and semantic acceptance unverified
communication,file,file_type,declared,string(100),False,False,False,console/migrations/m200924_120455_file_type.php:15,common/models/File.php:19,communication.File.file_type,SourceEnum,explicit per-domain mapping; unknown value HOLD; never grants,PROPOSED; runtime schema and semantic acceptance unverified
communication,file,file_uuid,declared,char(60),False,False,False,console/migrations/m200806_102214_file_tbl.php:22,common/models/File.php:14,communication.File.file_uuid,SourceRef,namespace by system/table; exact join; no email matching,PROPOSED; runtime schema and semantic acceptance unverified
work,firing_hitmap,company_id,declared,integer(11),True,False,False,console/migrations/m240630_171036_hitmap.php:21,common/models/FiringHitmap.php:15,work.FiringHitmap.company_id,SourceRef,namespace by system/table; exact join; no email matching,PROPOSED; runtime schema and semantic acceptance unverified
work,firing_hitmap,created_at,declared,dateTime(),False,False,False,console/migrations/m240630_171036_hitmap.php:21,common/models/FiringHitmap.php:20,work.FiringHitmap.created_at,TemporalValue,preserve source unit/zone; zero/ambiguous value HOLD; see time overrides,PROPOSED; runtime schema and semantic acceptance unverified
work,firing_hitmap,fh_uuid,declared,char(60),False,False,False,console/migrations/m240630_171036_hitmap.php:21,common/models/FiringHitmap.php:14,work.FiringHitmap.fh_uuid,SourceRef,namespace by system/table; exact join; no email matching,PROPOSED; runtime schema and semantic acceptance unverified
work,firing_hitmap,firing_month,declared,tinyInteger(2),True,False,False,console/migrations/m240630_171036_hitmap.php:21,common/models/FiringHitmap.php:16,work.FiringHitmap.firing_month,ExactInteger,synthetic bounded values; range and null checks,PROPOSED; runtime schema and semantic acceptance unverified
work,firing_hitmap,firing_year,declared,smallInteger(4),True,False,False,console/migrations/m240630_171036_hitmap.php:21,common/models/FiringHitmap.php:17,work.FiringHitmap.firing_year,ExactInteger,synthetic bounded values; range and null checks,PROPOSED; runtime schema and semantic acceptance unverified
work,firing_hitmap,is_alerted,declared,boolean(),False,False,False,console/migrations/m240701_062331_hitmap_alert.php:15,common/models/FiringHitmap.php:19,work.FiringHitmap.is_alerted,SourceEnum,explicit per-domain mapping; unknown value HOLD; never grants,PROPOSED; runtime schema and semantic acceptance unverified
work,firing_hitmap,total,declared,integer(11),False,False,False,console/migrations/m240630_171036_hitmap.php:21,common/models/FiringHitmap.php:18,work.FiringHitmap.total,ExactDecimal,synthetic balanced amounts; currency/scale validation; counter overrides apply,PROPOSED; runtime schema and semantic acceptance unverified
work,firing_hitmap,updated_at,declared,dateTime(),False,False,False,console/migrations/m240630_171036_hitmap.php:21,common/models/FiringHitmap.php:21,work.FiringHitmap.updated_at,TemporalValue,preserve source unit/zone; zero/ambiguous value HOLD; see time overrides,PROPOSED; runtime schema and semantic acceptance unverified
finance,fixed_price_contract,candidate_total,declared,"decimal(12, 3)",True,False,False,console/migrations/m241029_193106_contract.php:143,common/models/FixedPriceContract.php:13,finance.FixedPriceContract.candidate_total,MoneyDecimal,exact coefficient/scale and currency; snapshots immutable; unresolved currency HOLD,PROPOSED; runtime schema and semantic acceptance unverified
finance,fixed_price_contract,company_total,declared,"decimal(12, 3)",True,False,False,console/migrations/m241029_193106_contract.php:143,common/models/FixedPriceContract.php:14,finance.FixedPriceContract.company_total,MoneyDecimal,exact coefficient/scale and currency; snapshots immutable; unresolved currency HOLD,PROPOSED; runtime schema and semantic acceptance unverified
finance,fixed_price_contract,completion_percentage,declared,tinyInteger(3),False,False,False,console/migrations/m241029_193106_contract.php:143,common/models/FixedPriceContract.php:15,finance.FixedPriceContract.completion_percentage,ExactInteger,synthetic bounded values; range and null checks,PROPOSED; runtime schema and semantic acceptance unverified
finance,fixed_price_contract,contract_uuid,declared,char(60),True,False,False,console/migrations/m241029_193106_contract.php:143,common/models/FixedPriceContract.php:12,finance.FixedPriceContract.contract_uuid,SourceRef,namespace by system/table; exact join; no email matching,PROPOSED; runtime schema and semantic acceptance unverified
finance,fixed_price_contract,fp_contract_uuid,declared,char(60),False,False,False,console/migrations/m241029_193106_contract.php:143,common/models/FixedPriceContract.php:11,finance.FixedPriceContract.fp_contract_uuid,SourceRef,namespace by system/table; exact join; no email matching,PROPOSED; runtime schema and semantic acceptance unverified
recruitment,fulltimer,country_id,declared,integer(11),False,False,False,console/migrations/m201127_092741_fulltime.php:23,common/models/Fulltimer.php:17,recruitment.Fulltimer.country_id,SourceRef,namespace by system/table; exact join; no email matching,PROPOSED; runtime schema and semantic acceptance unverified
recruitment,fulltimer,currency_code,declared,char(3),False,False,False,console/migrations/m240214_084103_multi_currency.php:242,common/models/Fulltimer.php:36,recruitment.Fulltimer.currency_code,SourceRef,namespace by system/table; exact join; no email matching,PROPOSED; runtime schema and semantic acceptance unverified
recruitment,fulltimer,fulltimer_area_uuid,declared,char(60),False,False,False,console/migrations/m201127_092741_fulltime.php:23,common/models/Fulltimer.php:25,recruitment.Fulltimer.fulltimer_area_uuid,SourceRef,namespace by system/table; exact join; no email matching,PROPOSED; runtime schema and semantic acceptance unverified
recruitment,fulltimer,fulltimer_birth_date,declared,literal-or-annotation:string,False,False,False,console/migrations/m211019_093500_fulltimer_filter.php:58,common/models/Fulltimer.php:23,recruitment.Fulltimer.fulltimer_birth_date,LocalDate,preserve relative dates with coherent synthetic calendar; invalid date HOLD,PROPOSED; runtime schema and semantic acceptance unverified
recruitment,fulltimer,fulltimer_created_datetime,declared,datetime(),True,False,False,console/migrations/m201127_092741_fulltime.php:23,common/models/Fulltimer.php:34,recruitment.Fulltimer.fulltimer_created_datetime,TemporalValue,preserve source unit/zone; zero/ambiguous value HOLD; see time overrides,PROPOSED; runtime schema and semantic acceptance unverified
recruitment,fulltimer,fulltimer_current_salary,declared,string(100),False,False,False,console/migrations/m230127_065610_fulltimer_salary_changes.php:15,common/models/Fulltimer.php:31,recruitment.Fulltimer.fulltimer_current_salary,MoneyDecimal,exact rate/amount with explicit currency and effective period,PROPOSED; runtime schema and semantic acceptance unverified
recruitment,fulltimer,fulltimer_driving_license,declared,boolean(),False,False,False,console/migrations/m211019_093500_fulltimer_filter.php:64,common/models/Fulltimer.php:22,recruitment.Fulltimer.fulltimer_driving_license,ExactInteger,synthetic bounded values; range and null checks,PROPOSED; runtime schema and semantic acceptance unverified
recruitment,fulltimer,fulltimer_email,declared,string(),True,False,True,console/migrations/m201127_092741_fulltime.php:23,common/models/Fulltimer.php:30,recruitment.Fulltimer.fulltimer_email,SensitiveText,replace; never copy free text or destination; no identity joins,PROPOSED; runtime schema and semantic acceptance unverified
recruitment,fulltimer,fulltimer_employed,declared,literal-or-annotation:boolean,False,False,False,console/migrations/m211019_093500_fulltimer_filter.php:46,common/models/Fulltimer.php:20,recruitment.Fulltimer.fulltimer_employed,ExactInteger,synthetic bounded values; range and null checks,PROPOSED; runtime schema and semantic acceptance unverified
recruitment,fulltimer,fulltimer_expected_salary,declared,string(100),False,False,False,console/migrations/m230127_065610_fulltimer_salary_changes.php:16,common/models/Fulltimer.php:32,recruitment.Fulltimer.fulltimer_expected_salary,MoneyDecimal,exact rate/amount with explicit currency and effective period,PROPOSED; runtime schema and semantic acceptance unverified
recruitment,fulltimer,fulltimer_gender,declared,literal-or-annotation:int,False,False,False,console/migrations/m211019_093500_fulltimer_filter.php:52,common/models/Fulltimer.php:21,recruitment.Fulltimer.fulltimer_gender,SourceEnum,explicit per-domain mapping; unknown value HOLD; never grants,PROPOSED; runtime schema and semantic acceptance unverified
recruitment,fulltimer,fulltimer_latitude,declared,literal-or-annotation:string,False,False,False,console/migrations/m201127_092741_fulltime.php:23,common/models/Fulltimer.php:26,recruitment.Fulltimer.fulltimer_latitude,Coordinate,synthetic coordinates; preserve paired start/end and valid/missing classes,PROPOSED; runtime schema and semantic acceptance unverified
recruitment,fulltimer,fulltimer_longitude,declared,literal-or-annotation:string,False,False,False,console/migrations/m201127_092741_fulltime.php:23,common/models/Fulltimer.php:27,recruitment.Fulltimer.fulltimer_longitude,Coordinate,synthetic coordinates; preserve paired start/end and valid/missing classes,PROPOSED; runtime schema and semantic acceptance unverified
recruitment,fulltimer,fulltimer_name,declared,string(),True,False,False,console/migrations/m201127_092741_fulltime.php:23,common/models/Fulltimer.php:28,recruitment.Fulltimer.fulltimer_name,SensitiveText,replace; never copy free text or destination; no identity joins,PROPOSED; runtime schema and semantic acceptance unverified
recruitment,fulltimer,fulltimer_pdf_cv,declared,string(),False,False,False,console/migrations/m201127_092741_fulltime.php:23,common/models/Fulltimer.php:33,recruitment.Fulltimer.fulltimer_pdf_cv,DocumentReference,substitute bytes; private owner/type/version; unsupported type HOLD,PROPOSED; runtime schema and semantic acceptance unverified
recruitment,fulltimer,fulltimer_phone,declared,string(),False,False,False,console/migrations/m201127_092741_fulltime.php:23,common/models/Fulltimer.php:29,recruitment.Fulltimer.fulltimer_phone,SensitiveText,replace; never copy free text or destination; no identity joins,PROPOSED; runtime schema and semantic acceptance unverified
recruitment,fulltimer,fulltimer_updated_datetime,declared,datetime(),True,False,False,console/migrations/m201127_092741_fulltime.php:23,common/models/Fulltimer.php:35,recruitment.Fulltimer.fulltimer_updated_datetime,TemporalValue,preserve source unit/zone; zero/ambiguous value HOLD; see time overrides,PROPOSED; runtime schema and semantic acceptance unverified
recruitment,fulltimer,fulltimer_uuid,declared,char(60),False,False,False,console/migrations/m201127_092741_fulltime.php:23,common/models/Fulltimer.php:15,recruitment.Fulltimer.fulltimer_uuid,SourceRef,namespace by system/table; exact join; no email matching,PROPOSED; runtime schema and semantic acceptance unverified
recruitment,fulltimer,ip_address,declared,string(45),False,False,False,console/migrations/m240203_060625_block_ip.php:17,,recruitment.Fulltimer.ip_address,SensitiveText,replace; never copy free text or destination; no identity joins,PROPOSED; runtime schema and semantic acceptance unverified
recruitment,fulltimer,nationality_id,declared,integer(11),False,False,False,console/migrations/m201127_092741_fulltime.php:23,common/models/Fulltimer.php:16,recruitment.Fulltimer.nationality_id,SourceRef,namespace by system/table; exact join; no email matching,PROPOSED; runtime schema and semantic acceptance unverified
recruitment,fulltimer,university_id,declared,literal-or-annotation:int,False,False,False,console/migrations/m211019_093500_fulltimer_filter.php:23,common/models/Fulltimer.php:19,recruitment.Fulltimer.university_id,SourceRef,namespace by system/table; exact join; no email matching,PROPOSED; runtime schema and semantic acceptance unverified
recruitment,fulltimer_experience,deleted,declared,smallInteger(1),True,False,False,console/migrations/m211019_093500_fulltimer_filter.php:97,common/models/FulltimerExperience.php:16,recruitment.FulltimerExperience.deleted,SourceEnum,explicit per-domain mapping; unknown value HOLD; never grants,PROPOSED; runtime schema and semantic acceptance unverified
recruitment,fulltimer_experience,experience,declared,string(128),True,False,False,console/migrations/m211019_093500_fulltimer_filter.php:97,common/models/FulltimerExperience.php:15,recruitment.FulltimerExperience.experience,SourceText,synthetic replacement; semantic review before import,PROPOSED; runtime schema and semantic acceptance unverified
recruitment,fulltimer_experience,fulltimer_experience_created_at,declared,dateTime(),False,False,False,console/migrations/m211019_093500_fulltimer_filter.php:97,common/models/FulltimerExperience.php:17,recruitment.FulltimerExperience.fulltimer_experience_created_at,TemporalValue,preserve source unit/zone; zero/ambiguous value HOLD; see time overrides,PROPOSED; runtime schema and semantic acceptance unverified
recruitment,fulltimer_experience,fulltimer_experience_id,declared,primaryKey(),False,True,False,console/migrations/m211019_093500_fulltimer_filter.php:97,common/models/FulltimerExperience.php:13,recruitment.FulltimerExperience.fulltimer_experience_id,SourceRef,namespace by system/table; exact join; no email matching,PROPOSED; runtime schema and semantic acceptance unverified
recruitment,fulltimer_experience,fulltimer_uuid,declared,char(60),False,False,False,console/migrations/m211019_093500_fulltimer_filter.php:97,common/models/FulltimerExperience.php:14,recruitment.FulltimerExperience.fulltimer_uuid,SourceRef,namespace by system/table; exact join; no email matching,PROPOSED; runtime schema and semantic acceptance unverified
recruitment,fulltimer_skill,deleted,declared,smallInteger(1),True,False,False,console/migrations/m211019_093500_fulltimer_filter.php:72,common/models/FulltimerSkill.php:16,recruitment.FulltimerSkill.deleted,SourceEnum,explicit per-domain mapping; unknown value HOLD; never grants,PROPOSED; runtime schema and semantic acceptance unverified
recruitment,fulltimer_skill,fulltimer_skill_created_at,declared,dateTime(),False,False,False,console/migrations/m211019_093500_fulltimer_filter.php:72,common/models/FulltimerSkill.php:17,recruitment.FulltimerSkill.fulltimer_skill_created_at,TemporalValue,preserve source unit/zone; zero/ambiguous value HOLD; see time overrides,PROPOSED; runtime schema and semantic acceptance unverified
recruitment,fulltimer_skill,fulltimer_skill_id,declared,primaryKey(),False,True,False,console/migrations/m211019_093500_fulltimer_filter.php:72,common/models/FulltimerSkill.php:13,recruitment.FulltimerSkill.fulltimer_skill_id,SourceRef,namespace by system/table; exact join; no email matching,PROPOSED; runtime schema and semantic acceptance unverified
recruitment,fulltimer_skill,fulltimer_uuid,declared,char(60),False,False,False,console/migrations/m211019_093500_fulltimer_filter.php:72,common/models/FulltimerSkill.php:14,recruitment.FulltimerSkill.fulltimer_uuid,SourceRef,namespace by system/table; exact join; no email matching,PROPOSED; runtime schema and semantic acceptance unverified
recruitment,fulltimer_skill,skill,declared,string(128),True,False,False,console/migrations/m211019_093500_fulltimer_filter.php:72,common/models/FulltimerSkill.php:15,recruitment.FulltimerSkill.skill,SourceText,synthetic replacement; semantic review before import,PROPOSED; runtime schema and semantic acceptance unverified
recruitment,fulltimer_tags,fulltimer_tags_id,declared,primaryKey(),False,True,False,console/migrations/m201127_092741_fulltime.php:89,common/models/FulltimerTags.php:10,recruitment.FulltimerTags.fulltimer_tags_id,SourceRef,namespace by system/table; exact join; no email matching,PROPOSED; runtime schema and semantic acceptance unverified
recruitment,fulltimer_tags,fulltimer_uuid,declared,char(60),True,False,False,console/migrations/m201127_092741_fulltime.php:89,common/models/FulltimerTags.php:11,recruitment.FulltimerTags.fulltimer_uuid,SourceRef,namespace by system/table; exact join; no email matching,PROPOSED; runtime schema and semantic acceptance unverified
recruitment,fulltimer_tags,tag,declared,string(),False,False,False,console/migrations/m201127_092741_fulltime.php:89,common/models/FulltimerTags.php:12,recruitment.FulltimerTags.tag,SourceText,synthetic replacement; semantic review before import,PROPOSED; runtime schema and semantic acceptance unverified
finance,hourly_contract,candidate_hourly_rate,declared,"decimal(12, 3)",True,False,False,console/migrations/m241029_193106_contract.php:116,common/models/HourlyContract.php:13,finance.HourlyContract.candidate_hourly_rate,MoneyDecimal,exact coefficient/scale and currency; snapshots immutable; unresolved currency HOLD,PROPOSED; runtime schema and semantic acceptance unverified
finance,hourly_contract,company_hourly_rate,declared,"decimal(12, 3)",True,False,False,console/migrations/m241029_193106_contract.php:116,common/models/HourlyContract.php:14,finance.HourlyContract.company_hourly_rate,MoneyDecimal,exact coefficient/scale and currency; snapshots immutable; unresolved currency HOLD,PROPOSED; runtime schema and semantic acceptance unverified
finance,hourly_contract,contract_uuid,declared,char(60),True,False,False,console/migrations/m241029_193106_contract.php:116,common/models/HourlyContract.php:12,finance.HourlyContract.contract_uuid,SourceRef,namespace by system/table; exact join; no email matching,PROPOSED; runtime schema and semantic acceptance unverified
finance,hourly_contract,h_contract_uuid,declared,char(60),False,False,False,console/migrations/m241029_193106_contract.php:116,common/models/HourlyContract.php:11,finance.HourlyContract.h_contract_uuid,SourceRef,namespace by system/table; exact join; no email matching,PROPOSED; runtime schema and semantic acceptance unverified
identity,inspector,enable_two_step_auth,declared,boolean(),False,False,False,console/migrations/m250130_115508_2step_auth.php:41,,identity.Inspector.enable_two_step_auth,ExactInteger,synthetic bounded values; range and null checks,PROPOSED; runtime schema and semantic acceptance unverified
identity,inspector,inspector_auth_key,declared,string(32),True,False,False,console/migrations/m200904_075357_inspector_type_user.php:21,common/models/Inspector.php:21,identity.Inspector.inspector_auth_key,ExcludedCredential,DROP; synthetic auth only,PROPOSED; runtime schema and semantic acceptance unverified
identity,inspector,inspector_created_at,declared,datetime(),True,False,False,console/migrations/m200904_075357_inspector_type_user.php:21,common/models/Inspector.php:26,identity.Inspector.inspector_created_at,TemporalValue,preserve source unit/zone; zero/ambiguous value HOLD; see time overrides,PROPOSED; runtime schema and semantic acceptance unverified
identity,inspector,inspector_deleted,declared,smallInteger(),True,False,False,console/migrations/m200904_075357_inspector_type_user.php:21,common/models/Inspector.php:25,identity.Inspector.inspector_deleted,SourceEnum,explicit per-domain mapping; unknown value HOLD; never grants,PROPOSED; runtime schema and semantic acceptance unverified
identity,inspector,inspector_email,declared,string(),True,False,True,console/migrations/m200904_075357_inspector_type_user.php:21,common/models/Inspector.php:20,identity.Inspector.inspector_email,SensitiveText,replace; never copy free text or destination; no identity joins,PROPOSED; runtime schema and semantic acceptance unverified
identity,inspector,inspector_name,declared,string(),True,False,False,console/migrations/m200904_075357_inspector_type_user.php:21,common/models/Inspector.php:19,identity.Inspector.inspector_name,SensitiveText,replace; never copy free text or destination; no identity joins,PROPOSED; runtime schema and semantic acceptance unverified
identity,inspector,inspector_password_hash,declared,string(),True,False,False,console/migrations/m200904_075357_inspector_type_user.php:21,common/models/Inspector.php:22,identity.Inspector.inspector_password_hash,ExcludedCredential,DROP; synthetic auth only,PROPOSED; runtime schema and semantic acceptance unverified
identity,inspector,inspector_password_reset_token,declared,string(),False,False,True,console/migrations/m200904_075357_inspector_type_user.php:21,common/models/Inspector.php:23,identity.Inspector.inspector_password_reset_token,ExcludedCredential,DROP; synthetic auth only,PROPOSED; runtime schema and semantic acceptance unverified
identity,inspector,inspector_status,declared,smallInteger(),True,False,False,console/migrations/m200904_075357_inspector_type_user.php:21,common/models/Inspector.php:24,identity.Inspector.inspector_status,SourceEnum,explicit per-domain mapping; unknown value HOLD; never grants,PROPOSED; runtime schema and semantic acceptance unverified
identity,inspector,inspector_updated_at,declared,datetime(),True,False,False,console/migrations/m200904_075357_inspector_type_user.php:21,common/models/Inspector.php:27,identity.Inspector.inspector_updated_at,TemporalValue,preserve source unit/zone; zero/ambiguous value HOLD; see time overrides,PROPOSED; runtime schema and semantic acceptance unverified
identity,inspector,inspector_uuid,declared,char(60),False,False,False,console/migrations/m200904_075357_inspector_type_user.php:21,common/models/Inspector.php:18,identity.Inspector.inspector_uuid,SourceRef,namespace by system/table; exact join; no email matching,PROPOSED; runtime schema and semantic acceptance unverified
identity,inspector,ip_address,declared,string(45),False,False,False,console/migrations/m240203_060625_block_ip.php:18,,identity.Inspector.ip_address,SensitiveText,replace; never copy free text or destination; no identity joins,PROPOSED; runtime schema and semantic acceptance unverified
identity,inspector_token,inspector_uuid,declared,char(60),True,False,False,console/migrations/m200904_075357_inspector_type_user.php:36,common/models/InspectorToken.php:14,identity.InspectorToken.inspector_uuid,ExcludedCredential,DROP; synthetic auth only,PROPOSED; runtime schema and semantic acceptance unverified
identity,inspector_token,ip_address,declared,string(45),False,False,False,console/migrations/m250129_142636_token_expiry.php:37,common/models/InspectorToken.php:21,identity.InspectorToken.ip_address,ExcludedCredential,DROP; synthetic auth only,PROPOSED; runtime schema and semantic acceptance unverified
identity,inspector_token,otp,declared,char(5),False,False,False,console/migrations/m250130_115508_2step_auth.php:64,,identity.InspectorToken.otp,ExcludedCredential,DROP; synthetic auth only,PROPOSED; runtime schema and semantic acceptance unverified
identity,inspector_token,token_created_datetime,declared,datetime(),True,False,False,console/migrations/m200904_075357_inspector_type_user.php:36,common/models/InspectorToken.php:22,identity.InspectorToken.token_created_datetime,ExcludedCredential,DROP; synthetic auth only,PROPOSED; runtime schema and semantic acceptance unverified
identity,inspector_token,token_device,declared,string(),False,False,False,console/migrations/m200904_075357_inspector_type_user.php:36,common/models/InspectorToken.php:16,identity.InspectorToken.token_device,ExcludedCredential,DROP; synthetic auth only,PROPOSED; runtime schema and semantic acceptance unverified
identity,inspector_token,token_device_id,declared,string(),False,False,False,console/migrations/m200904_075357_inspector_type_user.php:36,common/models/InspectorToken.php:17,identity.InspectorToken.token_device_id,ExcludedCredential,DROP; synthetic auth only,PROPOSED; runtime schema and semantic acceptance unverified
identity,inspector_token,token_expiry_datetime,declared,datetime(),False,False,False,console/migrations/m200904_075357_inspector_type_user.php:36,common/models/InspectorToken.php:20,identity.InspectorToken.token_expiry_datetime,ExcludedCredential,DROP; synthetic auth only,PROPOSED; runtime schema and semantic acceptance unverified
identity,inspector_token,token_last_used_datetime,declared,datetime(),False,False,False,console/migrations/m200904_075357_inspector_type_user.php:36,common/models/InspectorToken.php:19,identity.InspectorToken.token_last_used_datetime,ExcludedCredential,DROP; synthetic auth only,PROPOSED; runtime schema and semantic acceptance unverified
identity,inspector_token,token_status,declared,smallInteger(),True,False,False,console/migrations/m200904_075357_inspector_type_user.php:36,common/models/InspectorToken.php:18,identity.InspectorToken.token_status,ExcludedCredential,DROP; synthetic auth only,PROPOSED; runtime schema and semantic acceptance unverified
identity,inspector_token,token_uuid,declared,char(60),False,False,False,console/migrations/m200904_075357_inspector_type_user.php:36,common/models/InspectorToken.php:13,identity.InspectorToken.token_uuid,ExcludedCredential,DROP; synthetic auth only,PROPOSED; runtime schema and semantic acceptance unverified
identity,inspector_token,token_value,declared,string(),True,False,False,console/migrations/m200904_075357_inspector_type_user.php:36,common/models/InspectorToken.php:15,identity.InspectorToken.token_value,ExcludedCredential,DROP; synthetic auth only,PROPOSED; runtime schema and semantic acceptance unverified
identity,inspector_token,total_attempt,declared,tinyInteger(1),False,False,False,console/migrations/m250130_115508_2step_auth.php:87,,identity.InspectorToken.total_attempt,ExcludedCredential,DROP; synthetic auth only,PROPOSED; runtime schema and semantic acceptance unverified
recruitment,interview_evaluation,candidate_id,declared,integer(11),True,False,False,console/migrations/m240715_083745_interview.php:23,common/models/InterviewEvaluation.php:17,recruitment.InterviewEvaluation.candidate_id,SourceRef,namespace by system/table; exact join; no email matching,PROPOSED; runtime schema and semantic acceptance unverified
recruitment,interview_evaluation,company_id,declared,integer(11),False,False,False,console/migrations/m240723_094247_interview.php:16,common/models/InterviewEvaluation.php:15,recruitment.InterviewEvaluation.company_id,SourceRef,namespace by system/table; exact join; no email matching,PROPOSED; runtime schema and semantic acceptance unverified
recruitment,interview_evaluation,created_at,declared,dateTime(),False,False,False,console/migrations/m240702_075505_interview_note.php:21,common/models/InterviewEvaluation.php:18,recruitment.InterviewEvaluation.created_at,TemporalValue,preserve source unit/zone; zero/ambiguous value HOLD; see time overrides,PROPOSED; runtime schema and semantic acceptance unverified
recruitment,interview_evaluation,interview_evaluation_uuid,declared,char(60),False,False,False,console/migrations/m240702_075505_interview_note.php:21,common/models/InterviewEvaluation.php:13,recruitment.InterviewEvaluation.interview_evaluation_uuid,SourceRef,namespace by system/table; exact join; no email matching,PROPOSED; runtime schema and semantic acceptance unverified
recruitment,interview_evaluation,request_uuid,declared,char(60),False,False,False,console/migrations/m240723_094247_interview.php:15,common/models/InterviewEvaluation.php:14,recruitment.InterviewEvaluation.request_uuid,SourceRef,namespace by system/table; exact join; no email matching,PROPOSED; runtime schema and semantic acceptance unverified
recruitment,interview_evaluation,staff_id,declared,integer(11),False,False,False,console/migrations/m240702_075505_interview_note.php:21,common/models/InterviewEvaluation.php:16,recruitment.InterviewEvaluation.staff_id,SourceRef,namespace by system/table; exact join; no email matching,PROPOSED; runtime schema and semantic acceptance unverified
recruitment,interview_evaluation,updated_at,declared,dateTime(),False,False,False,console/migrations/m240702_075505_interview_note.php:21,common/models/InterviewEvaluation.php:19,recruitment.InterviewEvaluation.updated_at,TemporalValue,preserve source unit/zone; zero/ambiguous value HOLD; see time overrides,PROPOSED; runtime schema and semantic acceptance unverified
recruitment,interview_evaluation_note,ien_uuid,declared,char(60),False,False,False,console/migrations/m240708_092502_interview_note.php:57,common/models/InterviewEvaluationNote.php:13,recruitment.InterviewEvaluationNote.ien_uuid,SourceRef,namespace by system/table; exact join; no email matching,PROPOSED; runtime schema and semantic acceptance unverified
recruitment,interview_evaluation_note,ienv_uuid,declared,char(60),False,False,False,console/migrations/m240708_092502_interview_note.php:57,common/models/InterviewEvaluationNote.php:14,recruitment.InterviewEvaluationNote.ienv_uuid,SourceRef,namespace by system/table; exact join; no email matching,PROPOSED; runtime schema and semantic acceptance unverified
recruitment,interview_evaluation_note,note,declared,text(),False,False,False,console/migrations/m240708_092502_interview_note.php:57,common/models/InterviewEvaluationNote.php:15,recruitment.InterviewEvaluationNote.note,SensitiveText,replace; never copy free text or destination; no identity joins,PROPOSED; runtime schema and semantic acceptance unverified
recruitment,interview_evaluation_note_version,created_at,declared,dateTime(),False,False,False,console/migrations/m240708_092502_interview_note.php:21,common/models/InterviewEvaluationNoteVersion.php:17,recruitment.InterviewEvaluationNoteVersion.created_at,TemporalValue,preserve source unit/zone; zero/ambiguous value HOLD; see time overrides,PROPOSED; runtime schema and semantic acceptance unverified
recruitment,interview_evaluation_note_version,ienv_uuid,declared,char(60),False,False,False,console/migrations/m240708_092502_interview_note.php:21,common/models/InterviewEvaluationNoteVersion.php:13,recruitment.InterviewEvaluationNoteVersion.ienv_uuid,SourceRef,namespace by system/table; exact join; no email matching,PROPOSED; runtime schema and semantic acceptance unverified
recruitment,interview_evaluation_note_version,interview_evaluation_uuid,declared,char(60),False,False,False,console/migrations/m240708_092502_interview_note.php:21,common/models/InterviewEvaluationNoteVersion.php:14,recruitment.InterviewEvaluationNoteVersion.interview_evaluation_uuid,SourceRef,namespace by system/table; exact join; no email matching,PROPOSED; runtime schema and semantic acceptance unverified
recruitment,interview_evaluation_note_version,staff_id,declared,integer(11),False,False,False,console/migrations/m240708_092502_interview_note.php:21,common/models/InterviewEvaluationNoteVersion.php:16,recruitment.InterviewEvaluationNoteVersion.staff_id,SourceRef,namespace by system/table; exact join; no email matching,PROPOSED; runtime schema and semantic acceptance unverified
recruitment,interview_evaluation_note_version,updated_at,declared,dateTime(),False,False,False,console/migrations/m240708_092502_interview_note.php:21,common/models/InterviewEvaluationNoteVersion.php:18,recruitment.InterviewEvaluationNoteVersion.updated_at,TemporalValue,preserve source unit/zone; zero/ambiguous value HOLD; see time overrides,PROPOSED; runtime schema and semantic acceptance unverified
recruitment,interview_evaluation_note_version,version,declared,tinyInteger(4),False,False,False,console/migrations/m240708_092502_interview_note.php:21,common/models/InterviewEvaluationNoteVersion.php:15,recruitment.InterviewEvaluationNoteVersion.version,ExactInteger,synthetic bounded values; range and null checks,PROPOSED; runtime schema and semantic acceptance unverified
recruitment,invitation,candidate_id,declared,literal-or-annotation:int,False,False,False,console/migrations/m210222_122653_invitation.php:20,common/models/Invitation.php:18,recruitment.Invitation.candidate_id,SourceRef,namespace by system/table; exact join; no email matching,PROPOSED; runtime schema and semantic acceptance unverified
recruitment,invitation,invitation_app_seen_at,declared,literal-or-annotation:string,False,False,False,console/migrations/m210414_080805_invitation_time.php:15,common/models/Invitation.php:22,recruitment.Invitation.invitation_app_seen_at,TemporalValue,preserve source unit/zone; zero/ambiguous value HOLD; see time overrides,PROPOSED; runtime schema and semantic acceptance unverified
recruitment,invitation,invitation_created_at,declared,datetime(),False,False,False,console/migrations/m210222_122653_invitation.php:20,common/models/Invitation.php:30,recruitment.Invitation.invitation_created_at,TemporalValue,preserve source unit/zone; zero/ambiguous value HOLD; see time overrides,PROPOSED; runtime schema and semantic acceptance unverified
recruitment,invitation,invitation_created_by_company,declared,integer(11),False,False,False,console/migrations/m210222_122653_invitation.php:20,common/models/Invitation.php:28,recruitment.Invitation.invitation_created_by_company,ExactInteger,synthetic bounded values; range and null checks,PROPOSED; runtime schema and semantic acceptance unverified
recruitment,invitation,invitation_created_by_staff,declared,integer(11),False,False,False,console/migrations/m210222_122653_invitation.php:20,common/models/Invitation.php:26,recruitment.Invitation.invitation_created_by_staff,ExactInteger,synthetic bounded values; range and null checks,PROPOSED; runtime schema and semantic acceptance unverified
recruitment,invitation,invitation_email_seen_at,declared,literal-or-annotation:string,False,False,False,console/migrations/m210414_080805_invitation_time.php:16,common/models/Invitation.php:23,recruitment.Invitation.invitation_email_seen_at,SensitiveText,replace; never copy free text or destination; no identity joins,PROPOSED; runtime schema and semantic acceptance unverified
recruitment,invitation,invitation_seen_in,declared,integer(11),False,False,False,console/migrations/m240728_162148_invitation_seen_in.php:22,common/models/Invitation.php:24,recruitment.Invitation.invitation_seen_in,ExactInteger,synthetic bounded values; range and null checks,PROPOSED; runtime schema and semantic acceptance unverified
recruitment,invitation,invitation_seen_via,declared,string(10),False,False,False,console/migrations/m240728_162148_invitation_seen_in.php:33,common/models/Invitation.php:25,recruitment.Invitation.invitation_seen_via,SourceText,synthetic replacement; semantic review before import,PROPOSED; runtime schema and semantic acceptance unverified
recruitment,invitation,invitation_status,declared,tinyInteger(2),False,False,False,console/migrations/m210222_122653_invitation.php:20,common/models/Invitation.php:21,recruitment.Invitation.invitation_status,SourceEnum,explicit per-domain mapping; unknown value HOLD; never grants,PROPOSED; runtime schema and semantic acceptance unverified
recruitment,invitation,invitation_updated_at,declared,datetime(),False,False,False,console/migrations/m210222_122653_invitation.php:20,common/models/Invitation.php:31,recruitment.Invitation.invitation_updated_at,TemporalValue,preserve source unit/zone; zero/ambiguous value HOLD; see time overrides,PROPOSED; runtime schema and semantic acceptance unverified
recruitment,invitation,invitation_updated_by_company,declared,integer(11),False,False,False,console/migrations/m210222_122653_invitation.php:20,common/models/Invitation.php:29,recruitment.Invitation.invitation_updated_by_company,ExactInteger,synthetic bounded values; range and null checks,PROPOSED; runtime schema and semantic acceptance unverified
recruitment,invitation,invitation_updated_by_staff,declared,integer(11),False,False,False,console/migrations/m210222_122653_invitation.php:20,common/models/Invitation.php:27,recruitment.Invitation.invitation_updated_by_staff,ExactInteger,synthetic bounded values; range and null checks,PROPOSED; runtime schema and semantic acceptance unverified
recruitment,invitation,invitation_uuid,declared,char(60),False,False,False,console/migrations/m210222_122653_invitation.php:20,common/models/Invitation.php:17,recruitment.Invitation.invitation_uuid,SourceRef,namespace by system/table; exact join; no email matching,PROPOSED; runtime schema and semantic acceptance unverified
recruitment,invitation,job_interest_uuid,declared,char(60),False,False,False,console/migrations/m241229_113044_job.php:205,,recruitment.Invitation.job_interest_uuid,SourceRef,namespace by system/table; exact join; no email matching,PROPOSED; runtime schema and semantic acceptance unverified
recruitment,invitation,request_uuid,declared,char(60),True,False,False,console/migrations/m210222_122653_invitation.php:20,common/models/Invitation.php:19,recruitment.Invitation.request_uuid,SourceRef,namespace by system/table; exact join; no email matching,PROPOSED; runtime schema and semantic acceptance unverified
recruitment,invitation,story_uuid,declared,char(60),False,False,False,console/migrations/m211224_102328_invitation.php:23,common/models/Invitation.php:20,recruitment.Invitation.story_uuid,SourceRef,namespace by system/table; exact join; no email matching,PROPOSED; runtime schema and semantic acceptance unverified
finance,invoice,deleted,declared,smallInteger(1),True,False,False,console/migrations/m170608_114707_soft_delete.php:9,common/models/Invoice.php:14,finance.Invoice.deleted,SourceEnum,explicit per-domain mapping; unknown value HOLD; never grants,PROPOSED; runtime schema and semantic acceptance unverified
finance,invoice,invoice_date,declared,date(),False,False,False,console/migrations/m170428_113508_invoice.php:45,common/models/Invoice.php:12,finance.Invoice.invoice_date,LocalDate,preserve relative dates with coherent synthetic calendar; invalid date HOLD,PROPOSED; runtime schema and semantic acceptance unverified
finance,invoice,invoice_id,declared,primaryKey(),False,True,False,console/migrations/m170428_113508_invoice.php:45,common/models/Invoice.php:10,finance.Invoice.invoice_id,SourceRef,namespace by system/table; exact join; no email matching,PROPOSED; runtime schema and semantic acceptance unverified
finance,invoice,invoice_status,declared,literal-or-annotation:string,False,False,False,console/migrations/m170428_113508_invoice.php:45,common/models/Invoice.php:13,finance.Invoice.invoice_status,SourceEnum,explicit per-domain mapping; unknown value HOLD; never grants,PROPOSED; runtime schema and semantic acceptance unverified
finance,invoice,transfer_id,declared,integer(11),False,False,False,console/migrations/m170428_113508_invoice.php:45,common/models/Invoice.php:11,finance.Invoice.transfer_id,SourceRef,namespace by system/table; exact join; no email matching,PROPOSED; runtime schema and semantic acceptance unverified
recruitment,job,area_uuid,declared,char(60),False,False,False,console/migrations/m241229_113044_job.php:23,common/models/Job.php:18,recruitment.Job.area_uuid,SourceRef,namespace by system/table; exact join; no email matching,PROPOSED; runtime schema and semantic acceptance unverified
recruitment,job,available_from,declared,dateTime(),False,False,False,console/migrations/m241229_113044_job.php:23,common/models/Job.php:32,recruitment.Job.available_from,TemporalValue,preserve source unit/zone; zero/ambiguous value HOLD; see time overrides,PROPOSED; runtime schema and semantic acceptance unverified
recruitment,job,available_to,declared,dateTime(),False,False,False,console/migrations/m241229_113044_job.php:23,common/models/Job.php:33,recruitment.Job.available_to,TemporalValue,preserve source unit/zone; zero/ambiguous value HOLD; see time overrides,PROPOSED; runtime schema and semantic acceptance unverified
recruitment,job,compensation_amount,declared,string(),False,False,False,console/migrations/m250127_173531_job_amount.php:15,common/models/Job.php:26,recruitment.Job.compensation_amount,ExactDecimal,synthetic balanced amounts; currency/scale validation; counter overrides apply,PROPOSED; runtime schema and semantic acceptance unverified
recruitment,job,compensation_description,declared,text(),False,False,False,console/migrations/m241229_113044_job.php:23,common/models/Job.php:27,recruitment.Job.compensation_description,SensitiveText,replace; never copy free text or destination; no identity joins,PROPOSED; runtime schema and semantic acceptance unverified
recruitment,job,compensation_description_ar,declared,text(),False,False,False,console/migrations/m241229_113044_job.php:23,common/models/Job.php:28,recruitment.Job.compensation_description_ar,SensitiveText,replace; never copy free text or destination; no identity joins,PROPOSED; runtime schema and semantic acceptance unverified
recruitment,job,compensation_type,declared,literal-or-annotation:string,False,False,False,console/migrations/m241229_113044_job.php:23,common/models/Job.php:25,recruitment.Job.compensation_type,SourceEnum,explicit per-domain mapping; unknown value HOLD; never grants,PROPOSED; runtime schema and semantic acceptance unverified
recruitment,job,created_at,declared,dateTime(),False,False,False,console/migrations/m241229_113044_job.php:23,common/models/Job.php:35,recruitment.Job.created_at,TemporalValue,preserve source unit/zone; zero/ambiguous value HOLD; see time overrides,PROPOSED; runtime schema and semantic acceptance unverified
recruitment,job,created_by,declared,integer(11),False,False,False,console/migrations/m241229_113044_job.php:23,common/models/Job.php:37,recruitment.Job.created_by,ExactInteger,synthetic bounded values; range and null checks,PROPOSED; runtime schema and semantic acceptance unverified
recruitment,job,days_per_week,declared,tinyInteger(1),False,False,False,console/migrations/m241229_113044_job.php:23,common/models/Job.php:24,recruitment.Job.days_per_week,ExactInteger,synthetic bounded values; range and null checks,PROPOSED; runtime schema and semantic acceptance unverified
recruitment,job,deleted_at,declared,dateTime(),False,False,False,console/migrations/m250127_131617_job_delete.php:25,,recruitment.Job.deleted_at,TemporalValue,preserve source unit/zone; zero/ambiguous value HOLD; see time overrides,PROPOSED; runtime schema and semantic acceptance unverified
recruitment,job,deleted_by,declared,integer(11),False,False,False,console/migrations/m250127_131617_job_delete.php:26,,recruitment.Job.deleted_by,SourceEnum,explicit per-domain mapping; unknown value HOLD; never grants,PROPOSED; runtime schema and semantic acceptance unverified
recruitment,job,description,declared,text(),False,False,False,console/migrations/m241229_113044_job.php:23,common/models/Job.php:21,recruitment.Job.description,SensitiveText,replace; never copy free text or destination; no identity joins,PROPOSED; runtime schema and semantic acceptance unverified
recruitment,job,description_ar,declared,text(),False,False,False,console/migrations/m241229_113044_job.php:23,common/models/Job.php:22,recruitment.Job.description_ar,SensitiveText,replace; never copy free text or destination; no identity joins,PROPOSED; runtime schema and semantic acceptance unverified
recruitment,job,gender,declared,tinyInteger(1),False,False,False,console/migrations/m241229_113044_job.php:23,common/models/Job.php:31,recruitment.Job.gender,SourceEnum,explicit per-domain mapping; unknown value HOLD; never grants,PROPOSED; runtime schema and semantic acceptance unverified
recruitment,job,hours_per_day,declared,tinyInteger(2),False,False,False,console/migrations/m241229_113044_job.php:23,common/models/Job.php:23,recruitment.Job.hours_per_day,ExactInteger,synthetic bounded values; range and null checks,PROPOSED; runtime schema and semantic acceptance unverified
recruitment,job,job_uuid,declared,char(60),False,False,False,console/migrations/m241229_113044_job.php:23,common/models/Job.php:15,recruitment.Job.job_uuid,SourceRef,namespace by system/table; exact join; no email matching,PROPOSED; runtime schema and semantic acceptance unverified
recruitment,job,max_age,declared,tinyInteger(3),False,False,False,console/migrations/m241229_113044_job.php:23,common/models/Job.php:30,recruitment.Job.max_age,ExactInteger,synthetic bounded values; range and null checks,PROPOSED; runtime schema and semantic acceptance unverified
recruitment,job,min_age,declared,tinyInteger(3),False,False,False,console/migrations/m241229_113044_job.php:23,common/models/Job.php:29,recruitment.Job.min_age,ExactInteger,synthetic bounded values; range and null checks,PROPOSED; runtime schema and semantic acceptance unverified
recruitment,job,position,declared,string(),True,False,False,console/migrations/m241229_113044_job.php:23,common/models/Job.php:19,recruitment.Job.position,SourceText,synthetic replacement; semantic review before import,PROPOSED; runtime schema and semantic acceptance unverified
recruitment,job,position_ar,declared,string(),False,False,False,console/migrations/m241229_113044_job.php:23,common/models/Job.php:20,recruitment.Job.position_ar,SourceText,synthetic replacement; semantic review before import,PROPOSED; runtime schema and semantic acceptance unverified
recruitment,job,request_uuid,declared,char(60),True,False,False,console/migrations/m241229_113044_job.php:23,common/models/Job.php:17,recruitment.Job.request_uuid,SourceRef,namespace by system/table; exact join; no email matching,PROPOSED; runtime schema and semantic acceptance unverified
recruitment,job,status,declared,tinyInteger(1),False,False,False,console/migrations/m241229_113044_job.php:23,common/models/Job.php:34,recruitment.Job.status,SourceEnum,explicit per-domain mapping; unknown value HOLD; never grants,PROPOSED; runtime schema and semantic acceptance unverified
recruitment,job,story_uuid,declared,char(60),True,False,False,console/migrations/m241229_113044_job.php:23,common/models/Job.php:16,recruitment.Job.story_uuid,SourceRef,namespace by system/table; exact join; no email matching,PROPOSED; runtime schema and semantic acceptance unverified
recruitment,job,updated_at,declared,dateTime(),False,False,False,console/migrations/m241229_113044_job.php:23,common/models/Job.php:36,recruitment.Job.updated_at,TemporalValue,preserve source unit/zone; zero/ambiguous value HOLD; see time overrides,PROPOSED; runtime schema and semantic acceptance unverified
recruitment,job,updated_by,declared,integer(11),False,False,False,console/migrations/m241229_113044_job.php:23,common/models/Job.php:38,recruitment.Job.updated_by,ExactInteger,synthetic bounded values; range and null checks,PROPOSED; runtime schema and semantic acceptance unverified
recruitment,job_interest,candidate_id,declared,integer(11),True,False,False,console/migrations/m241229_113044_job.php:159,common/models/JobInterest.php:15,recruitment.JobInterest.candidate_id,SourceRef,namespace by system/table; exact join; no email matching,PROPOSED; runtime schema and semantic acceptance unverified
recruitment,job_interest,created_at,declared,dateTime(),False,False,False,console/migrations/m241229_113044_job.php:159,common/models/JobInterest.php:20,recruitment.JobInterest.created_at,TemporalValue,preserve source unit/zone; zero/ambiguous value HOLD; see time overrides,PROPOSED; runtime schema and semantic acceptance unverified
recruitment,job_interest,job_interest_uuid,declared,char(60),False,False,False,console/migrations/m241229_113044_job.php:159,common/models/JobInterest.php:14,recruitment.JobInterest.job_interest_uuid,SourceRef,namespace by system/table; exact join; no email matching,PROPOSED; runtime schema and semantic acceptance unverified
recruitment,job_interest,job_uuid,declared,char(60),True,False,False,console/migrations/m241229_113044_job.php:159,common/models/JobInterest.php:16,recruitment.JobInterest.job_uuid,SourceRef,namespace by system/table; exact join; no email matching,PROPOSED; runtime schema and semantic acceptance unverified
recruitment,job_interest,notes,declared,text(),False,False,False,console/migrations/m241229_113044_job.php:159,common/models/JobInterest.php:18,recruitment.JobInterest.notes,SensitiveText,replace; never copy free text or destination; no identity joins,PROPOSED; runtime schema and semantic acceptance unverified
recruitment,job_interest,seen_at,declared,dateTime(),False,False,False,console/migrations/m241229_113044_job.php:159,common/models/JobInterest.php:19,recruitment.JobInterest.seen_at,TemporalValue,preserve source unit/zone; zero/ambiguous value HOLD; see time overrides,PROPOSED; runtime schema and semantic acceptance unverified
recruitment,job_interest,status,declared,string(),False,False,False,console/migrations/m241229_113044_job.php:159,common/models/JobInterest.php:17,recruitment.JobInterest.status,SourceEnum,explicit per-domain mapping; unknown value HOLD; never grants,PROPOSED; runtime schema and semantic acceptance unverified
recruitment,job_interest,updated_at,declared,dateTime(),False,False,False,console/migrations/m241229_113044_job.php:159,common/models/JobInterest.php:21,recruitment.JobInterest.updated_at,TemporalValue,preserve source unit/zone; zero/ambiguous value HOLD; see time overrides,PROPOSED; runtime schema and semantic acceptance unverified
recruitment,job_skills,job_uuid,declared,char(60),False,False,False,console/migrations/m241229_113044_job.php:141,common/models/JobSkills.php:10,recruitment.JobSkills.job_uuid,SourceRef,namespace by system/table; exact join; no email matching,PROPOSED; runtime schema and semantic acceptance unverified
recruitment,job_skills,skill,declared,string(),True,False,False,console/migrations/m241229_113044_job.php:141,common/models/JobSkills.php:11,recruitment.JobSkills.skill,SourceText,synthetic replacement; semantic review before import,PROPOSED; runtime schema and semantic acceptance unverified
recruitment,job_skills,skill_ar,declared,string(),False,False,False,console/migrations/m241229_113044_job.php:141,common/models/JobSkills.php:12,recruitment.JobSkills.skill_ar,SourceText,synthetic replacement; semantic review before import,PROPOSED; runtime schema and semantic acceptance unverified
operations,mail_log,app,declared,string(),False,False,False,console/migrations/m240227_045347_mail_log.php:21,common/models/MailLog.php:17,operations.MailLog.app,SourceText,synthetic replacement; semantic review before import,PROPOSED; runtime schema and semantic acceptance unverified
operations,mail_log,created_at,declared,dateTime(),True,False,False,console/migrations/m240227_045347_mail_log.php:21,common/models/MailLog.php:18,operations.MailLog.created_at,TemporalValue,preserve source unit/zone; zero/ambiguous value HOLD; see time overrides,PROPOSED; runtime schema and semantic acceptance unverified
operations,mail_log,from,declared,string(),False,False,False,console/migrations/m240227_045347_mail_log.php:21,common/models/MailLog.php:14,operations.MailLog.from,SensitiveText,replace; never copy free text or destination; no identity joins,PROPOSED; runtime schema and semantic acceptance unverified
operations,mail_log,mail_uuid,declared,char(60),False,False,False,console/migrations/m240227_045347_mail_log.php:21,common/models/MailLog.php:13,operations.MailLog.mail_uuid,SourceRef,namespace by system/table; exact join; no email matching,PROPOSED; runtime schema and semantic acceptance unverified
operations,mail_log,subject,declared,string(),False,False,False,console/migrations/m240227_045347_mail_log.php:21,common/models/MailLog.php:16,operations.MailLog.subject,SourceText,synthetic replacement; semantic review before import,PROPOSED; runtime schema and semantic acceptance unverified
operations,mail_log,to,declared,string(),False,False,False,console/migrations/m240227_045347_mail_log.php:21,common/models/MailLog.php:15,operations.MailLog.to,SensitiveText,replace; never copy free text or destination; no identity joins,PROPOSED; runtime schema and semantic acceptance unverified
operations,mail_log,updated_at,declared,dateTime(),True,False,False,console/migrations/m240227_045347_mail_log.php:21,common/models/MailLog.php:19,operations.MailLog.updated_at,TemporalValue,preserve source unit/zone; zero/ambiguous value HOLD; see time overrides,PROPOSED; runtime schema and semantic acceptance unverified
profile,major,data_source,declared,smallInteger(1),False,False,False,console/migrations/m240523_133605_education.php:132,common/models/Major.php:18,profile.Major.data_source,ExactInteger,synthetic bounded values; range and null checks,PROPOSED; runtime schema and semantic acceptance unverified
profile,major,major_created_at,declared,dateTime(),False,False,False,console/migrations/m240523_133605_education.php:132,common/models/Major.php:19,profile.Major.major_created_at,TemporalValue,preserve source unit/zone; zero/ambiguous value HOLD; see time overrides,PROPOSED; runtime schema and semantic acceptance unverified
profile,major,major_name_ar,declared,string(150),True,False,True,console/migrations/m240523_133605_education.php:132,common/models/Major.php:17,profile.Major.major_name_ar,SensitiveText,replace; never copy free text or destination; no identity joins,PROPOSED; runtime schema and semantic acceptance unverified
profile,major,major_name_en,declared,string(150),True,False,True,console/migrations/m240523_133605_education.php:132,common/models/Major.php:16,profile.Major.major_name_en,SensitiveText,replace; never copy free text or destination; no identity joins,PROPOSED; runtime schema and semantic acceptance unverified
profile,major,major_updated_at,declared,dateTime(),False,False,False,console/migrations/m240523_133605_education.php:132,common/models/Major.php:20,profile.Major.major_updated_at,TemporalValue,preserve source unit/zone; zero/ambiguous value HOLD; see time overrides,PROPOSED; runtime schema and semantic acceptance unverified
profile,major,major_uuid,declared,char(60),False,False,False,console/migrations/m240523_133605_education.php:132,common/models/Major.php:15,profile.Major.major_uuid,SourceRef,namespace by system/table; exact join; no email matching,PROPOSED; runtime schema and semantic acceptance unverified
organizations,mall,mall_created_datetime,declared,datetime(),True,False,False,console/migrations/m200911_052307_mall_table.php:21,common/models/Mall.php:16,organizations.Mall.mall_created_datetime,TemporalValue,preserve source unit/zone; zero/ambiguous value HOLD; see time overrides,PROPOSED; runtime schema and semantic acceptance unverified
organizations,mall,mall_name_ar,declared,string(),True,False,False,console/migrations/m200911_052307_mall_table.php:21,common/models/Mall.php:15,organizations.Mall.mall_name_ar,SensitiveText,replace; never copy free text or destination; no identity joins,PROPOSED; runtime schema and semantic acceptance unverified
organizations,mall,mall_name_en,declared,string(),True,False,False,console/migrations/m200911_052307_mall_table.php:21,common/models/Mall.php:14,organizations.Mall.mall_name_en,SensitiveText,replace; never copy free text or destination; no identity joins,PROPOSED; runtime schema and semantic acceptance unverified
organizations,mall,mall_updated_datetime,declared,datetime(),True,False,False,console/migrations/m200911_052307_mall_table.php:21,common/models/Mall.php:17,organizations.Mall.mall_updated_datetime,TemporalValue,preserve source unit/zone; zero/ambiguous value HOLD; see time overrides,PROPOSED; runtime schema and semantic acceptance unverified
organizations,mall,mall_uuid,declared,char(60),False,False,False,console/migrations/m200911_052307_mall_table.php:21,common/models/Mall.php:13,organizations.Mall.mall_uuid,SourceRef,namespace by system/table; exact join; no email matching,PROPOSED; runtime schema and semantic acceptance unverified
identity,manager_token,ip_address,declared,string(45),False,False,False,console/migrations/m250129_142636_token_expiry.php:40,common/models/ManagerToken.php:21,identity.ManagerToken.ip_address,ExcludedCredential,DROP; synthetic auth only,PROPOSED; runtime schema and semantic acceptance unverified
identity,manager_token,otp,declared,char(5),False,False,False,console/migrations/m250130_115508_2step_auth.php:67,,identity.ManagerToken.otp,ExcludedCredential,DROP; synthetic auth only,PROPOSED; runtime schema and semantic acceptance unverified
identity,manager_token,store_manager_uuid,declared,char(60),False,False,False,console/migrations/m240422_190025_manager.php:74,common/models/ManagerToken.php:14,identity.ManagerToken.store_manager_uuid,ExcludedCredential,DROP; synthetic auth only,PROPOSED; runtime schema and semantic acceptance unverified
identity,manager_token,token_created_datetime,declared,datetime(),True,False,False,console/migrations/m240422_190025_manager.php:74,common/models/ManagerToken.php:22,identity.ManagerToken.token_created_datetime,ExcludedCredential,DROP; synthetic auth only,PROPOSED; runtime schema and semantic acceptance unverified
identity,manager_token,token_device,declared,string(),False,False,False,console/migrations/m240422_190025_manager.php:74,common/models/ManagerToken.php:16,identity.ManagerToken.token_device,ExcludedCredential,DROP; synthetic auth only,PROPOSED; runtime schema and semantic acceptance unverified
identity,manager_token,token_device_id,declared,string(),False,False,False,console/migrations/m240422_190025_manager.php:74,common/models/ManagerToken.php:17,identity.ManagerToken.token_device_id,ExcludedCredential,DROP; synthetic auth only,PROPOSED; runtime schema and semantic acceptance unverified
identity,manager_token,token_expiry_datetime,declared,datetime(),False,False,False,console/migrations/m240422_190025_manager.php:74,common/models/ManagerToken.php:20,identity.ManagerToken.token_expiry_datetime,ExcludedCredential,DROP; synthetic auth only,PROPOSED; runtime schema and semantic acceptance unverified
identity,manager_token,token_last_used_datetime,declared,datetime(),False,False,False,console/migrations/m240422_190025_manager.php:74,common/models/ManagerToken.php:19,identity.ManagerToken.token_last_used_datetime,ExcludedCredential,DROP; synthetic auth only,PROPOSED; runtime schema and semantic acceptance unverified
identity,manager_token,token_status,declared,smallInteger(),True,False,False,console/migrations/m240422_190025_manager.php:74,common/models/ManagerToken.php:18,identity.ManagerToken.token_status,ExcludedCredential,DROP; synthetic auth only,PROPOSED; runtime schema and semantic acceptance unverified
identity,manager_token,token_uuid,declared,char(60),False,False,False,console/migrations/m240422_190025_manager.php:74,common/models/ManagerToken.php:13,identity.ManagerToken.token_uuid,ExcludedCredential,DROP; synthetic auth only,PROPOSED; runtime schema and semantic acceptance unverified
identity,manager_token,token_value,declared,string(),True,False,False,console/migrations/m240422_190025_manager.php:74,common/models/ManagerToken.php:15,identity.ManagerToken.token_value,ExcludedCredential,DROP; synthetic auth only,PROPOSED; runtime schema and semantic acceptance unverified
identity,manager_token,total_attempt,declared,tinyInteger(1),False,False,False,console/migrations/m250130_115508_2step_auth.php:90,,identity.ManagerToken.total_attempt,ExcludedCredential,DROP; synthetic auth only,PROPOSED; runtime schema and semantic acceptance unverified
finance,monthly_salary_contract,candidate_total,declared,"decimal(12, 3)",True,False,False,console/migrations/m241029_193106_contract.php:88,common/models/MonthlySalaryContract.php:13,finance.MonthlySalaryContract.candidate_total,MoneyDecimal,exact coefficient/scale and currency; snapshots immutable; unresolved currency HOLD,PROPOSED; runtime schema and semantic acceptance unverified
finance,monthly_salary_contract,company_total,declared,"decimal(12, 3)",True,False,False,console/migrations/m241029_193106_contract.php:88,common/models/MonthlySalaryContract.php:14,finance.MonthlySalaryContract.company_total,MoneyDecimal,exact coefficient/scale and currency; snapshots immutable; unresolved currency HOLD,PROPOSED; runtime schema and semantic acceptance unverified
finance,monthly_salary_contract,contract_uuid,declared,char(60),True,False,False,console/migrations/m241029_193106_contract.php:88,common/models/MonthlySalaryContract.php:12,finance.MonthlySalaryContract.contract_uuid,SourceRef,namespace by system/table; exact join; no email matching,PROPOSED; runtime schema and semantic acceptance unverified
finance,monthly_salary_contract,ms_contract_uuid,declared,char(60),False,False,False,console/migrations/m241029_193106_contract.php:88,common/models/MonthlySalaryContract.php:11,finance.MonthlySalaryContract.ms_contract_uuid,SourceRef,namespace by system/table; exact join; no email matching,PROPOSED; runtime schema and semantic acceptance unverified
finance,monthly_salary_contract,salary_day,declared,tinyInteger(2),False,False,False,console/migrations/m241029_193106_contract.php:88,common/models/MonthlySalaryContract.php:15,finance.MonthlySalaryContract.salary_day,ExactDecimal,synthetic balanced amounts; currency/scale validation; counter overrides apply,PROPOSED; runtime schema and semantic acceptance unverified
communication,note,candidate_id,declared,integer(11),False,False,False,console/migrations/m201125_141940_note.php:25,common/models/Note.php:17,communication.Note.candidate_id,SourceRef,namespace by system/table; exact join; no email matching,PROPOSED; runtime schema and semantic acceptance unverified
communication,note,company_id,declared,integer(),False,False,False,console/migrations/m200821_134549_note_table.php:21,common/models/Note.php:16,communication.Note.company_id,SourceRef,namespace by system/table; exact join; no email matching,PROPOSED; runtime schema and semantic acceptance unverified
communication,note,contact_uuid,declared,char(60),False,False,False,console/migrations/m201201_065229_add_fulltimer_in_note.php:23,common/models/Note.php:23,communication.Note.contact_uuid,SourceRef,namespace by system/table; exact join; no email matching,PROPOSED; runtime schema and semantic acceptance unverified
communication,note,created_by,declared,integer(),False,False,False,console/migrations/m201106_060223_update_note_table.php:60,common/models/Note.php:28,communication.Note.created_by,ExactInteger,synthetic bounded values; range and null checks,PROPOSED; runtime schema and semantic acceptance unverified
communication,note,fulltimer_uuid,declared,char(60),False,False,False,console/migrations/m201201_065229_add_fulltimer_in_note.php:40,common/models/Note.php:25,communication.Note.fulltimer_uuid,SourceRef,namespace by system/table; exact join; no email matching,PROPOSED; runtime schema and semantic acceptance unverified
communication,note,interview_evaluation_uuid,declared,char(60),False,False,False,console/migrations/m240702_075505_interview_note.php:68,common/models/Note.php:19,communication.Note.interview_evaluation_uuid,SourceRef,namespace by system/table; exact join; no email matching,PROPOSED; runtime schema and semantic acceptance unverified
communication,note,invitation_uuid,declared,literal-or-annotation:string,False,False,False,console/migrations/m210223_135821_invitation_note.php:15,common/models/Note.php:21,communication.Note.invitation_uuid,SourceRef,namespace by system/table; exact join; no email matching,PROPOSED; runtime schema and semantic acceptance unverified
communication,note,note_created_datetime,declared,datetime(),True,False,False,console/migrations/m200821_134549_note_table.php:21,common/models/Note.php:30,communication.Note.note_created_datetime,SensitiveText,replace; never copy free text or destination; no identity joins,PROPOSED; runtime schema and semantic acceptance unverified
communication,note,note_text,declared,text(),False,False,False,console/migrations/m200821_134549_note_table.php:21,common/models/Note.php:27,communication.Note.note_text,SensitiveText,replace; never copy free text or destination; no identity joins,PROPOSED; runtime schema and semantic acceptance unverified
communication,note,note_type,declared,string(100),False,False,False,console/migrations/m210223_135821_invitation_note.php:33,common/models/Note.php:26,communication.Note.note_type,SensitiveText,replace; never copy free text or destination; no identity joins,PROPOSED; runtime schema and semantic acceptance unverified
communication,note,note_updated_datetime,declared,datetime(),True,False,False,console/migrations/m200821_134549_note_table.php:21,common/models/Note.php:31,communication.Note.note_updated_datetime,SensitiveText,replace; never copy free text or destination; no identity joins,PROPOSED; runtime schema and semantic acceptance unverified
communication,note,note_uuid,declared,char(60),False,False,False,console/migrations/m200821_134549_note_table.php:21,common/models/Note.php:15,communication.Note.note_uuid,SourceRef,namespace by system/table; exact join; no email matching,PROPOSED; runtime schema and semantic acceptance unverified
communication,note,request_checklist_uuid,declared,char(60),False,False,False,console/migrations/m211126_083930_request_checklist.php:33,common/models/Note.php:20,communication.Note.request_checklist_uuid,SourceRef,namespace by system/table; exact join; no email matching,PROPOSED; runtime schema and semantic acceptance unverified
communication,note,request_uuid,declared,char(60),False,False,False,console/migrations/m201125_141940_note.php:49,common/models/Note.php:18,communication.Note.request_uuid,SourceRef,namespace by system/table; exact join; no email matching,PROPOSED; runtime schema and semantic acceptance unverified
communication,note,story_uuid,declared,char(60),False,False,False,console/migrations/m220511_072946_story_notes_changes.php:23,common/models/Note.php:24,communication.Note.story_uuid,SourceRef,namespace by system/table; exact join; no email matching,PROPOSED; runtime schema and semantic acceptance unverified
communication,note,suggestion_uuid,declared,char(60),False,False,False,console/migrations/m201210_144631_suggestion_feedback.php:15,common/models/Note.php:22,communication.Note.suggestion_uuid,SourceRef,namespace by system/table; exact join; no email matching,PROPOSED; runtime schema and semantic acceptance unverified
communication,note,updated_by,declared,integer(),False,False,False,console/migrations/m201106_060223_update_note_table.php:61,common/models/Note.php:29,communication.Note.updated_by,ExactInteger,synthetic bounded values; range and null checks,PROPOSED; runtime schema and semantic acceptance unverified
identity,permission_section,companies,declared,json(),False,False,False,console/migrations/m250729_105427_add_companies_column_to_permission_section_table.php:15,,identity.PermissionSection.companies,SourceText,synthetic replacement; semantic review before import,PROPOSED; runtime schema and semantic acceptance unverified
identity,permission_section,created_at,declared,datetime(),True,False,False,console/migrations/m221017_131312_permission.php:20,common/models/PermissionSection.php:16,identity.PermissionSection.created_at,TemporalValue,preserve source unit/zone; zero/ambiguous value HOLD; see time overrides,PROPOSED; runtime schema and semantic acceptance unverified
identity,permission_section,is_company_specific_permission,declared,boolean(),False,False,False,console/migrations/m250724_104846_add_columns_to_permission_section_table.php:15,,identity.PermissionSection.is_company_specific_permission,SourceEnum,explicit per-domain mapping; unknown value HOLD; never grants,PROPOSED; runtime schema and semantic acceptance unverified
identity,permission_section,permission_uuid,declared,char(60),False,False,False,console/migrations/m221017_131312_permission.php:20,common/models/PermissionSection.php:14,identity.PermissionSection.permission_uuid,SourceRef,namespace by system/table; exact join; no email matching,PROPOSED; runtime schema and semantic acceptance unverified
identity,permission_section,section_name,declared,string(),False,False,False,console/migrations/m221017_131312_permission.php:20,common/models/PermissionSection.php:15,identity.PermissionSection.section_name,SensitiveText,replace; never copy free text or destination; no identity joins,PROPOSED; runtime schema and semantic acceptance unverified
identity,permission_sub_section,created_at,declared,datetime(),True,False,False,console/migrations/m221017_131312_permission.php:27,common/models/PermissionSubSection.php:17,identity.PermissionSubSection.created_at,TemporalValue,preserve source unit/zone; zero/ambiguous value HOLD; see time overrides,PROPOSED; runtime schema and semantic acceptance unverified
identity,permission_sub_section,permission_sub_section_uuid,declared,char(60),False,False,False,console/migrations/m221017_131312_permission.php:27,common/models/PermissionSubSection.php:13,identity.PermissionSubSection.permission_sub_section_uuid,SourceRef,namespace by system/table; exact join; no email matching,PROPOSED; runtime schema and semantic acceptance unverified
identity,permission_sub_section,permission_uuid,declared,char(60),False,False,False,console/migrations/m221017_131312_permission.php:27,common/models/PermissionSubSection.php:16,identity.PermissionSubSection.permission_uuid,SourceRef,namespace by system/table; exact join; no email matching,PROPOSED; runtime schema and semantic acceptance unverified
identity,permission_sub_section,sub_section_name,declared,string(),False,False,False,console/migrations/m221017_131312_permission.php:27,common/models/PermissionSubSection.php:14,identity.PermissionSubSection.sub_section_name,SensitiveText,replace; never copy free text or destination; no identity joins,PROPOSED; runtime schema and semantic acceptance unverified
identity,permission_sub_section,sub_section_slug,declared,string(),False,False,False,console/migrations/m221017_131312_permission.php:27,common/models/PermissionSubSection.php:15,identity.PermissionSubSection.sub_section_slug,SourceText,synthetic replacement; semantic review before import,PROPOSED; runtime schema and semantic acceptance unverified
identity,permission_user,admin_id,declared,integer(),False,False,False,console/migrations/m221017_131312_permission.php:53,common/models/PermissionUser.php:14,identity.PermissionUser.admin_id,SourceRef,namespace by system/table; exact join; no email matching,PROPOSED; runtime schema and semantic acceptance unverified
identity,permission_user,created_at,declared,datetime(),True,False,False,console/migrations/m221017_131312_permission.php:53,common/models/PermissionUser.php:17,identity.PermissionUser.created_at,TemporalValue,preserve source unit/zone; zero/ambiguous value HOLD; see time overrides,PROPOSED; runtime schema and semantic acceptance unverified
identity,permission_user,permission_sub_section_uuid,declared,char(60),False,False,False,console/migrations/m221017_131312_permission.php:53,common/models/PermissionUser.php:16,identity.PermissionUser.permission_sub_section_uuid,SourceRef,namespace by system/table; exact join; no email matching,PROPOSED; runtime schema and semantic acceptance unverified
identity,permission_user,permission_user_uuid,declared,char(60),False,False,False,console/migrations/m221017_131312_permission.php:53,common/models/PermissionUser.php:13,identity.PermissionUser.permission_user_uuid,SourceRef,namespace by system/table; exact join; no email matching,PROPOSED; runtime schema and semantic acceptance unverified
identity,permission_user,staff_id,declared,integer(),False,False,False,console/migrations/m221017_131312_permission.php:53,common/models/PermissionUser.php:15,identity.PermissionUser.staff_id,SourceRef,namespace by system/table; exact join; no email matching,PROPOSED; runtime schema and semantic acceptance unverified
recruitment,request,company_id,declared,integer(),False,False,False,console/migrations/m200825_145436_request.php:20,common/models/Request.php:18,recruitment.Request.company_id,SourceRef,namespace by system/table; exact join; no email matching,PROPOSED; runtime schema and semantic acceptance unverified
recruitment,request,contact_uuid,declared,char(60),False,False,False,console/migrations/m200825_145436_request.php:20,common/models/Request.php:19,recruitment.Request.contact_uuid,SourceRef,namespace by system/table; exact join; no email matching,PROPOSED; runtime schema and semantic acceptance unverified
recruitment,request,gender,declared,tinyInteger(1),False,False,False,console/migrations/m240422_091725_request.php:17,common/models/Request.php:46,recruitment.Request.gender,SourceEnum,explicit per-domain mapping; unknown value HOLD; never grants,PROPOSED; runtime schema and semantic acceptance unverified
recruitment,request,is_old,declared,tinyInteger(1),False,False,False,console/migrations/m211224_112633_request_is_old.php:22,common/models/Request.php:43,recruitment.Request.is_old,SourceEnum,explicit per-domain mapping; unknown value HOLD; never grants,PROPOSED; runtime schema and semantic acceptance unverified
recruitment,request,nationality_id,declared,integer(11),False,False,False,console/migrations/m240422_091725_request.php:18,common/models/Request.php:45,recruitment.Request.nationality_id,SourceRef,namespace by system/table; exact join; no email matching,PROPOSED; runtime schema and semantic acceptance unverified
recruitment,request,no_of_employees_per_story,declared,smallInteger(6),True,False,False,console/migrations/m220816_114432_no_of_employee.php:23,common/models/Request.php:28,recruitment.Request.no_of_employees_per_story,ExactInteger,synthetic bounded values; range and null checks,PROPOSED; runtime schema and semantic acceptance unverified
recruitment,request,num_hours_followup_interval,declared,integer(),False,False,False,console/migrations/m210421_110559_update_request_table.php:15,common/models/Request.php:33,recruitment.Request.num_hours_followup_interval,ExactInteger,synthetic bounded values; range and null checks,PROPOSED; runtime schema and semantic acceptance unverified
recruitment,request,our_fees,declared,"decimal(10, 3)",False,False,False,console/migrations/m240925_160159_request.php:15,common/models/Request.php:47,recruitment.Request.our_fees,ExactDecimal,preserve decimal string; reject loss of precision,PROPOSED; runtime schema and semantic acceptance unverified
recruitment,request,our_fees_unit,declared,string(15),False,False,False,console/migrations/m240925_160159_request.php:16,common/models/Request.php:48,recruitment.Request.our_fees_unit,SourceText,synthetic replacement; semantic review before import,PROPOSED; runtime schema and semantic acceptance unverified
recruitment,request,request_additional_info,declared,text(),False,False,False,console/migrations/m201228_070956_modify_request.php:15,common/models/Request.php:30,recruitment.Request.request_additional_info,SourceText,synthetic replacement; semantic review before import,PROPOSED; runtime schema and semantic acceptance unverified
recruitment,request,request_assigned_at,declared,literal-or-annotation:string,False,False,False,console/migrations/m211117_120418_request_track.php:18,common/models/Request.php:35,recruitment.Request.request_assigned_at,TemporalValue,preserve source unit/zone; zero/ambiguous value HOLD; see time overrides,PROPOSED; runtime schema and semantic acceptance unverified
recruitment,request,request_cancelled_at,declared,literal-or-annotation:string,False,False,False,console/migrations/m211117_120418_request_track.php:24,common/models/Request.php:39,recruitment.Request.request_cancelled_at,TemporalValue,preserve source unit/zone; zero/ambiguous value HOLD; see time overrides,PROPOSED; runtime schema and semantic acceptance unverified
recruitment,request,request_compensation,declared,string(),True,False,False,console/migrations/m210215_113028_request_tbl_changes.php:16,common/models/Request.php:26,recruitment.Request.request_compensation,SourceText,synthetic replacement; semantic review before import,PROPOSED; runtime schema and semantic acceptance unverified
recruitment,request,request_created_by,declared,integer(),False,False,False,console/migrations/m200825_145436_request.php:20,common/models/Request.php:21,recruitment.Request.request_created_by,ExactInteger,synthetic bounded values; range and null checks,PROPOSED; runtime schema and semantic acceptance unverified
recruitment,request,request_created_datetime,declared,datetime(),True,False,False,console/migrations/m200825_145436_request.php:20,common/models/Request.php:40,recruitment.Request.request_created_datetime,TemporalValue,preserve source unit/zone; zero/ambiguous value HOLD; see time overrides,PROPOSED; runtime schema and semantic acceptance unverified
recruitment,request,request_delivered_at,declared,literal-or-annotation:string,False,False,False,console/migrations/m211117_120418_request_track.php:21,common/models/Request.php:38,recruitment.Request.request_delivered_at,TemporalValue,preserve source unit/zone; zero/ambiguous value HOLD; see time overrides,PROPOSED; runtime schema and semantic acceptance unverified
recruitment,request,request_feedback,declared,string(),False,False,False,console/migrations/m200825_145436_request.php:20,common/models/Request.php:32,recruitment.Request.request_feedback,SourceText,synthetic replacement; semantic review before import,PROPOSED; runtime schema and semantic acceptance unverified
recruitment,request,request_finished_at,declared,literal-or-annotation:string,False,False,False,console/migrations/m220322_091722_update_request_table_status_field.php:16,common/models/Request.php:36,recruitment.Request.request_finished_at,TemporalValue,preserve source unit/zone; zero/ambiguous value HOLD; see time overrides,PROPOSED; runtime schema and semantic acceptance unverified
recruitment,request,request_job_description,declared,text(),True,False,False,console/migrations/m210215_113028_request_tbl_changes.php:15,common/models/Request.php:25,recruitment.Request.request_job_description,SensitiveText,replace; never copy free text or destination; no identity joins,PROPOSED; runtime schema and semantic acceptance unverified
recruitment,request,request_location,declared,string(),False,False,False,console/migrations/m210223_131748_request_location.php:15,common/models/Request.php:29,recruitment.Request.request_location,SourceText,synthetic replacement; semantic review before import,PROPOSED; runtime schema and semantic acceptance unverified
recruitment,request,request_number_of_employees,declared,smallInteger(),False,False,False,console/migrations/m200825_145436_request.php:20,common/models/Request.php:27,recruitment.Request.request_number_of_employees,ExactInteger,synthetic bounded values; range and null checks,PROPOSED; runtime schema and semantic acceptance unverified
recruitment,request,request_position_title,declared,string(),False,False,False,console/migrations/m200825_145436_request.php:20,common/models/Request.php:24,recruitment.Request.request_position_title,SourceText,synthetic replacement; semantic review before import,PROPOSED; runtime schema and semantic acceptance unverified
recruitment,request,request_position_type,declared,tinyInteger(),False,False,False,console/migrations/m200825_145436_request.php:20,common/models/Request.php:23,recruitment.Request.request_position_type,SourceEnum,explicit per-domain mapping; unknown value HOLD; never grants,PROPOSED; runtime schema and semantic acceptance unverified
recruitment,request,request_priority,declared,integer(50),False,False,False,console/migrations/m211127_154105_add_story_table.php:18,common/models/Request.php:42,recruitment.Request.request_priority,ExactInteger,synthetic bounded values; range and null checks,PROPOSED; runtime schema and semantic acceptance unverified
recruitment,request,request_re_worked_at,declared,literal-or-annotation:string,False,False,False,console/migrations/m220322_091722_update_request_table_status_field.php:19,common/models/Request.php:37,recruitment.Request.request_re_worked_at,TemporalValue,preserve source unit/zone; zero/ambiguous value HOLD; see time overrides,PROPOSED; runtime schema and semantic acceptance unverified
recruitment,request,request_started_at,declared,literal-or-annotation:string,False,False,False,console/migrations/m211117_120418_request_track.php:15,common/models/Request.php:34,recruitment.Request.request_started_at,TemporalValue,preserve source unit/zone; zero/ambiguous value HOLD; see time overrides,PROPOSED; runtime schema and semantic acceptance unverified
recruitment,request,request_status,declared,literal-or-annotation:string,False,False,False,console/migrations/m200825_145436_request.php:20,common/models/Request.php:31,recruitment.Request.request_status,SourceEnum,explicit per-domain mapping; unknown value HOLD; never grants,PROPOSED; runtime schema and semantic acceptance unverified
recruitment,request,request_time_spent,declared,integer(),False,False,False,console/migrations/m211127_154105_add_story_table.php:19,common/models/Request.php:44,recruitment.Request.request_time_spent,ExactInteger,synthetic bounded values; range and null checks,PROPOSED; runtime schema and semantic acceptance unverified
recruitment,request,request_updated_by,declared,integer(),False,False,False,console/migrations/m200825_145436_request.php:20,common/models/Request.php:22,recruitment.Request.request_updated_by,ExactInteger,synthetic bounded values; range and null checks,PROPOSED; runtime schema and semantic acceptance unverified
recruitment,request,request_updated_datetime,declared,datetime(),True,False,False,console/migrations/m200825_145436_request.php:20,common/models/Request.php:41,recruitment.Request.request_updated_datetime,TemporalValue,preserve source unit/zone; zero/ambiguous value HOLD; see time overrides,PROPOSED; runtime schema and semantic acceptance unverified
recruitment,request,request_uuid,declared,char(60),False,False,False,console/migrations/m200825_145436_request.php:20,common/models/Request.php:17,recruitment.Request.request_uuid,SourceRef,namespace by system/table; exact join; no email matching,PROPOSED; runtime schema and semantic acceptance unverified
recruitment,request,staff_id,declared,integer(20),False,False,False,console/migrations/m211027_172434_request_staff.php:15,common/models/Request.php:20,recruitment.Request.staff_id,SourceRef,namespace by system/table; exact join; no email matching,PROPOSED; runtime schema and semantic acceptance unverified
communication,request_activity,activity_created_datetime,declared,dateTime(),True,False,False,console/migrations/m201023_094550_request_activities.php:22,,communication.RequestActivity.activity_created_datetime,TemporalValue,preserve source unit/zone; zero/ambiguous value HOLD; see time overrides,PROPOSED; runtime schema and semantic acceptance unverified
communication,request_activity,activity_detail,declared,text(),True,False,False,console/migrations/m201023_094550_request_activities.php:22,,communication.RequestActivity.activity_detail,SensitiveText,replace; never copy free text or destination; no identity joins,PROPOSED; runtime schema and semantic acceptance unverified
communication,request_activity,activity_updated_datetime,declared,dateTime(),True,False,False,console/migrations/m201023_094550_request_activities.php:22,,communication.RequestActivity.activity_updated_datetime,TemporalValue,preserve source unit/zone; zero/ambiguous value HOLD; see time overrides,PROPOSED; runtime schema and semantic acceptance unverified
communication,request_activity,activity_uuid,declared,char(60),True,False,False,console/migrations/m201023_094550_request_activities.php:22,,communication.RequestActivity.activity_uuid,SourceRef,namespace by system/table; exact join; no email matching,PROPOSED; runtime schema and semantic acceptance unverified
communication,request_activity,request_uuid,declared,char(60),True,False,False,console/migrations/m201023_094550_request_activities.php:22,,communication.RequestActivity.request_uuid,SourceRef,namespace by system/table; exact join; no email matching,PROPOSED; runtime schema and semantic acceptance unverified
communication,request_activity,staff_id,declared,integer(),False,False,False,console/migrations/m201023_094550_request_activities.php:22,,communication.RequestActivity.staff_id,SourceRef,namespace by system/table; exact join; no email matching,PROPOSED; runtime schema and semantic acceptance unverified
recruitment,request_application,application_uuid,declared,char(60),False,False,False,console/migrations/m240428_090018_application.php:21,common/models/RequestApplication.php:13,recruitment.RequestApplication.application_uuid,SourceRef,namespace by system/table; exact join; no email matching,PROPOSED; runtime schema and semantic acceptance unverified
recruitment,request_application,candidate_id,declared,integer(11),False,False,False,console/migrations/m240428_090018_application.php:21,common/models/RequestApplication.php:16,recruitment.RequestApplication.candidate_id,SourceRef,namespace by system/table; exact join; no email matching,PROPOSED; runtime schema and semantic acceptance unverified
recruitment,request_application,created_at,declared,datetime(),False,False,False,console/migrations/m240428_090018_application.php:21,common/models/RequestApplication.php:18,recruitment.RequestApplication.created_at,TemporalValue,preserve source unit/zone; zero/ambiguous value HOLD; see time overrides,PROPOSED; runtime schema and semantic acceptance unverified
recruitment,request_application,fulltimer_uuid,declared,char(60),False,False,False,console/migrations/m240428_090018_application.php:21,common/models/RequestApplication.php:15,recruitment.RequestApplication.fulltimer_uuid,SourceRef,namespace by system/table; exact join; no email matching,PROPOSED; runtime schema and semantic acceptance unverified
recruitment,request_application,request_uuid,declared,char(60),True,False,False,console/migrations/m240428_090018_application.php:21,common/models/RequestApplication.php:14,recruitment.RequestApplication.request_uuid,SourceRef,namespace by system/table; exact join; no email matching,PROPOSED; runtime schema and semantic acceptance unverified
recruitment,request_application,status,declared,tinyInteger(2),False,False,False,console/migrations/m240428_090018_application.php:21,common/models/RequestApplication.php:17,recruitment.RequestApplication.status,SourceEnum,explicit per-domain mapping; unknown value HOLD; never grants,PROPOSED; runtime schema and semantic acceptance unverified
recruitment,request_application,updated_at,declared,datetime(),False,False,False,console/migrations/m240428_090018_application.php:21,common/models/RequestApplication.php:19,recruitment.RequestApplication.updated_at,TemporalValue,preserve source unit/zone; zero/ambiguous value HOLD; see time overrides,PROPOSED; runtime schema and semantic acceptance unverified
recruitment,request_checklist,created_at,declared,dateTime(),False,False,False,console/migrations/m211126_083930_request_checklist.php:21,common/models/RequestChecklist.php:18,recruitment.RequestChecklist.created_at,TemporalValue,preserve source unit/zone; zero/ambiguous value HOLD; see time overrides,PROPOSED; runtime schema and semantic acceptance unverified
recruitment,request_checklist,is_require,declared,literal-or-annotation:int,False,False,False,console/migrations/m211126_083930_request_checklist.php:21,common/models/RequestChecklist.php:17,recruitment.RequestChecklist.is_require,SourceEnum,explicit per-domain mapping; unknown value HOLD; never grants,PROPOSED; runtime schema and semantic acceptance unverified
recruitment,request_checklist,request_checklist_uuid,declared,char(60),True,False,False,console/migrations/m211126_083930_request_checklist.php:21,common/models/RequestChecklist.php:14,recruitment.RequestChecklist.request_checklist_uuid,SourceRef,namespace by system/table; exact join; no email matching,PROPOSED; runtime schema and semantic acceptance unverified
recruitment,request_checklist,sort_order,declared,literal-or-annotation:,False,False,False,console/migrations/m211126_083930_request_checklist.php:21,,recruitment.RequestChecklist.sort_order,SourceText,synthetic replacement; semantic review before import,PROPOSED; runtime schema and semantic acceptance unverified
recruitment,request_checklist,status_name,declared,string(100),True,False,False,console/migrations/m211126_083930_request_checklist.php:21,common/models/RequestChecklist.php:15,recruitment.RequestChecklist.status_name,SensitiveText,replace; never copy free text or destination; no identity joins,PROPOSED; runtime schema and semantic acceptance unverified
recruitment,request_checklist,status_name_ar,declared,string(100),False,False,False,console/migrations/m211126_083930_request_checklist.php:21,common/models/RequestChecklist.php:16,recruitment.RequestChecklist.status_name_ar,SensitiveText,replace; never copy free text or destination; no identity joins,PROPOSED; runtime schema and semantic acceptance unverified
recruitment,request_checklist,updated_at,declared,dateTime(),False,False,False,console/migrations/m211126_083930_request_checklist.php:21,common/models/RequestChecklist.php:19,recruitment.RequestChecklist.updated_at,TemporalValue,preserve source unit/zone; zero/ambiguous value HOLD; see time overrides,PROPOSED; runtime schema and semantic acceptance unverified
recruitment,request_interview,application_uuid,declared,char(60),True,False,False,console/migrations/m240505_081539_request_interview.php:21,common/models/RequestInterview.php:15,recruitment.RequestInterview.application_uuid,SourceRef,namespace by system/table; exact join; no email matching,PROPOSED; runtime schema and semantic acceptance unverified
recruitment,request_interview,candidate_id,declared,integer(11),False,False,False,console/migrations/m240505_081539_request_interview.php:21,common/models/RequestInterview.php:18,recruitment.RequestInterview.candidate_id,SourceRef,namespace by system/table; exact join; no email matching,PROPOSED; runtime schema and semantic acceptance unverified
recruitment,request_interview,created_at,declared,datetime(),False,False,False,console/migrations/m240505_081539_request_interview.php:21,common/models/RequestInterview.php:25,recruitment.RequestInterview.created_at,TemporalValue,preserve source unit/zone; zero/ambiguous value HOLD; see time overrides,PROPOSED; runtime schema and semantic acceptance unverified
recruitment,request_interview,created_by,declared,char(60),False,False,False,console/migrations/m240505_081539_request_interview.php:21,common/models/RequestInterview.php:24,recruitment.RequestInterview.created_by,SourceText,synthetic replacement; semantic review before import,PROPOSED; runtime schema and semantic acceptance unverified
recruitment,request_interview,fulltimer_uuid,declared,char(60),False,False,False,console/migrations/m240505_081539_request_interview.php:21,common/models/RequestInterview.php:17,recruitment.RequestInterview.fulltimer_uuid,SourceRef,namespace by system/table; exact join; no email matching,PROPOSED; runtime schema and semantic acceptance unverified
recruitment,request_interview,internal_note,declared,text(),False,False,False,console/migrations/m240505_081539_request_interview.php:21,common/models/RequestInterview.php:20,recruitment.RequestInterview.internal_note,SensitiveText,replace; never copy free text or destination; no identity joins,PROPOSED; runtime schema and semantic acceptance unverified
recruitment,request_interview,interview_at,declared,datetime(),False,False,False,console/migrations/m240505_081539_request_interview.php:21,common/models/RequestInterview.php:19,recruitment.RequestInterview.interview_at,TemporalValue,preserve source unit/zone; zero/ambiguous value HOLD; see time overrides,PROPOSED; runtime schema and semantic acceptance unverified
recruitment,request_interview,interview_note,declared,text(),False,False,False,console/migrations/m240505_081539_request_interview.php:21,common/models/RequestInterview.php:23,recruitment.RequestInterview.interview_note,SensitiveText,replace; never copy free text or destination; no identity joins,PROPOSED; runtime schema and semantic acceptance unverified
recruitment,request_interview,request_interview_uuid,declared,char(60),False,False,False,console/migrations/m240505_081539_request_interview.php:21,common/models/RequestInterview.php:14,recruitment.RequestInterview.request_interview_uuid,SourceRef,namespace by system/table; exact join; no email matching,PROPOSED; runtime schema and semantic acceptance unverified
recruitment,request_interview,request_uuid,declared,char(60),True,False,False,console/migrations/m240505_081539_request_interview.php:21,common/models/RequestInterview.php:16,recruitment.RequestInterview.request_uuid,SourceRef,namespace by system/table; exact join; no email matching,PROPOSED; runtime schema and semantic acceptance unverified
recruitment,request_interview,staff_id,declared,integer(11),False,False,False,console/migrations/m240505_081539_request_interview.php:21,common/models/RequestInterview.php:22,recruitment.RequestInterview.staff_id,SourceRef,namespace by system/table; exact join; no email matching,PROPOSED; runtime schema and semantic acceptance unverified
recruitment,request_interview,status,declared,tinyInteger(2),False,False,False,console/migrations/m240505_081539_request_interview.php:21,common/models/RequestInterview.php:21,recruitment.RequestInterview.status,SourceEnum,explicit per-domain mapping; unknown value HOLD; never grants,PROPOSED; runtime schema and semantic acceptance unverified
recruitment,request_interview,updated_at,declared,datetime(),False,False,False,console/migrations/m240505_081539_request_interview.php:21,common/models/RequestInterview.php:26,recruitment.RequestInterview.updated_at,TemporalValue,preserve source unit/zone; zero/ambiguous value HOLD; see time overrides,PROPOSED; runtime schema and semantic acceptance unverified
recruitment,request_skill,request_uuid,declared,char(60),False,False,False,console/migrations/m240421_081720_request_skills.php:21,common/models/RequestSkill.php:10,recruitment.RequestSkill.request_uuid,SourceRef,namespace by system/table; exact join; no email matching,PROPOSED; runtime schema and semantic acceptance unverified
recruitment,request_skill,skill,declared,string(128),True,False,False,console/migrations/m240421_081720_request_skills.php:21,common/models/RequestSkill.php:11,recruitment.RequestSkill.skill,SourceText,synthetic replacement; semantic review before import,PROPOSED; runtime schema and semantic acceptance unverified
operations,setting,code,declared,string(128),True,False,False,console/migrations/m230314_125154_setting.php:22,common/models/Setting.php:14,operations.Setting.code,SourceText,synthetic replacement; semantic review before import,PROPOSED; runtime schema and semantic acceptance unverified
operations,setting,created_at,declared,dateTime(),False,False,False,console/migrations/m230314_125154_setting.php:22,common/models/Setting.php:18,operations.Setting.created_at,TemporalValue,preserve source unit/zone; zero/ambiguous value HOLD; see time overrides,PROPOSED; runtime schema and semantic acceptance unverified
operations,setting,key,declared,string(128),True,False,False,console/migrations/m230314_125154_setting.php:22,common/models/Setting.php:15,operations.Setting.key,SourceText,synthetic replacement; semantic review before import,PROPOSED; runtime schema and semantic acceptance unverified
operations,setting,serialized,declared,tinyInteger(1),False,False,False,console/migrations/m230314_125154_setting.php:22,common/models/Setting.php:17,operations.Setting.serialized,ExactInteger,synthetic bounded values; range and null checks,PROPOSED; runtime schema and semantic acceptance unverified
operations,setting,setting_uuid,declared,char(60),False,False,False,console/migrations/m230314_125154_setting.php:22,common/models/Setting.php:13,operations.Setting.setting_uuid,SourceRef,namespace by system/table; exact join; no email matching,PROPOSED; runtime schema and semantic acceptance unverified
operations,setting,updated_at,declared,dateTime(),False,False,False,console/migrations/m230314_125154_setting.php:22,common/models/Setting.php:19,operations.Setting.updated_at,TemporalValue,preserve source unit/zone; zero/ambiguous value HOLD; see time overrides,PROPOSED; runtime schema and semantic acceptance unverified
operations,setting,value,declared,text(),False,False,False,console/migrations/m230314_125154_setting.php:22,common/models/Setting.php:16,operations.Setting.value,SourceText,synthetic replacement; semantic review before import,PROPOSED; runtime schema and semantic acceptance unverified
identity,staff,deleted,declared,smallInteger(1),True,False,False,console/migrations/m170619_070654_soft_delete_pending_tables.php:14,common/models/Staff.php:37,identity.Staff.deleted,SourceEnum,explicit per-domain mapping; unknown value HOLD; never grants,PROPOSED; runtime schema and semantic acceptance unverified
identity,staff,enable_two_step_auth,declared,boolean(),False,False,False,console/migrations/m250130_115508_2step_auth.php:47,,identity.Staff.enable_two_step_auth,ExactInteger,synthetic bounded values; range and null checks,PROPOSED; runtime schema and semantic acceptance unverified
identity,staff,hours_per_day,declared,tinyInteger(1),False,False,False,console/migrations/m221215_072607_attendance.php:23,common/models/Staff.php:32,identity.Staff.hours_per_day,ExactInteger,synthetic bounded values; range and null checks,PROPOSED; runtime schema and semantic acceptance unverified
identity,staff,ip_address,declared,string(45),False,False,False,console/migrations/m240203_060625_block_ip.php:19,,identity.Staff.ip_address,SensitiveText,replace; never copy free text or destination; no identity joins,PROPOSED; runtime schema and semantic acceptance unverified
identity,staff,staff_auth_key,declared,string(32),True,False,False,console/migrations/m130524_201442_init.php:32,common/models/Staff.php:21,identity.Staff.staff_auth_key,ExcludedCredential,DROP; synthetic auth only,PROPOSED; runtime schema and semantic acceptance unverified
identity,staff,staff_created_at,declared,datetime(),True,False,False,console/migrations/m130524_201442_init.php:32,common/models/Staff.php:35,identity.Staff.staff_created_at,TemporalValue,preserve source unit/zone; zero/ambiguous value HOLD; see time overrides,PROPOSED; runtime schema and semantic acceptance unverified
identity,staff,staff_email,declared,string(),True,False,True,console/migrations/m130524_201442_init.php:32,common/models/Staff.php:20,identity.Staff.staff_email,SensitiveText,replace; never copy free text or destination; no identity joins,PROPOSED; runtime schema and semantic acceptance unverified
identity,staff,staff_gmail_password,declared,char(225),False,False,False,console/migrations/m210408_093510_store_staff_gmail_detail.php:16,common/models/Staff.php:24,identity.Staff.staff_gmail_password,ExcludedCredential,DROP; synthetic auth only,PROPOSED; runtime schema and semantic acceptance unverified
identity,staff,staff_gmail_username,declared,char(225),False,False,False,console/migrations/m210408_093510_store_staff_gmail_detail.php:15,common/models/Staff.php:23,identity.Staff.staff_gmail_username,SensitiveText,replace; never copy free text or destination; no identity joins,PROPOSED; runtime schema and semantic acceptance unverified
identity,staff,staff_hourly_rate,declared,"double(10,3)",True,False,False,console/migrations/m211127_154105_add_story_table.php:16,,identity.Staff.staff_hourly_rate,MoneyDecimal,exact rate/amount with explicit currency and effective period,PROPOSED; runtime schema and semantic acceptance unverified
identity,staff,staff_id,declared,primaryKey(),False,True,False,console/migrations/m130524_201442_init.php:32,common/models/Staff.php:17,identity.Staff.staff_id,SourceRef,namespace by system/table; exact join; no email matching,PROPOSED; runtime schema and semantic acceptance unverified
identity,staff,staff_job_title,declared,string(100),False,False,False,console/migrations/m221004_090413_staff_job_title.php:15,common/models/Staff.php:19,identity.Staff.staff_job_title,SourceText,synthetic replacement; semantic review before import,PROPOSED; runtime schema and semantic acceptance unverified
identity,staff,staff_name,declared,string(),True,False,False,console/migrations/m130524_201442_init.php:32,common/models/Staff.php:18,identity.Staff.staff_name,SensitiveText,replace; never copy free text or destination; no identity joins,PROPOSED; runtime schema and semantic acceptance unverified
identity,staff,staff_notification,declared,tinyInteger(1),False,False,False,console/migrations/m220622_071133_staff_table_notification_field.php:15,common/models/Staff.php:34,identity.Staff.staff_notification,ExactInteger,synthetic bounded values; range and null checks,PROPOSED; runtime schema and semantic acceptance unverified
identity,staff,staff_password_hash,declared,string(),True,False,False,console/migrations/m130524_201442_init.php:32,common/models/Staff.php:22,identity.Staff.staff_password_hash,ExcludedCredential,DROP; synthetic auth only,PROPOSED; runtime schema and semantic acceptance unverified
identity,staff,staff_password_reset_token,declared,string(),False,False,True,console/migrations/m130524_201442_init.php:32,common/models/Staff.php:25,identity.Staff.staff_password_reset_token,ExcludedCredential,DROP; synthetic auth only,PROPOSED; runtime schema and semantic acceptance unverified
identity,staff,staff_photo,declared,string(225),False,False,False,console/migrations/m230317_123704_staff_image.php:15,common/models/Staff.php:29,identity.Staff.staff_photo,DocumentReference,substitute bytes; private owner/type/version; unsupported type HOLD,PROPOSED; runtime schema and semantic acceptance unverified
identity,staff,staff_role,declared,literal-or-annotation:number,False,False,False,console/migrations/m211122_092505_staff.php:23,common/models/Staff.php:26,identity.Staff.staff_role,ExactDecimal,preserve decimal string; reject loss of precision,PROPOSED; runtime schema and semantic acceptance unverified
identity,staff,staff_salary,declared,"decimal(10, 3)",False,False,False,console/migrations/m220818_050737_salary.php:15,common/models/Staff.php:27,identity.Staff.staff_salary,ExactDecimal,synthetic balanced amounts; currency/scale validation; counter overrides apply,PROPOSED; runtime schema and semantic acceptance unverified
identity,staff,staff_salary_currency,declared,char(3),False,False,False,console/migrations/m220818_050737_salary.php:16,common/models/Staff.php:28,identity.Staff.staff_salary_currency,ExactDecimal,synthetic balanced amounts; currency/scale validation; counter overrides apply,PROPOSED; runtime schema and semantic acceptance unverified
identity,staff,staff_status,declared,smallInteger(),True,False,False,console/migrations/m130524_201442_init.php:32,common/models/Staff.php:33,identity.Staff.staff_status,SourceEnum,explicit per-domain mapping; unknown value HOLD; never grants,PROPOSED; runtime schema and semantic acceptance unverified
identity,staff,staff_updated_at,declared,datetime(),True,False,False,console/migrations/m130524_201442_init.php:32,common/models/Staff.php:36,identity.Staff.staff_updated_at,TemporalValue,preserve source unit/zone; zero/ambiguous value HOLD; see time overrides,PROPOSED; runtime schema and semantic acceptance unverified
identity,staff,week_start_day,declared,tinyInteger(1),False,False,False,console/migrations/m221215_072607_attendance.php:21,common/models/Staff.php:30,identity.Staff.week_start_day,ExactInteger,synthetic bounded values; range and null checks,PROPOSED; runtime schema and semantic acceptance unverified
identity,staff,work_days,declared,tinyInteger(1),False,False,False,console/migrations/m221215_072607_attendance.php:22,common/models/Staff.php:31,identity.Staff.work_days,ExactInteger,synthetic bounded values; range and null checks,PROPOSED; runtime schema and semantic acceptance unverified
finance,staff_expenses,category,declared,integer(),False,False,False,console/migrations/m230201_084401_staff_expenses.php:20,common/models/StaffExpenses.php:16,finance.StaffExpenses.category,ExactInteger,synthetic bounded values; range and null checks,PROPOSED; runtime schema and semantic acceptance unverified
finance,staff_expenses,created_at,declared,dateTime(),False,False,False,console/migrations/m230201_084401_staff_expenses.php:20,common/models/StaffExpenses.php:26,finance.StaffExpenses.created_at,TemporalValue,preserve source unit/zone; zero/ambiguous value HOLD; see time overrides,PROPOSED; runtime schema and semantic acceptance unverified
finance,staff_expenses,created_by,declared,integer(),False,False,False,console/migrations/m230201_084401_staff_expenses.php:20,common/models/StaffExpenses.php:28,finance.StaffExpenses.created_by,ExactInteger,synthetic bounded values; range and null checks,PROPOSED; runtime schema and semantic acceptance unverified
finance,staff_expenses,currency,declared,integer(),False,False,False,console/migrations/m230201_084401_staff_expenses.php:20,common/models/StaffExpenses.php:19,finance.StaffExpenses.currency,ExactInteger,synthetic bounded values; range and null checks,PROPOSED; runtime schema and semantic acceptance unverified
finance,staff_expenses,description,declared,text(),False,False,False,console/migrations/m230201_084401_staff_expenses.php:20,common/models/StaffExpenses.php:22,finance.StaffExpenses.description,SensitiveText,replace; never copy free text or destination; no identity joins,PROPOSED; runtime schema and semantic acceptance unverified
finance,staff_expenses,file,declared,string(225),False,False,False,console/migrations/m230201_084401_staff_expenses.php:20,common/models/StaffExpenses.php:23,finance.StaffExpenses.file,DocumentReference,substitute bytes; private owner/type/version; unsupported type HOLD,PROPOSED; runtime schema and semantic acceptance unverified
finance,staff_expenses,purchase_date,declared,date(),False,False,False,console/migrations/m230201_084401_staff_expenses.php:20,common/models/StaffExpenses.php:17,finance.StaffExpenses.purchase_date,LocalDate,preserve relative dates with coherent synthetic calendar; invalid date HOLD,PROPOSED; runtime schema and semantic acceptance unverified
finance,staff_expenses,reimbursable,declared,boolean(),False,False,False,console/migrations/m230201_084401_staff_expenses.php:20,common/models/StaffExpenses.php:21,finance.StaffExpenses.reimbursable,ExactInteger,synthetic bounded values; range and null checks,PROPOSED; runtime schema and semantic acceptance unverified
finance,staff_expenses,staff_expense_uuid,declared,char(60),False,False,False,console/migrations/m230201_084401_staff_expenses.php:20,common/models/StaffExpenses.php:14,finance.StaffExpenses.staff_expense_uuid,SourceRef,namespace by system/table; exact join; no email matching,PROPOSED; runtime schema and semantic acceptance unverified
finance,staff_expenses,staff_id,declared,integer(),False,False,False,console/migrations/m230201_084401_staff_expenses.php:20,common/models/StaffExpenses.php:24,finance.StaffExpenses.staff_id,SourceRef,namespace by system/table; exact join; no email matching,PROPOSED; runtime schema and semantic acceptance unverified
finance,staff_expenses,status,declared,char(5),False,False,False,console/migrations/m230201_084401_staff_expenses.php:20,common/models/StaffExpenses.php:25,finance.StaffExpenses.status,SourceEnum,explicit per-domain mapping; unknown value HOLD; never grants,PROPOSED; runtime schema and semantic acceptance unverified
finance,staff_expenses,supplier,declared,string(225),False,False,False,console/migrations/m230201_084401_staff_expenses.php:20,common/models/StaffExpenses.php:15,finance.StaffExpenses.supplier,SourceText,synthetic replacement; semantic review before import,PROPOSED; runtime schema and semantic acceptance unverified
finance,staff_expenses,total_amount,declared,float(),False,False,False,console/migrations/m230201_084401_staff_expenses.php:20,common/models/StaffExpenses.php:18,finance.StaffExpenses.total_amount,ExactDecimal,synthetic balanced amounts; currency/scale validation; counter overrides apply,PROPOSED; runtime schema and semantic acceptance unverified
finance,staff_expenses,updated_at,declared,dateTime(),False,False,False,console/migrations/m230201_084401_staff_expenses.php:20,common/models/StaffExpenses.php:27,finance.StaffExpenses.updated_at,TemporalValue,preserve source unit/zone; zero/ambiguous value HOLD; see time overrides,PROPOSED; runtime schema and semantic acceptance unverified
finance,staff_expenses,updated_by,declared,integer(),False,False,False,console/migrations/m230201_084401_staff_expenses.php:20,common/models/StaffExpenses.php:29,finance.StaffExpenses.updated_by,ExactInteger,synthetic bounded values; range and null checks,PROPOSED; runtime schema and semantic acceptance unverified
finance,staff_expenses,vat,declared,float(),False,False,False,console/migrations/m230201_084401_staff_expenses.php:20,common/models/StaffExpenses.php:20,finance.StaffExpenses.vat,ExactDecimal,preserve decimal string; reject loss of precision,PROPOSED; runtime schema and semantic acceptance unverified
work,staff_leave,category,declared,string(225),False,False,False,console/migrations/m230203_070415_staff_leaves.php:15,common/models/StaffLeave.php:18,work.StaffLeave.category,SourceText,synthetic replacement; semantic review before import,PROPOSED; runtime schema and semantic acceptance unverified
work,staff_leave,created_at,declared,datetime(),True,False,False,console/migrations/m221215_072607_attendance.php:101,common/models/StaffLeave.php:21,work.StaffLeave.created_at,TemporalValue,preserve source unit/zone; zero/ambiguous value HOLD; see time overrides,PROPOSED; runtime schema and semantic acceptance unverified
work,staff_leave,file,declared,string(225),False,False,False,console/migrations/m230203_070415_staff_leaves.php:16,common/models/StaffLeave.php:19,work.StaffLeave.file,DocumentReference,substitute bytes; private owner/type/version; unsupported type HOLD,PROPOSED; runtime schema and semantic acceptance unverified
work,staff_leave,from_date,declared,date(),False,False,False,console/migrations/m221215_072607_attendance.php:101,common/models/StaffLeave.php:15,work.StaffLeave.from_date,LocalDate,preserve relative dates with coherent synthetic calendar; invalid date HOLD,PROPOSED; runtime schema and semantic acceptance unverified
work,staff_leave,note,declared,text(),False,False,False,console/migrations/m221215_072607_attendance.php:101,common/models/StaffLeave.php:17,work.StaffLeave.note,SensitiveText,replace; never copy free text or destination; no identity joins,PROPOSED; runtime schema and semantic acceptance unverified
work,staff_leave,staff_id,declared,integer(11),False,False,False,console/migrations/m221215_072607_attendance.php:101,common/models/StaffLeave.php:14,work.StaffLeave.staff_id,SourceRef,namespace by system/table; exact join; no email matching,PROPOSED; runtime schema and semantic acceptance unverified
work,staff_leave,staff_leave_uuid,declared,char(60),False,False,False,console/migrations/m221215_072607_attendance.php:101,common/models/StaffLeave.php:13,work.StaffLeave.staff_leave_uuid,SourceRef,namespace by system/table; exact join; no email matching,PROPOSED; runtime schema and semantic acceptance unverified
work,staff_leave,status,declared,tinyInteger(2),False,False,False,console/migrations/m230203_070415_staff_leaves.php:17,common/models/StaffLeave.php:20,work.StaffLeave.status,SourceEnum,explicit per-domain mapping; unknown value HOLD; never grants,PROPOSED; runtime schema and semantic acceptance unverified
work,staff_leave,to_date,declared,date(),False,False,False,console/migrations/m221215_072607_attendance.php:101,common/models/StaffLeave.php:16,work.StaffLeave.to_date,LocalDate,preserve relative dates with coherent synthetic calendar; invalid date HOLD,PROPOSED; runtime schema and semantic acceptance unverified
work,staff_leave,updated_at,declared,datetime(),True,False,False,console/migrations/m221215_072607_attendance.php:101,common/models/StaffLeave.php:22,work.StaffLeave.updated_at,TemporalValue,preserve source unit/zone; zero/ambiguous value HOLD; see time overrides,PROPOSED; runtime schema and semantic acceptance unverified
communication,staff_notification,created_at,declared,dateTime(),False,False,False,console/migrations/m231129_080008_staff_notification.php:21,common/models/StaffNotification.php:16,communication.StaffNotification.created_at,TemporalValue,preserve source unit/zone; zero/ambiguous value HOLD; see time overrides,PROPOSED; runtime schema and semantic acceptance unverified
communication,staff_notification,permission,declared,string(100),False,False,False,console/migrations/m231129_080008_staff_notification.php:21,common/models/StaffNotification.php:15,communication.StaffNotification.permission,SourceText,synthetic replacement; semantic review before import,PROPOSED; runtime schema and semantic acceptance unverified
communication,staff_notification,sn_uuid,declared,char(60),True,False,False,console/migrations/m231129_080008_staff_notification.php:21,common/models/StaffNotification.php:13,communication.StaffNotification.sn_uuid,SourceRef,namespace by system/table; exact join; no email matching,PROPOSED; runtime schema and semantic acceptance unverified
communication,staff_notification,staff_id,declared,integer(11),False,False,False,console/migrations/m231129_080008_staff_notification.php:21,common/models/StaffNotification.php:14,communication.StaffNotification.staff_id,SourceRef,namespace by system/table; exact join; no email matching,PROPOSED; runtime schema and semantic acceptance unverified
communication,staff_notification,updated_at,declared,dateTime(),False,False,False,console/migrations/m231129_080008_staff_notification.php:21,common/models/StaffNotification.php:17,communication.StaffNotification.updated_at,TemporalValue,preserve source unit/zone; zero/ambiguous value HOLD; see time overrides,PROPOSED; runtime schema and semantic acceptance unverified
finance,staff_salary,comment,declared,string(),False,False,False,console/migrations/m220818_050737_salary.php:24,common/models/StaffSalary.php:17,finance.StaffSalary.comment,SensitiveText,replace; never copy free text or destination; no identity joins,PROPOSED; runtime schema and semantic acceptance unverified
finance,staff_salary,created_at,declared,dateTime(),False,False,False,console/migrations/m220818_050737_salary.php:24,common/models/StaffSalary.php:19,finance.StaffSalary.created_at,TemporalValue,preserve source unit/zone; zero/ambiguous value HOLD; see time overrides,PROPOSED; runtime schema and semantic acceptance unverified
finance,staff_salary,salary,declared,"decimal(10, 3)",False,False,False,console/migrations/m220818_050737_salary.php:24,common/models/StaffSalary.php:15,finance.StaffSalary.salary,ExactDecimal,synthetic balanced amounts; currency/scale validation; counter overrides apply,PROPOSED; runtime schema and semantic acceptance unverified
finance,staff_salary,salary_currency,declared,char(3),False,False,False,console/migrations/m220818_050737_salary.php:24,common/models/StaffSalary.php:16,finance.StaffSalary.salary_currency,ExactDecimal,synthetic balanced amounts; currency/scale validation; counter overrides apply,PROPOSED; runtime schema and semantic acceptance unverified
finance,staff_salary,salary_date,declared,date(),False,False,False,console/migrations/m220818_050737_salary.php:24,common/models/StaffSalary.php:18,finance.StaffSalary.salary_date,LocalDate,preserve relative dates with coherent synthetic calendar; invalid date HOLD,PROPOSED; runtime schema and semantic acceptance unverified
finance,staff_salary,staff_id,declared,integer(11),False,False,False,console/migrations/m220818_050737_salary.php:24,common/models/StaffSalary.php:14,finance.StaffSalary.staff_id,SourceRef,namespace by system/table; exact join; no email matching,PROPOSED; runtime schema and semantic acceptance unverified
finance,staff_salary,staff_salary_uuid,declared,char(60),False,False,False,console/migrations/m220818_050737_salary.php:24,common/models/StaffSalary.php:13,finance.StaffSalary.staff_salary_uuid,SourceRef,namespace by system/table; exact join; no email matching,PROPOSED; runtime schema and semantic acceptance unverified
finance,staff_salary,updated_at,declared,dateTime(),False,False,False,console/migrations/m220818_050737_salary.php:24,common/models/StaffSalary.php:20,finance.StaffSalary.updated_at,TemporalValue,preserve source unit/zone; zero/ambiguous value HOLD; see time overrides,PROPOSED; runtime schema and semantic acceptance unverified
finance,staff_salary_process,salary_amount,annotation-only,literal-or-annotation:string,False,False,False,,common/models/StaffSalaryProcess.php:13,finance.StaffSalaryProcess.salary_amount,ExactDecimal,synthetic balanced amounts; currency/scale validation; counter overrides apply,PROPOSED; runtime schema and semantic acceptance unverified
finance,staff_salary_process,salary_created_datetime,annotation-only,literal-or-annotation:string,False,False,False,,common/models/StaffSalaryProcess.php:15,finance.StaffSalaryProcess.salary_created_datetime,TemporalValue,preserve source unit/zone; zero/ambiguous value HOLD; see time overrides,PROPOSED; runtime schema and semantic acceptance unverified
finance,staff_salary_process,salary_month,annotation-only,literal-or-annotation:string,False,False,False,,common/models/StaffSalaryProcess.php:12,finance.StaffSalaryProcess.salary_month,ExactDecimal,synthetic balanced amounts; currency/scale validation; counter overrides apply,PROPOSED; runtime schema and semantic acceptance unverified
finance,staff_salary_process,salary_tags,annotation-only,literal-or-annotation:string,False,False,False,,common/models/StaffSalaryProcess.php:14,finance.StaffSalaryProcess.salary_tags,ExactDecimal,synthetic balanced amounts; currency/scale validation; counter overrides apply,PROPOSED; runtime schema and semantic acceptance unverified
finance,staff_salary_process,salary_updated_datetime,annotation-only,literal-or-annotation:string,False,False,False,,common/models/StaffSalaryProcess.php:16,finance.StaffSalaryProcess.salary_updated_datetime,TemporalValue,preserve source unit/zone; zero/ambiguous value HOLD; see time overrides,PROPOSED; runtime schema and semantic acceptance unverified
finance,staff_salary_process,staff_id,annotation-only,literal-or-annotation:int,False,False,False,,common/models/StaffSalaryProcess.php:11,finance.StaffSalaryProcess.staff_id,SourceRef,namespace by system/table; exact join; no email matching,PROPOSED; runtime schema and semantic acceptance unverified
finance,staff_salary_process,staff_salary_process_uuid,annotation-only,literal-or-annotation:string,False,False,False,,common/models/StaffSalaryProcess.php:10,finance.StaffSalaryProcess.staff_salary_process_uuid,SourceRef,namespace by system/table; exact join; no email matching,PROPOSED; runtime schema and semantic acceptance unverified
identity,staff_token,ip_address,declared,string(45),False,False,False,console/migrations/m250129_142636_token_expiry.php:43,common/models/StaffToken.php:20,identity.StaffToken.ip_address,ExcludedCredential,DROP; synthetic auth only,PROPOSED; runtime schema and semantic acceptance unverified
identity,staff_token,otp,declared,char(5),False,False,False,console/migrations/m250130_115508_2step_auth.php:70,,identity.StaffToken.otp,ExcludedCredential,DROP; synthetic auth only,PROPOSED; runtime schema and semantic acceptance unverified
identity,staff_token,staff_id,declared,integer(),True,False,False,console/migrations/m170209_151757_create_token_tables.php:102,common/models/StaffToken.php:13,identity.StaffToken.staff_id,ExcludedCredential,DROP; synthetic auth only,PROPOSED; runtime schema and semantic acceptance unverified
identity,staff_token,token_created_datetime,declared,datetime(),True,False,False,console/migrations/m170209_151757_create_token_tables.php:102,common/models/StaffToken.php:21,identity.StaffToken.token_created_datetime,ExcludedCredential,DROP; synthetic auth only,PROPOSED; runtime schema and semantic acceptance unverified
identity,staff_token,token_device,declared,string(),False,False,False,console/migrations/m170209_151757_create_token_tables.php:102,common/models/StaffToken.php:15,identity.StaffToken.token_device,ExcludedCredential,DROP; synthetic auth only,PROPOSED; runtime schema and semantic acceptance unverified
identity,staff_token,token_device_id,declared,string(),False,False,False,console/migrations/m170209_151757_create_token_tables.php:102,common/models/StaffToken.php:16,identity.StaffToken.token_device_id,ExcludedCredential,DROP; synthetic auth only,PROPOSED; runtime schema and semantic acceptance unverified
identity,staff_token,token_expiry_datetime,declared,datetime(),False,False,False,console/migrations/m170209_151757_create_token_tables.php:102,common/models/StaffToken.php:19,identity.StaffToken.token_expiry_datetime,ExcludedCredential,DROP; synthetic auth only,PROPOSED; runtime schema and semantic acceptance unverified
identity,staff_token,token_id,declared,primaryKey(),False,True,False,console/migrations/m170209_151757_create_token_tables.php:102,common/models/StaffToken.php:12,identity.StaffToken.token_id,ExcludedCredential,DROP; synthetic auth only,PROPOSED; runtime schema and semantic acceptance unverified
identity,staff_token,token_last_used_datetime,declared,datetime(),False,False,False,console/migrations/m170209_151757_create_token_tables.php:102,common/models/StaffToken.php:18,identity.StaffToken.token_last_used_datetime,ExcludedCredential,DROP; synthetic auth only,PROPOSED; runtime schema and semantic acceptance unverified
identity,staff_token,token_status,declared,smallInteger(),True,False,False,console/migrations/m170209_151757_create_token_tables.php:102,common/models/StaffToken.php:17,identity.StaffToken.token_status,ExcludedCredential,DROP; synthetic auth only,PROPOSED; runtime schema and semantic acceptance unverified
identity,staff_token,token_value,declared,string(),True,False,False,console/migrations/m170209_151757_create_token_tables.php:102,common/models/StaffToken.php:14,identity.StaffToken.token_value,ExcludedCredential,DROP; synthetic auth only,PROPOSED; runtime schema and semantic acceptance unverified
identity,staff_token,total_attempt,declared,tinyInteger(1),False,False,False,console/migrations/m250130_115508_2step_auth.php:93,,identity.StaffToken.total_attempt,ExcludedCredential,DROP; synthetic auth only,PROPOSED; runtime schema and semantic acceptance unverified
work,staff_work_session,created_at,declared,datetime(),True,False,False,console/migrations/m221215_072607_attendance.php:76,common/models/StaffWorkSession.php:16,work.StaffWorkSession.created_at,TemporalValue,preserve source unit/zone; zero/ambiguous value HOLD; see time overrides,PROPOSED; runtime schema and semantic acceptance unverified
work,staff_work_session,staff_id,declared,integer(11),False,False,False,console/migrations/m221215_072607_attendance.php:76,common/models/StaffWorkSession.php:14,work.StaffWorkSession.staff_id,SourceRef,namespace by system/table; exact join; no email matching,PROPOSED; runtime schema and semantic acceptance unverified
work,staff_work_session,total_minutes,declared,integer(4),False,False,False,console/migrations/m221215_072607_attendance.php:76,common/models/StaffWorkSession.php:15,work.StaffWorkSession.total_minutes,ExactDecimal,synthetic balanced amounts; currency/scale validation; counter overrides apply,PROPOSED; runtime schema and semantic acceptance unverified
work,staff_work_session,updated_at,declared,datetime(),True,False,False,console/migrations/m221215_072607_attendance.php:76,common/models/StaffWorkSession.php:17,work.StaffWorkSession.updated_at,TemporalValue,preserve source unit/zone; zero/ambiguous value HOLD; see time overrides,PROPOSED; runtime schema and semantic acceptance unverified
work,staff_work_session,work_session_uuid,declared,char(60),False,False,False,console/migrations/m221215_072607_attendance.php:76,common/models/StaffWorkSession.php:13,work.StaffWorkSession.work_session_uuid,SourceRef,namespace by system/table; exact join; no email matching,PROPOSED; runtime schema and semantic acceptance unverified
organizations,store,brand_uuid,declared,char(60),False,False,False,console/migrations/m200909_110549_alter_store_table_for_brand.php:17,common/models/Store.php:16,organizations.Store.brand_uuid,SourceRef,namespace by system/table; exact join; no email matching,PROPOSED; runtime schema and semantic acceptance unverified
organizations,store,company_id,declared,integer(),False,False,False,console/migrations/m170223_125009_store.php:15,common/models/Store.php:14,organizations.Store.company_id,SourceRef,namespace by system/table; exact join; no email matching,PROPOSED; runtime schema and semantic acceptance unverified
organizations,store,deleted,declared,smallInteger(1),True,False,False,console/migrations/m170619_070654_soft_delete_pending_tables.php:9,common/models/Store.php:24,organizations.Store.deleted,SourceEnum,explicit per-domain mapping; unknown value HOLD; never grants,PROPOSED; runtime schema and semantic acceptance unverified
organizations,store,mall_uuid,declared,char(60),False,False,False,console/migrations/m200911_052307_mall_table.php:32,common/models/Store.php:17,organizations.Store.mall_uuid,SourceRef,namespace by system/table; exact join; no email matching,PROPOSED; runtime schema and semantic acceptance unverified
organizations,store,store_created_at,declared,datetime(),True,False,False,console/migrations/m170223_125009_store.php:15,common/models/Store.php:22,organizations.Store.store_created_at,TemporalValue,preserve source unit/zone; zero/ambiguous value HOLD; see time overrides,PROPOSED; runtime schema and semantic acceptance unverified
organizations,store,store_id,declared,primaryKey(),False,True,False,console/migrations/m170223_125009_store.php:15,common/models/Store.php:13,organizations.Store.store_id,SourceRef,namespace by system/table; exact join; no email matching,PROPOSED; runtime schema and semantic acceptance unverified
organizations,store,store_location,declared,string(),True,False,False,console/migrations/m200911_134742_store_location.php:16,common/models/Store.php:19,organizations.Store.store_location,SourceText,synthetic replacement; semantic review before import,PROPOSED; runtime schema and semantic acceptance unverified
organizations,store,store_manager_uuid,declared,char(60),False,False,False,console/migrations/m201005_135449_store_manager.php:15,common/models/Store.php:15,organizations.Store.store_manager_uuid,SourceRef,namespace by system/table; exact join; no email matching,PROPOSED; runtime schema and semantic acceptance unverified
organizations,store,store_name,declared,string(),True,False,False,console/migrations/m170223_125009_store.php:15,common/models/Store.php:18,organizations.Store.store_name,SensitiveText,replace; never copy free text or destination; no identity joins,PROPOSED; runtime schema and semantic acceptance unverified
organizations,store,store_status,declared,smallInteger(),True,False,False,console/migrations/m170223_125009_store.php:15,common/models/Store.php:21,organizations.Store.store_status,SourceEnum,explicit per-domain mapping; unknown value HOLD; never grants,PROPOSED; runtime schema and semantic acceptance unverified
organizations,store,store_total_candidates,declared,integer(5),False,False,False,console/migrations/m200623_130939_store_candidates.php:15,common/models/Store.php:20,organizations.Store.store_total_candidates,ExactDecimal,synthetic balanced amounts; currency/scale validation; counter overrides apply,PROPOSED; runtime schema and semantic acceptance unverified
organizations,store,store_updated_at,declared,datetime(),True,False,False,console/migrations/m170223_125009_store.php:15,common/models/Store.php:23,organizations.Store.store_updated_at,TemporalValue,preserve source unit/zone; zero/ambiguous value HOLD; see time overrides,PROPOSED; runtime schema and semantic acceptance unverified
work,store_assignment_request,candidate_id,declared,integer(11),False,False,False,console/migrations/m240429_110602_store_assignment_request.php:21,common/models/StoreAssignmentRequest.php:14,work.StoreAssignmentRequest.candidate_id,SourceRef,namespace by system/table; exact join; no email matching,PROPOSED; runtime schema and semantic acceptance unverified
work,store_assignment_request,created_at,declared,datetime(),False,False,False,console/migrations/m240429_110602_store_assignment_request.php:21,common/models/StoreAssignmentRequest.php:18,work.StoreAssignmentRequest.created_at,TemporalValue,preserve source unit/zone; zero/ambiguous value HOLD; see time overrides,PROPOSED; runtime schema and semantic acceptance unverified
work,store_assignment_request,currency_code,declared,char(3),False,False,False,console/migrations/m240429_110602_store_assignment_request.php:21,common/models/StoreAssignmentRequest.php:16,work.StoreAssignmentRequest.currency_code,SourceRef,namespace by system/table; exact join; no email matching,PROPOSED; runtime schema and semantic acceptance unverified
work,store_assignment_request,sar_uuid,declared,char(60),False,False,False,console/migrations/m240429_110602_store_assignment_request.php:21,common/models/StoreAssignmentRequest.php:13,work.StoreAssignmentRequest.sar_uuid,SourceRef,namespace by system/table; exact join; no email matching,PROPOSED; runtime schema and semantic acceptance unverified
work,store_assignment_request,status,declared,tinyInteger(2),False,False,False,console/migrations/m240429_110602_store_assignment_request.php:21,common/models/StoreAssignmentRequest.php:17,work.StoreAssignmentRequest.status,SourceEnum,explicit per-domain mapping; unknown value HOLD; never grants,PROPOSED; runtime schema and semantic acceptance unverified
work,store_assignment_request,store_id,declared,integer(11),False,False,False,console/migrations/m240429_110602_store_assignment_request.php:21,common/models/StoreAssignmentRequest.php:15,work.StoreAssignmentRequest.store_id,SourceRef,namespace by system/table; exact join; no email matching,PROPOSED; runtime schema and semantic acceptance unverified
work,store_assignment_request,updated_at,declared,datetime(),False,False,False,console/migrations/m240429_110602_store_assignment_request.php:21,common/models/StoreAssignmentRequest.php:19,work.StoreAssignmentRequest.updated_at,TemporalValue,preserve source unit/zone; zero/ambiguous value HOLD; see time overrides,PROPOSED; runtime schema and semantic acceptance unverified
identity,store_manager,auth_key,declared,string(),False,False,False,console/migrations/m240422_190025_manager.php:21,,identity.StoreManager.auth_key,ExcludedCredential,DROP; synthetic auth only,PROPOSED; runtime schema and semantic acceptance unverified
identity,store_manager,company_id,declared,integer(),False,False,False,console/migrations/m240422_190025_manager.php:21,common/models/StoreManager.php:15,identity.StoreManager.company_id,SourceRef,namespace by system/table; exact join; no email matching,PROPOSED; runtime schema and semantic acceptance unverified
identity,store_manager,created_at,declared,datetime(),False,False,False,console/migrations/m240422_190025_manager.php:21,common/models/StoreManager.php:24,identity.StoreManager.created_at,TemporalValue,preserve source unit/zone; zero/ambiguous value HOLD; see time overrides,PROPOSED; runtime schema and semantic acceptance unverified
identity,store_manager,email,declared,string(100),False,False,False,console/migrations/m240422_190025_manager.php:21,common/models/StoreManager.php:18,identity.StoreManager.email,SensitiveText,replace; never copy free text or destination; no identity joins,PROPOSED; runtime schema and semantic acceptance unverified
identity,store_manager,email_verification,declared,boolean(),False,False,False,console/migrations/m240422_190025_manager.php:21,common/models/StoreManager.php:20,identity.StoreManager.email_verification,SensitiveText,replace; never copy free text or destination; no identity joins,PROPOSED; runtime schema and semantic acceptance unverified
identity,store_manager,enable_two_step_auth,declared,boolean(),False,False,False,console/migrations/m250130_115508_2step_auth.php:44,,identity.StoreManager.enable_two_step_auth,ExactInteger,synthetic bounded values; range and null checks,PROPOSED; runtime schema and semantic acceptance unverified
identity,store_manager,limit_email,declared,datetime(),False,False,False,console/migrations/m240422_190025_manager.php:21,common/models/StoreManager.php:23,identity.StoreManager.limit_email,SensitiveText,replace; never copy free text or destination; no identity joins,PROPOSED; runtime schema and semantic acceptance unverified
identity,store_manager,name,declared,string(100),True,False,False,console/migrations/m240422_190025_manager.php:21,common/models/StoreManager.php:17,identity.StoreManager.name,SensitiveText,replace; never copy free text or destination; no identity joins,PROPOSED; runtime schema and semantic acceptance unverified
identity,store_manager,new_email,declared,string(100),False,False,False,console/migrations/m240422_190025_manager.php:21,common/models/StoreManager.php:19,identity.StoreManager.new_email,SensitiveText,replace; never copy free text or destination; no identity joins,PROPOSED; runtime schema and semantic acceptance unverified
identity,store_manager,password_hash,declared,string(),False,False,False,console/migrations/m240422_190025_manager.php:21,common/models/StoreManager.php:22,identity.StoreManager.password_hash,ExcludedCredential,DROP; synthetic auth only,PROPOSED; runtime schema and semantic acceptance unverified
identity,store_manager,password_reset_token,declared,string(),False,False,False,console/migrations/m240422_190025_manager.php:21,,identity.StoreManager.password_reset_token,ExcludedCredential,DROP; synthetic auth only,PROPOSED; runtime schema and semantic acceptance unverified
identity,store_manager,phone_number,declared,string(100),False,False,False,console/migrations/m240422_190025_manager.php:21,common/models/StoreManager.php:21,identity.StoreManager.phone_number,SensitiveText,replace; never copy free text or destination; no identity joins,PROPOSED; runtime schema and semantic acceptance unverified
identity,store_manager,store_id,declared,integer(),False,False,False,console/migrations/m240422_190025_manager.php:21,common/models/StoreManager.php:16,identity.StoreManager.store_id,SourceRef,namespace by system/table; exact join; no email matching,PROPOSED; runtime schema and semantic acceptance unverified
identity,store_manager,store_manager_uuid,declared,char(60),False,False,False,console/migrations/m240422_190025_manager.php:21,common/models/StoreManager.php:14,identity.StoreManager.store_manager_uuid,SourceRef,namespace by system/table; exact join; no email matching,PROPOSED; runtime schema and semantic acceptance unverified
identity,store_manager,updated_at,declared,datetime(),False,False,False,console/migrations/m240422_190025_manager.php:21,common/models/StoreManager.php:25,identity.StoreManager.updated_at,TemporalValue,preserve source unit/zone; zero/ambiguous value HOLD; see time overrides,PROPOSED; runtime schema and semantic acceptance unverified
communication,story,is_old,declared,tinyInteger(1),False,False,False,console/migrations/m211215_105556_request_to_stories.php:23,common/models/Story.php:19,communication.Story.is_old,SourceEnum,explicit per-domain mapping; unknown value HOLD; never grants,PROPOSED; runtime schema and semantic acceptance unverified
communication,story,number_of_employees,declared,smallInteger(6),False,False,False,console/migrations/m220907_103036_no_of_emp.php:17,common/models/Story.php:17,communication.Story.number_of_employees,ExactInteger,synthetic bounded values; range and null checks,PROPOSED; runtime schema and semantic acceptance unverified
communication,story,request_uuid,declared,char(60),True,False,False,console/migrations/m211127_154105_add_story_table.php:27,common/models/Story.php:14,communication.Story.request_uuid,SourceRef,namespace by system/table; exact join; no email matching,PROPOSED; runtime schema and semantic acceptance unverified
communication,story,staff_id,declared,integer(),False,False,False,console/migrations/m211127_154105_add_story_table.php:27,common/models/Story.php:16,communication.Story.staff_id,SourceRef,namespace by system/table; exact join; no email matching,PROPOSED; runtime schema and semantic acceptance unverified
communication,story,story_created_at,declared,literal-or-annotation:string,False,False,False,console/migrations/m211127_154105_add_story_table.php:27,common/models/Story.php:21,communication.Story.story_created_at,TemporalValue,preserve source unit/zone; zero/ambiguous value HOLD; see time overrides,PROPOSED; runtime schema and semantic acceptance unverified
communication,story,story_last_updated_at,declared,literal-or-annotation:string,False,False,False,console/migrations/m211127_154105_add_story_table.php:27,common/models/Story.php:22,communication.Story.story_last_updated_at,TemporalValue,preserve source unit/zone; zero/ambiguous value HOLD; see time overrides,PROPOSED; runtime schema and semantic acceptance unverified
communication,story,story_status,declared,smallInteger(),True,False,False,console/migrations/m211127_154105_add_story_table.php:27,common/models/Story.php:18,communication.Story.story_status,SourceEnum,explicit per-domain mapping; unknown value HOLD; never grants,PROPOSED; runtime schema and semantic acceptance unverified
communication,story,story_time_spent,declared,integer(),False,False,False,console/migrations/m211127_154105_add_story_table.php:27,common/models/Story.php:20,communication.Story.story_time_spent,ExactInteger,synthetic bounded values; range and null checks,PROPOSED; runtime schema and semantic acceptance unverified
communication,story,story_uuid,declared,char(60),False,False,False,console/migrations/m211127_154105_add_story_table.php:27,common/models/Story.php:13,communication.Story.story_uuid,SourceRef,namespace by system/table; exact join; no email matching,PROPOSED; runtime schema and semantic acceptance unverified
communication,story,suggestion_uuid,declared,char(60),False,False,False,console/migrations/m211130_141016_add_suggestion_id_to_story_table.php:15,common/models/Story.php:15,communication.Story.suggestion_uuid,SourceRef,namespace by system/table; exact join; no email matching,PROPOSED; runtime schema and semantic acceptance unverified
communication,story_activity,activity_created_at,declared,literal-or-annotation:string,False,False,False,console/migrations/m211127_154105_add_story_table.php:71,common/models/StoryActivity.php:20,communication.StoryActivity.activity_created_at,TemporalValue,preserve source unit/zone; zero/ambiguous value HOLD; see time overrides,PROPOSED; runtime schema and semantic acceptance unverified
communication,story_activity,activity_last_updated_at,declared,literal-or-annotation:string,False,False,False,console/migrations/m211127_154105_add_story_table.php:71,common/models/StoryActivity.php:21,communication.StoryActivity.activity_last_updated_at,TemporalValue,preserve source unit/zone; zero/ambiguous value HOLD; see time overrides,PROPOSED; runtime schema and semantic acceptance unverified
communication,story_activity,activity_status,declared,smallInteger(),True,False,False,console/migrations/m211127_154105_add_story_table.php:71,common/models/StoryActivity.php:19,communication.StoryActivity.activity_status,SourceEnum,explicit per-domain mapping; unknown value HOLD; never grants,PROPOSED; runtime schema and semantic acceptance unverified
communication,story_activity,activity_time_spent,declared,integer(),False,False,False,console/migrations/m211127_154105_add_story_table.php:71,common/models/StoryActivity.php:18,communication.StoryActivity.activity_time_spent,ExactInteger,synthetic bounded values; range and null checks,PROPOSED; runtime schema and semantic acceptance unverified
communication,story_activity,staff_id,declared,integer(),False,False,False,console/migrations/m211127_154105_add_story_table.php:71,common/models/StoryActivity.php:17,communication.StoryActivity.staff_id,SourceRef,namespace by system/table; exact join; no email matching,PROPOSED; runtime schema and semantic acceptance unverified
communication,story_activity,story_activity_uuid,declared,char(60),False,False,False,console/migrations/m211127_154105_add_story_table.php:71,common/models/StoryActivity.php:15,communication.StoryActivity.story_activity_uuid,SourceRef,namespace by system/table; exact join; no email matching,PROPOSED; runtime schema and semantic acceptance unverified
communication,story_activity,story_uuid,declared,char(60),True,False,False,console/migrations/m211127_154105_add_story_table.php:71,common/models/StoryActivity.php:16,communication.StoryActivity.story_uuid,SourceRef,namespace by system/table; exact join; no email matching,PROPOSED; runtime schema and semantic acceptance unverified
recruitment,suggestion,candidate_id,declared,integer(),False,False,False,console/migrations/m201201_120803_suggesstionn.php:21,common/models/Suggestion.php:19,recruitment.Suggestion.candidate_id,SourceRef,namespace by system/table; exact join; no email matching,PROPOSED; runtime schema and semantic acceptance unverified
recruitment,suggestion,fulltimer_uuid,declared,char(60),False,False,False,console/migrations/m201201_120803_suggesstionn.php:21,common/models/Suggestion.php:18,recruitment.Suggestion.fulltimer_uuid,SourceRef,namespace by system/table; exact join; no email matching,PROPOSED; runtime schema and semantic acceptance unverified
recruitment,suggestion,mail_to_company,declared,tinyInteger(1),False,False,False,console/migrations/m210409_075023_suggestion_sent.php:15,,recruitment.Suggestion.mail_to_company,ExactInteger,synthetic bounded values; range and null checks,PROPOSED; runtime schema and semantic acceptance unverified
recruitment,suggestion,note_uuid,declared,char(60),True,False,False,console/migrations/m201201_120803_suggesstionn.php:21,common/models/Suggestion.php:20,recruitment.Suggestion.note_uuid,SourceRef,namespace by system/table; exact join; no email matching,PROPOSED; runtime schema and semantic acceptance unverified
recruitment,suggestion,request_uuid,declared,char(60),True,False,False,console/migrations/m201201_120803_suggesstionn.php:21,common/models/Suggestion.php:17,recruitment.Suggestion.request_uuid,SourceRef,namespace by system/table; exact join; no email matching,PROPOSED; runtime schema and semantic acceptance unverified
recruitment,suggestion,story_uuid,declared,char(60),False,False,False,console/migrations/m220112_103815_suggestion_note_story_uuid.php:22,common/models/Suggestion.php:21,recruitment.Suggestion.story_uuid,SourceRef,namespace by system/table; exact join; no email matching,PROPOSED; runtime schema and semantic acceptance unverified
recruitment,suggestion,suggestion_datetime,declared,datetime(),True,False,False,console/migrations/m201201_120803_suggesstionn.php:21,common/models/Suggestion.php:23,recruitment.Suggestion.suggestion_datetime,TemporalValue,preserve source unit/zone; zero/ambiguous value HOLD; see time overrides,PROPOSED; runtime schema and semantic acceptance unverified
recruitment,suggestion,suggestion_status,declared,tinyInteger(2),False,False,False,console/migrations/m201201_120803_suggesstionn.php:21,common/models/Suggestion.php:22,recruitment.Suggestion.suggestion_status,SourceEnum,explicit per-domain mapping; unknown value HOLD; never grants,PROPOSED; runtime schema and semantic acceptance unverified
recruitment,suggestion,suggestion_uuid,declared,char(60),False,False,False,console/migrations/m201201_120803_suggesstionn.php:21,common/models/Suggestion.php:16,recruitment.Suggestion.suggestion_uuid,SourceRef,namespace by system/table; exact join; no email matching,PROPOSED; runtime schema and semantic acceptance unverified
profile,tag,created_at,declared,dateTime(),False,False,False,console/migrations/m230510_035749_tag.php:21,common/models/Tag.php:12,profile.Tag.created_at,TemporalValue,preserve source unit/zone; zero/ambiguous value HOLD; see time overrides,PROPOSED; runtime schema and semantic acceptance unverified
profile,tag,tag,declared,string(128),True,False,False,console/migrations/m230510_035749_tag.php:21,common/models/Tag.php:11,profile.Tag.tag,SourceText,synthetic replacement; semantic review before import,PROPOSED; runtime schema and semantic acceptance unverified
profile,tag,tag_id,declared,primaryKey(),False,True,False,console/migrations/m230510_035749_tag.php:21,common/models/Tag.php:10,profile.Tag.tag_id,SourceRef,namespace by system/table; exact join; no email matching,PROPOSED; runtime schema and semantic acceptance unverified
profile,tag,updated_at,declared,dateTime(),False,False,False,console/migrations/m230510_035749_tag.php:21,common/models/Tag.php:13,profile.Tag.updated_at,TemporalValue,preserve source unit/zone; zero/ambiguous value HOLD; see time overrides,PROPOSED; runtime schema and semantic acceptance unverified
communication,ticket,candidate_id,declared,integer(11),False,False,False,console/migrations/m240612_071616_ticket.php:21,common/models/Ticket.php:15,communication.Ticket.candidate_id,SourceRef,namespace by system/table; exact join; no email matching,PROPOSED; runtime schema and semantic acceptance unverified
communication,ticket,created_at,declared,dateTime(),False,False,False,console/migrations/m240612_071616_ticket.php:21,common/models/Ticket.php:23,communication.Ticket.created_at,TemporalValue,preserve source unit/zone; zero/ambiguous value HOLD; see time overrides,PROPOSED; runtime schema and semantic acceptance unverified
communication,ticket,resolution_time,declared,integer(),False,False,False,console/migrations/m240612_071616_ticket.php:21,common/models/Ticket.php:22,communication.Ticket.resolution_time,TemporalValue,preserve source unit/zone; zero/ambiguous value HOLD; see time overrides,PROPOSED; runtime schema and semantic acceptance unverified
communication,ticket,response_time,declared,integer(),False,False,False,console/migrations/m240612_071616_ticket.php:21,common/models/Ticket.php:21,communication.Ticket.response_time,TemporalValue,preserve source unit/zone; zero/ambiguous value HOLD; see time overrides,PROPOSED; runtime schema and semantic acceptance unverified
communication,ticket,staff_id,declared,integer(11),False,False,False,console/migrations/m240612_071616_ticket.php:21,common/models/Ticket.php:16,communication.Ticket.staff_id,SourceRef,namespace by system/table; exact join; no email matching,PROPOSED; runtime schema and semantic acceptance unverified
communication,ticket,ticket_completed_at,declared,dateTime(),False,False,False,console/migrations/m240612_071616_ticket.php:21,common/models/Ticket.php:20,communication.Ticket.ticket_completed_at,TemporalValue,preserve source unit/zone; zero/ambiguous value HOLD; see time overrides,PROPOSED; runtime schema and semantic acceptance unverified
communication,ticket,ticket_detail,declared,text(),False,False,False,console/migrations/m240612_071616_ticket.php:21,common/models/Ticket.php:17,communication.Ticket.ticket_detail,SensitiveText,replace; never copy free text or destination; no identity joins,PROPOSED; runtime schema and semantic acceptance unverified
communication,ticket,ticket_started_at,declared,dateTime(),False,False,False,console/migrations/m240612_071616_ticket.php:21,common/models/Ticket.php:19,communication.Ticket.ticket_started_at,TemporalValue,preserve source unit/zone; zero/ambiguous value HOLD; see time overrides,PROPOSED; runtime schema and semantic acceptance unverified
communication,ticket,ticket_status,declared,smallInteger(1),False,False,False,console/migrations/m240612_071616_ticket.php:21,common/models/Ticket.php:18,communication.Ticket.ticket_status,SourceEnum,explicit per-domain mapping; unknown value HOLD; never grants,PROPOSED; runtime schema and semantic acceptance unverified
communication,ticket,ticket_uuid,declared,char(60),False,False,False,console/migrations/m240612_071616_ticket.php:21,common/models/Ticket.php:14,communication.Ticket.ticket_uuid,SourceRef,namespace by system/table; exact join; no email matching,PROPOSED; runtime schema and semantic acceptance unverified
communication,ticket,updated_at,declared,dateTime(),False,False,False,console/migrations/m240612_071616_ticket.php:21,common/models/Ticket.php:24,communication.Ticket.updated_at,TemporalValue,preserve source unit/zone; zero/ambiguous value HOLD; see time overrides,PROPOSED; runtime schema and semantic acceptance unverified
communication,ticket_attachment,attachment_uuid,declared,char(60),False,False,False,console/migrations/m240612_071616_ticket.php:53,common/models/TicketAttachment.php:15,communication.TicketAttachment.attachment_uuid,SourceRef,namespace by system/table; exact join; no email matching,PROPOSED; runtime schema and semantic acceptance unverified
communication,ticket_attachment,ticket_attachment_uuid,declared,char(60),False,False,False,console/migrations/m240612_071616_ticket.php:53,common/models/TicketAttachment.php:13,communication.TicketAttachment.ticket_attachment_uuid,SourceRef,namespace by system/table; exact join; no email matching,PROPOSED; runtime schema and semantic acceptance unverified
communication,ticket_attachment,ticket_uuid,declared,char(60),False,False,False,console/migrations/m240612_071616_ticket.php:53,common/models/TicketAttachment.php:14,communication.TicketAttachment.ticket_uuid,SourceRef,namespace by system/table; exact join; no email matching,PROPOSED; runtime schema and semantic acceptance unverified
communication,ticket_comment,candidate_id,declared,integer(11),False,False,False,console/migrations/m240612_071616_ticket.php:85,common/models/TicketComment.php:16,communication.TicketComment.candidate_id,SourceRef,namespace by system/table; exact join; no email matching,PROPOSED; runtime schema and semantic acceptance unverified
communication,ticket_comment,created_at,declared,dateTime(),False,False,False,console/migrations/m240612_071616_ticket.php:85,common/models/TicketComment.php:19,communication.TicketComment.created_at,TemporalValue,preserve source unit/zone; zero/ambiguous value HOLD; see time overrides,PROPOSED; runtime schema and semantic acceptance unverified
communication,ticket_comment,staff_id,declared,integer(11),False,False,False,console/migrations/m240612_071616_ticket.php:85,common/models/TicketComment.php:17,communication.TicketComment.staff_id,SourceRef,namespace by system/table; exact join; no email matching,PROPOSED; runtime schema and semantic acceptance unverified
communication,ticket_comment,ticket_comment_detail,declared,text(),False,False,False,console/migrations/m240612_071616_ticket.php:85,common/models/TicketComment.php:18,communication.TicketComment.ticket_comment_detail,SensitiveText,replace; never copy free text or destination; no identity joins,PROPOSED; runtime schema and semantic acceptance unverified
communication,ticket_comment,ticket_comment_uuid,declared,char(60),False,False,False,console/migrations/m240612_071616_ticket.php:85,common/models/TicketComment.php:14,communication.TicketComment.ticket_comment_uuid,SourceRef,namespace by system/table; exact join; no email matching,PROPOSED; runtime schema and semantic acceptance unverified
communication,ticket_comment,ticket_uuid,declared,char(60),False,False,False,console/migrations/m240612_071616_ticket.php:85,common/models/TicketComment.php:15,communication.TicketComment.ticket_uuid,SourceRef,namespace by system/table; exact join; no email matching,PROPOSED; runtime schema and semantic acceptance unverified
communication,ticket_comment,updated_at,declared,dateTime(),False,False,False,console/migrations/m240612_071616_ticket.php:85,common/models/TicketComment.php:20,communication.TicketComment.updated_at,TemporalValue,preserve source unit/zone; zero/ambiguous value HOLD; see time overrides,PROPOSED; runtime schema and semantic acceptance unverified
communication,ticket_comment_attachment,attachment_uuid,declared,char(60),False,False,False,console/migrations/m240612_071616_ticket.php:121,common/models/TicketCommentAttachment.php:15,communication.TicketCommentAttachment.attachment_uuid,SourceRef,namespace by system/table; exact join; no email matching,PROPOSED; runtime schema and semantic acceptance unverified
communication,ticket_comment_attachment,ticket_comment_attachment_uuid,declared,char(60),False,False,False,console/migrations/m240612_071616_ticket.php:121,common/models/TicketCommentAttachment.php:13,communication.TicketCommentAttachment.ticket_comment_attachment_uuid,SourceRef,namespace by system/table; exact join; no email matching,PROPOSED; runtime schema and semantic acceptance unverified
communication,ticket_comment_attachment,ticket_comment_uuid,declared,char(60),False,False,False,console/migrations/m240612_071616_ticket.php:121,common/models/TicketCommentAttachment.php:14,communication.TicketCommentAttachment.ticket_comment_uuid,SourceRef,namespace by system/table; exact join; no email matching,PROPOSED; runtime schema and semantic acceptance unverified
finance,transfer,company_id,declared,integer(),False,False,False,console/migrations/m170227_122635_company_transfer.php:9,common/models/Transfer.php:20,finance.Transfer.company_id,SourceRef,namespace by system/table; exact join; no email matching,PROPOSED; runtime schema and semantic acceptance unverified
finance,transfer,company_total,declared,"decimal(12, 3)",False,False,False,console/migrations/m170428_113508_invoice.php:13,common/models/Transfer.php:24,finance.Transfer.company_total,MoneyDecimal,exact coefficient/scale and currency; snapshots immutable; unresolved currency HOLD,PROPOSED; runtime schema and semantic acceptance unverified
finance,transfer,contract_type,declared,string(),True,False,False,console/migrations/m241104_073200_contract.php:36,common/models/Transfer.php:22,finance.Transfer.contract_type,SourceEnum,explicit per-domain mapping; unknown value HOLD; never grants,PROPOSED; runtime schema and semantic acceptance unverified
finance,transfer,contract_uuid,declared,char(60),False,False,False,console/migrations/m241104_073200_contract.php:15,common/models/Transfer.php:21,finance.Transfer.contract_uuid,SourceRef,namespace by system/table; exact join; no email matching,PROPOSED; runtime schema and semantic acceptance unverified
finance,transfer,currency_code,declared,char(3),False,False,False,console/migrations/m240214_084103_multi_currency.php:224,common/models/Transfer.php:26,finance.Transfer.currency_code,SourceRef,namespace by system/table; exact join; no email matching,PROPOSED; runtime schema and semantic acceptance unverified
finance,transfer,deleted,declared,smallInteger(1),True,False,False,console/migrations/m170608_114707_soft_delete.php:11,,finance.Transfer.deleted,SourceEnum,explicit per-domain mapping; unknown value HOLD; never grants,PROPOSED; runtime schema and semantic acceptance unverified
finance,transfer,end_date,declared,date(),False,False,False,console/migrations/m201022_063511_transfer_changes.php:16,common/models/Transfer.php:30,finance.Transfer.end_date,LocalDate,preserve relative dates with coherent synthetic calendar; invalid date HOLD,PROPOSED; runtime schema and semantic acceptance unverified
finance,transfer,parent_transfer_id,declared,integer(11),False,False,False,console/migrations/m170428_113508_invoice.php:15,common/models/Transfer.php:19,finance.Transfer.parent_transfer_id,SourceRef,namespace by system/table; exact join; no email matching,PROPOSED; runtime schema and semantic acceptance unverified
finance,transfer,payment_received_on,declared,date(),False,False,False,console/migrations/m170428_113508_invoice.php:14,common/models/Transfer.php:27,finance.Transfer.payment_received_on,LocalDate,preserve relative dates with coherent synthetic calendar; invalid date HOLD,PROPOSED; runtime schema and semantic acceptance unverified
finance,transfer,start_date,declared,date(),False,False,False,console/migrations/m201022_063511_transfer_changes.php:15,common/models/Transfer.php:29,finance.Transfer.start_date,LocalDate,preserve relative dates with coherent synthetic calendar; invalid date HOLD,PROPOSED; runtime schema and semantic acceptance unverified
finance,transfer,total,declared,"decimal(12, 3)",False,False,False,console/migrations/m170428_113508_invoice.php:12,common/models/Transfer.php:23,finance.Transfer.total,MoneyDecimal,exact coefficient/scale and currency; snapshots immutable; unresolved currency HOLD,PROPOSED; runtime schema and semantic acceptance unverified
finance,transfer,transfer_cost,declared,"decimal(12,3)",False,False,False,console/migrations/m240812_080436_transfer_rate.php:61,common/models/Transfer.php:25,finance.Transfer.transfer_cost,MoneyDecimal,exact coefficient/scale and currency; snapshots immutable; unresolved currency HOLD,PROPOSED; runtime schema and semantic acceptance unverified
finance,transfer,transfer_created_at,declared,datetime(),True,False,False,console/migrations/m170227_122635_company_transfer.php:9,common/models/Transfer.php:33,finance.Transfer.transfer_created_at,TemporalValue,preserve source unit/zone; zero/ambiguous value HOLD; see time overrides,PROPOSED; runtime schema and semantic acceptance unverified
finance,transfer,transfer_created_by,declared,literal-or-annotation:string,False,False,False,console/migrations/m201214_110450_transfer_staff.php:15,common/models/Transfer.php:31,finance.Transfer.transfer_created_by,SourceText,synthetic replacement; semantic review before import,PROPOSED; runtime schema and semantic acceptance unverified
finance,transfer,transfer_id,declared,primaryKey(),False,True,False,console/migrations/m170227_122635_company_transfer.php:9,common/models/Transfer.php:18,finance.Transfer.transfer_id,SourceRef,namespace by system/table; exact join; no email matching,PROPOSED; runtime schema and semantic acceptance unverified
finance,transfer,transfer_status,declared,smallInteger(),True,False,False,console/migrations/m170227_122635_company_transfer.php:9,common/models/Transfer.php:28,finance.Transfer.transfer_status,SourceEnum,explicit per-domain mapping; unknown value HOLD; never grants,PROPOSED; runtime schema and semantic acceptance unverified
finance,transfer,transfer_updated_at,declared,datetime(),True,False,False,console/migrations/m170227_122635_company_transfer.php:9,common/models/Transfer.php:34,finance.Transfer.transfer_updated_at,TemporalValue,preserve source unit/zone; zero/ambiguous value HOLD; see time overrides,PROPOSED; runtime schema and semantic acceptance unverified
finance,transfer,transfer_updated_by,declared,literal-or-annotation:string,False,False,False,console/migrations/m201214_110450_transfer_staff.php:17,common/models/Transfer.php:32,finance.Transfer.transfer_updated_by,SourceText,synthetic replacement; semantic review before import,PROPOSED; runtime schema and semantic acceptance unverified
finance,transfer_bank_advice,created_at,declared,dateTime(),False,False,False,console/migrations/m241001_072924_advice.php:21,common/models/TransferBankAdvice.php:18,finance.TransferBankAdvice.created_at,TemporalValue,preserve source unit/zone; zero/ambiguous value HOLD; see time overrides,PROPOSED; runtime schema and semantic acceptance unverified
finance,transfer_bank_advice,created_by,declared,integer(11),False,False,False,console/migrations/m241001_072924_advice.php:21,common/models/TransferBankAdvice.php:17,finance.TransferBankAdvice.created_by,ExactInteger,synthetic bounded values; range and null checks,PROPOSED; runtime schema and semantic acceptance unverified
finance,transfer_bank_advice,file_path,declared,string(),False,False,False,console/migrations/m241001_072924_advice.php:21,common/models/TransferBankAdvice.php:16,finance.TransferBankAdvice.file_path,DocumentReference,substitute bytes; private owner/type/version; unsupported type HOLD,PROPOSED; runtime schema and semantic acceptance unverified
finance,transfer_bank_advice,is_deleted,declared,boolean(),False,False,False,console/migrations/m241001_072924_advice.php:21,,finance.TransferBankAdvice.is_deleted,SourceEnum,explicit per-domain mapping; unknown value HOLD; never grants,PROPOSED; runtime schema and semantic acceptance unverified
finance,transfer_bank_advice,serial_no,declared,integer(11),False,False,False,console/migrations/m241001_072924_advice.php:21,common/models/TransferBankAdvice.php:15,finance.TransferBankAdvice.serial_no,ExactInteger,synthetic bounded values; range and null checks,PROPOSED; runtime schema and semantic acceptance unverified
finance,transfer_bank_advice,tba_uuid,declared,char(60),False,False,False,console/migrations/m241001_072924_advice.php:21,common/models/TransferBankAdvice.php:14,finance.TransferBankAdvice.tba_uuid,SourceRef,namespace by system/table; exact join; no email matching,PROPOSED; runtime schema and semantic acceptance unverified
finance,transfer_bank_advice,updated_at,declared,dateTime(),False,False,False,console/migrations/m241001_072924_advice.php:21,common/models/TransferBankAdvice.php:19,finance.TransferBankAdvice.updated_at,TemporalValue,preserve source unit/zone; zero/ambiguous value HOLD; see time overrides,PROPOSED; runtime schema and semantic acceptance unverified
finance,transfer_candidate,bank_id,declared,integer(11),False,False,False,console/migrations/m200721_082533_candidate_bank.php:15,common/models/TransferCandidate.php:22,finance.TransferCandidate.bank_id,SourceRef,namespace by system/table; exact join; no email matching,PROPOSED; runtime schema and semantic acceptance unverified
finance,transfer_candidate,bonus,declared,"decimal(10, 3)",False,False,False,console/migrations/m170227_122635_company_transfer.php:32,common/models/TransferCandidate.php:32,finance.TransferCandidate.bonus,ExactDecimal,synthetic balanced amounts; currency/scale validation; counter overrides apply,PROPOSED; runtime schema and semantic acceptance unverified
finance,transfer_candidate,bonus_commission,declared,"decimal(10, 3)",False,False,False,console/migrations/m171107_071516_company_hourly_rate.php:21,common/models/TransferCandidate.php:33,finance.TransferCandidate.bonus_commission,ExactDecimal,synthetic balanced amounts; currency/scale validation; counter overrides apply,PROPOSED; runtime schema and semantic acceptance unverified
finance,transfer_candidate,candidate_hourly_rate,declared,"decimal(10, 3)",False,False,False,console/migrations/m170627_143529_candidate_hourly.php:9,common/models/TransferCandidate.php:27,finance.TransferCandidate.candidate_hourly_rate,MoneyDecimal,exact coefficient/scale and currency; snapshots immutable; unresolved currency HOLD,PROPOSED; runtime schema and semantic acceptance unverified
finance,transfer_candidate,candidate_id,declared,integer(),False,False,False,console/migrations/m170227_122635_company_transfer.php:32,common/models/TransferCandidate.php:15,finance.TransferCandidate.candidate_id,SourceRef,namespace by system/table; exact join; no email matching,PROPOSED; runtime schema and semantic acceptance unverified
finance,transfer_candidate,candidate_total,declared,"decimal(10,3)",False,False,False,console/migrations/m210628_063748_transfer_candidate_total_fields.php:15,common/models/TransferCandidate.php:35,finance.TransferCandidate.candidate_total,MoneyDecimal,exact coefficient/scale and currency; snapshots immutable; unresolved currency HOLD,PROPOSED; runtime schema and semantic acceptance unverified
finance,transfer_candidate,company_email,declared,string(225),False,False,False,console/migrations/m230125_093830_update_transfer.php:16,common/models/TransferCandidate.php:21,finance.TransferCandidate.company_email,SensitiveText,replace; never copy free text or destination; no identity joins,PROPOSED; runtime schema and semantic acceptance unverified
finance,transfer_candidate,company_hourly_rate,declared,"decimal(10, 3)",False,False,False,console/migrations/m170627_143529_candidate_hourly.php:10,common/models/TransferCandidate.php:28,finance.TransferCandidate.company_hourly_rate,MoneyDecimal,exact coefficient/scale and currency; snapshots immutable; unresolved currency HOLD,PROPOSED; runtime schema and semantic acceptance unverified
finance,transfer_candidate,company_id,declared,integer(11),False,False,False,console/migrations/m170622_120801_transfer_candidate.php:11,common/models/TransferCandidate.php:19,finance.TransferCandidate.company_id,SourceRef,namespace by system/table; exact join; no email matching,PROPOSED; runtime schema and semantic acceptance unverified
finance,transfer_candidate,company_name,declared,string(225),False,False,False,console/migrations/m230125_093830_update_transfer.php:15,common/models/TransferCandidate.php:20,finance.TransferCandidate.company_name,SensitiveText,replace; never copy free text or destination; no identity joins,PROPOSED; runtime schema and semantic acceptance unverified
finance,transfer_candidate,company_total,declared,"decimal(10,3)",False,False,False,console/migrations/m210628_063748_transfer_candidate_total_fields.php:16,common/models/TransferCandidate.php:36,finance.TransferCandidate.company_total,MoneyDecimal,exact coefficient/scale and currency; snapshots immutable; unresolved currency HOLD,PROPOSED; runtime schema and semantic acceptance unverified
finance,transfer_candidate,contract_uuid,declared,char(60),False,False,False,console/migrations/m250306_191700_transfer_contract.php:19,,finance.TransferCandidate.contract_uuid,SourceRef,namespace by system/table; exact join; no email matching,PROPOSED; runtime schema and semantic acceptance unverified
finance,transfer_candidate,currency_code,declared,char(3),False,False,False,console/migrations/m240214_084103_multi_currency.php:251,common/models/TransferCandidate.php:37,finance.TransferCandidate.currency_code,SourceRef,namespace by system/table; exact join; no email matching,PROPOSED; runtime schema and semantic acceptance unverified
finance,transfer_candidate,deleted,declared,smallInteger(1),True,False,False,console/migrations/m201030_101802_soft_delete.php:18,,finance.TransferCandidate.deleted,SourceEnum,explicit per-domain mapping; unknown value HOLD; never grants,PROPOSED; runtime schema and semantic acceptance unverified
finance,transfer_candidate,hours,declared,literal-or-annotation:decimal,False,False,False,console/migrations/m210702_141750_hourly.php:15,common/models/TransferCandidate.php:29,finance.TransferCandidate.hours,ExactDecimal,preserve original unit; convert to exact duration; no float multiplication,PROPOSED; runtime schema and semantic acceptance unverified
finance,transfer_candidate,is_candidate_notified,declared,boolean(),False,False,False,console/migrations/m250205_112835_candidate_notified.php:22,,finance.TransferCandidate.is_candidate_notified,SourceEnum,explicit per-domain mapping; unknown value HOLD; never grants,PROPOSED; runtime schema and semantic acceptance unverified
finance,transfer_candidate,minutes,declared,tinyInteger(2),False,False,False,console/migrations/m240909_095100_transfer.php:15,common/models/TransferCandidate.php:30,finance.TransferCandidate.minutes,ExactDecimal,preserve original unit; convert to exact duration; no float multiplication,PROPOSED; runtime schema and semantic acceptance unverified
finance,transfer_candidate,paid,declared,smallInteger(1),True,False,False,console/migrations/m170510_120824_transfer_paid.php:9,common/models/TransferCandidate.php:39,finance.TransferCandidate.paid,ExactInteger,synthetic bounded values; range and null checks,PROPOSED; runtime schema and semantic acceptance unverified
finance,transfer_candidate,prev_candidate_id,declared,integer(11),False,False,False,console/migrations/m240919_120739_transfer.php:15,common/models/TransferCandidate.php:16,finance.TransferCandidate.prev_candidate_id,SourceRef,namespace by system/table; exact join; no email matching,PROPOSED; runtime schema and semantic acceptance unverified
finance,transfer_candidate,seconds,declared,tinyInteger(2),False,False,False,console/migrations/m240909_095100_transfer.php:19,common/models/TransferCandidate.php:31,finance.TransferCandidate.seconds,ExactDecimal,preserve original unit; convert to exact duration; no float multiplication,PROPOSED; runtime schema and semantic acceptance unverified
finance,transfer_candidate,store_id,declared,integer(11),False,False,False,console/migrations/m170622_120801_transfer_candidate.php:9,common/models/TransferCandidate.php:17,finance.TransferCandidate.store_id,SourceRef,namespace by system/table; exact join; no email matching,PROPOSED; runtime schema and semantic acceptance unverified
finance,transfer_candidate,store_name,declared,string(225),False,False,False,console/migrations/m230125_093830_update_transfer.php:17,common/models/TransferCandidate.php:18,finance.TransferCandidate.store_name,SensitiveText,replace; never copy free text or destination; no identity joins,PROPOSED; runtime schema and semantic acceptance unverified
finance,transfer_candidate,tc_created_at,declared,datetime(),True,False,False,console/migrations/m170227_122635_company_transfer.php:32,common/models/TransferCandidate.php:40,finance.TransferCandidate.tc_created_at,TemporalValue,preserve source unit/zone; zero/ambiguous value HOLD; see time overrides,PROPOSED; runtime schema and semantic acceptance unverified
finance,transfer_candidate,tc_id,declared,primaryKey(),False,True,False,console/migrations/m170227_122635_company_transfer.php:32,common/models/TransferCandidate.php:13,finance.TransferCandidate.tc_id,SourceRef,namespace by system/table; exact join; no email matching,PROPOSED; runtime schema and semantic acceptance unverified
finance,transfer_candidate,tc_updated_at,declared,datetime(),True,False,False,console/migrations/m170227_122635_company_transfer.php:32,common/models/TransferCandidate.php:41,finance.TransferCandidate.tc_updated_at,TemporalValue,preserve source unit/zone; zero/ambiguous value HOLD; see time overrides,PROPOSED; runtime schema and semantic acceptance unverified
finance,transfer_candidate,transfer_benef_iban,declared,char(50),False,False,False,console/migrations/m200721_082533_candidate_bank.php:33,common/models/TransferCandidate.php:26,finance.TransferCandidate.transfer_benef_iban,SensitiveText,replace; never copy free text or destination; no identity joins,PROPOSED; runtime schema and semantic acceptance unverified
finance,transfer_candidate,transfer_benef_name,declared,char(60),False,False,False,console/migrations/m200721_082533_candidate_bank.php:27,common/models/TransferCandidate.php:25,finance.TransferCandidate.transfer_benef_name,SensitiveText,replace; never copy free text or destination; no identity joins,PROPOSED; runtime schema and semantic acceptance unverified
finance,transfer_candidate,transfer_candidate,annotation-only,literal-or-annotation:decimal,False,False,False,,common/models/TransferCandidate.php:38,finance.TransferCandidate.transfer_candidate,ExactDecimal,preserve decimal string; reject loss of precision,PROPOSED; runtime schema and semantic acceptance unverified
finance,transfer_candidate,transfer_confirmation_id,declared,string(128),False,False,True,console/migrations/m200721_082533_candidate_bank.php:21,common/models/TransferCandidate.php:23,finance.TransferCandidate.transfer_confirmation_id,UnverifiedReference,name-shaped reference only; no PK/FK/ORM evidence; HOLD before joining,PROPOSED; runtime schema and semantic acceptance unverified
finance,transfer_candidate,transfer_cost,declared,"decimal(10, 3)",False,False,False,console/migrations/m170428_113508_invoice.php:34,common/models/TransferCandidate.php:34,finance.TransferCandidate.transfer_cost,MoneyDecimal,exact coefficient/scale and currency; snapshots immutable; unresolved currency HOLD,PROPOSED; runtime schema and semantic acceptance unverified
finance,transfer_candidate,transfer_file_id,declared,integer(11),False,False,False,console/migrations/m200810_100835_transfer_file.php:28,,finance.TransferCandidate.transfer_file_id,SourceRef,namespace by system/table; exact join; no email matching,PROPOSED; runtime schema and semantic acceptance unverified
finance,transfer_candidate,transfer_id,declared,integer(),False,False,False,console/migrations/m170227_122635_company_transfer.php:32,common/models/TransferCandidate.php:14,finance.TransferCandidate.transfer_id,SourceRef,namespace by system/table; exact join; no email matching,PROPOSED; runtime schema and semantic acceptance unverified
finance,transfer_cost,candidate_id,declared,integer(11),True,False,False,console/migrations/m240812_080436_transfer_rate.php:23,common/models/TransferCost.php:12,finance.TransferCost.candidate_id,SourceRef,namespace by system/table; exact join; no email matching,PROPOSED; runtime schema and semantic acceptance unverified
finance,transfer_cost,company_id,declared,integer(11),True,False,False,console/migrations/m240812_080436_transfer_rate.php:23,common/models/TransferCost.php:13,finance.TransferCost.company_id,SourceRef,namespace by system/table; exact join; no email matching,PROPOSED; runtime schema and semantic acceptance unverified
finance,transfer_cost,created_at,declared,dateTime(),False,False,False,console/migrations/m240812_080436_transfer_rate.php:23,common/models/TransferCost.php:15,finance.TransferCost.created_at,TemporalValue,preserve source unit/zone; zero/ambiguous value HOLD; see time overrides,PROPOSED; runtime schema and semantic acceptance unverified
finance,transfer_cost,transfer_cost,declared,"decimal(12,3)",True,False,False,console/migrations/m240812_080436_transfer_rate.php:23,common/models/TransferCost.php:14,finance.TransferCost.transfer_cost,MoneyDecimal,exact coefficient/scale and currency; snapshots immutable; unresolved currency HOLD,PROPOSED; runtime schema and semantic acceptance unverified
finance,transfer_cost,updated_at,declared,dateTime(),False,False,False,console/migrations/m240812_080436_transfer_rate.php:23,common/models/TransferCost.php:16,finance.TransferCost.updated_at,TemporalValue,preserve source unit/zone; zero/ambiguous value HOLD; see time overrides,PROPOSED; runtime schema and semantic acceptance unverified
finance,transfer_file,admin_id,declared,integer(11),False,False,False,console/migrations/m240925_160159_request.php:23,common/models/TransferFile.php:24,finance.TransferFile.admin_id,SourceRef,namespace by system/table; exact join; no email matching,PROPOSED; runtime schema and semantic acceptance unverified
finance,transfer_file,bank,declared,string(100),False,False,False,console/migrations/m240901_080701_kfh_transfer.php:15,common/models/TransferFile.php:16,finance.TransferFile.bank,SourceText,synthetic replacement; semantic review before import,PROPOSED; runtime schema and semantic acceptance unverified
finance,transfer_file,currency_code,declared,char(3),False,False,False,console/migrations/m240214_084103_multi_currency.php:248,common/models/TransferFile.php:19,finance.TransferFile.currency_code,SourceRef,namespace by system/table; exact join; no email matching,PROPOSED; runtime schema and semantic acceptance unverified
finance,transfer_file,error,declared,string(),False,False,False,console/migrations/m240925_160159_request.php:19,common/models/TransferFile.php:22,finance.TransferFile.error,SourceText,synthetic replacement; semantic review before import,PROPOSED; runtime schema and semantic acceptance unverified
finance,transfer_file,status,declared,tinyInteger(1),False,False,False,console/migrations/m240925_160159_request.php:18,common/models/TransferFile.php:23,finance.TransferFile.status,SourceEnum,explicit per-domain mapping; unknown value HOLD; never grants,PROPOSED; runtime schema and semantic acceptance unverified
finance,transfer_file,transfer_amount,declared,"decimal(12, 3)",False,False,False,console/migrations/m200811_144021_transfer_amount.php:15,common/models/TransferFile.php:18,finance.TransferFile.transfer_amount,ExactDecimal,synthetic balanced amounts; currency/scale validation; counter overrides apply,PROPOSED; runtime schema and semantic acceptance unverified
finance,transfer_file,transfer_file_created_at,declared,datetime(),True,False,False,console/migrations/m200810_100835_transfer_file.php:21,common/models/TransferFile.php:20,finance.TransferFile.transfer_file_created_at,TemporalValue,preserve source unit/zone; zero/ambiguous value HOLD; see time overrides,PROPOSED; runtime schema and semantic acceptance unverified
finance,transfer_file,transfer_file_id,declared,primaryKey(),False,True,False,console/migrations/m200810_100835_transfer_file.php:21,common/models/TransferFile.php:15,finance.TransferFile.transfer_file_id,SourceRef,namespace by system/table; exact join; no email matching,PROPOSED; runtime schema and semantic acceptance unverified
finance,transfer_file,transfer_file_s3_path,declared,string(),True,False,False,console/migrations/m200810_100835_transfer_file.php:21,common/models/TransferFile.php:17,finance.TransferFile.transfer_file_s3_path,DocumentReference,substitute bytes; private owner/type/version; unsupported type HOLD,PROPOSED; runtime schema and semantic acceptance unverified
finance,transfer_file,transfer_file_updated_at,declared,datetime(),True,False,False,console/migrations/m200810_100835_transfer_file.php:21,common/models/TransferFile.php:21,finance.TransferFile.transfer_file_updated_at,TemporalValue,preserve source unit/zone; zero/ambiguous value HOLD; see time overrides,PROPOSED; runtime schema and semantic acceptance unverified
finance,transfer_file_entry,ABA_routing_code,declared,literal-or-annotation:string,False,False,False,console/migrations/m210628_060232_transfer_file_entries.php:21,common/models/TransferFileEntry.php:51,finance.TransferFileEntry.ABA_routing_code,SourceText,synthetic replacement; semantic review before import,PROPOSED; runtime schema and semantic acceptance unverified
finance,transfer_file_entry,BIC_code,declared,literal-or-annotation:string,False,False,False,console/migrations/m210628_060232_transfer_file_entries.php:21,common/models/TransferFileEntry.php:49,finance.TransferFileEntry.BIC_code,SourceText,synthetic replacement; semantic review before import,PROPOSED; runtime schema and semantic acceptance unverified
finance,transfer_file_entry,IBAN,declared,literal-or-annotation:string,False,False,False,console/migrations/m210628_060232_transfer_file_entries.php:21,common/models/TransferFileEntry.php:50,finance.TransferFileEntry.IBAN,SourceText,synthetic replacement; semantic review before import,PROPOSED; runtime schema and semantic acceptance unverified
finance,transfer_file_entry,beneficiary_address_line_1,declared,literal-or-annotation:string,False,False,False,console/migrations/m210628_060232_transfer_file_entries.php:21,common/models/TransferFileEntry.php:34,finance.TransferFileEntry.beneficiary_address_line_1,SensitiveText,replace; never copy free text or destination; no identity joins,PROPOSED; runtime schema and semantic acceptance unverified
finance,transfer_file_entry,beneficiary_address_line_2,declared,literal-or-annotation:string,False,False,False,console/migrations/m210628_060232_transfer_file_entries.php:21,common/models/TransferFileEntry.php:35,finance.TransferFileEntry.beneficiary_address_line_2,SensitiveText,replace; never copy free text or destination; no identity joins,PROPOSED; runtime schema and semantic acceptance unverified
finance,transfer_file_entry,beneficiary_bank_address_1,declared,literal-or-annotation:string,False,False,False,console/migrations/m210628_060232_transfer_file_entries.php:21,common/models/TransferFileEntry.php:37,finance.TransferFileEntry.beneficiary_bank_address_1,SensitiveText,replace; never copy free text or destination; no identity joins,PROPOSED; runtime schema and semantic acceptance unverified
finance,transfer_file_entry,beneficiary_bank_address_2,declared,literal-or-annotation:string,False,False,False,console/migrations/m210628_060232_transfer_file_entries.php:21,common/models/TransferFileEntry.php:38,finance.TransferFileEntry.beneficiary_bank_address_2,SensitiveText,replace; never copy free text or destination; no identity joins,PROPOSED; runtime schema and semantic acceptance unverified
finance,transfer_file_entry,beneficiary_bank_address_3,declared,literal-or-annotation:string,False,False,False,console/migrations/m210628_060232_transfer_file_entries.php:21,common/models/TransferFileEntry.php:39,finance.TransferFileEntry.beneficiary_bank_address_3,SensitiveText,replace; never copy free text or destination; no identity joins,PROPOSED; runtime schema and semantic acceptance unverified
finance,transfer_file_entry,beneficiary_bank_name,declared,literal-or-annotation:string,False,False,False,console/migrations/m210628_060232_transfer_file_entries.php:21,common/models/TransferFileEntry.php:36,finance.TransferFileEntry.beneficiary_bank_name,SensitiveText,replace; never copy free text or destination; no identity joins,PROPOSED; runtime schema and semantic acceptance unverified
finance,transfer_file_entry,beneficiary_name,declared,literal-or-annotation:string,False,False,False,console/migrations/m210628_060232_transfer_file_entries.php:21,common/models/TransferFileEntry.php:33,finance.TransferFileEntry.beneficiary_name,SensitiveText,replace; never copy free text or destination; no identity joins,PROPOSED; runtime schema and semantic acceptance unverified
finance,transfer_file_entry,charges_type,declared,literal-or-annotation:string,False,False,False,console/migrations/m210628_060232_transfer_file_entries.php:21,common/models/TransferFileEntry.php:47,finance.TransferFileEntry.charges_type,SourceEnum,explicit per-domain mapping; unknown value HOLD; never grants,PROPOSED; runtime schema and semantic acceptance unverified
finance,transfer_file_entry,created_at,declared,literal-or-annotation:string,False,False,False,console/migrations/m210628_060232_transfer_file_entries.php:21,common/models/TransferFileEntry.php:54,finance.TransferFileEntry.created_at,TemporalValue,preserve source unit/zone; zero/ambiguous value HOLD; see time overrides,PROPOSED; runtime schema and semantic acceptance unverified
finance,transfer_file_entry,created_by,declared,literal-or-annotation:int,False,False,False,console/migrations/m210628_060232_transfer_file_entries.php:21,common/models/TransferFileEntry.php:52,finance.TransferFileEntry.created_by,ExactInteger,synthetic bounded values; range and null checks,PROPOSED; runtime schema and semantic acceptance unverified
finance,transfer_file_entry,credit_account_no,declared,literal-or-annotation:string,False,False,False,console/migrations/m210628_060232_transfer_file_entries.php:21,common/models/TransferFileEntry.php:26,finance.TransferFileEntry.credit_account_no,SourceText,synthetic replacement; semantic review before import,PROPOSED; runtime schema and semantic acceptance unverified
finance,transfer_file_entry,credit_amount,declared,literal-or-annotation:string,False,False,False,console/migrations/m210628_060232_transfer_file_entries.php:21,common/models/TransferFileEntry.php:20,finance.TransferFileEntry.credit_amount,ExactDecimal,synthetic balanced amounts; currency/scale validation; counter overrides apply,PROPOSED; runtime schema and semantic acceptance unverified
finance,transfer_file_entry,credit_currency,declared,literal-or-annotation:string,False,False,False,console/migrations/m210628_060232_transfer_file_entries.php:21,common/models/TransferFileEntry.php:21,finance.TransferFileEntry.credit_currency,SourceText,synthetic replacement; semantic review before import,PROPOSED; runtime schema and semantic acceptance unverified
finance,transfer_file_entry,credit_narrative,declared,literal-or-annotation:int,False,False,False,console/migrations/m210628_060232_transfer_file_entries.php:21,common/models/TransferFileEntry.php:28,finance.TransferFileEntry.credit_narrative,ExactInteger,synthetic bounded values; range and null checks,PROPOSED; runtime schema and semantic acceptance unverified
finance,transfer_file_entry,dealRefNo,declared,literal-or-annotation:string,False,False,False,console/migrations/m210628_060232_transfer_file_entries.php:21,common/models/TransferFileEntry.php:23,finance.TransferFileEntry.dealRefNo,SourceText,synthetic replacement; semantic review before import,PROPOSED; runtime schema and semantic acceptance unverified
finance,transfer_file_entry,debit_account_no,declared,literal-or-annotation:string,False,False,False,console/migrations/m210628_060232_transfer_file_entries.php:21,common/models/TransferFileEntry.php:25,finance.TransferFileEntry.debit_account_no,SourceText,synthetic replacement; semantic review before import,PROPOSED; runtime schema and semantic acceptance unverified
finance,transfer_file_entry,debit_narrative,declared,literal-or-annotation:int,False,False,False,console/migrations/m210628_060232_transfer_file_entries.php:21,common/models/TransferFileEntry.php:27,finance.TransferFileEntry.debit_narrative,ExactInteger,synthetic bounded values; range and null checks,PROPOSED; runtime schema and semantic acceptance unverified
finance,transfer_file_entry,exchange_rate,declared,literal-or-annotation:string,False,False,False,console/migrations/m210628_060232_transfer_file_entries.php:21,common/models/TransferFileEntry.php:22,finance.TransferFileEntry.exchange_rate,ExactDecimal,synthetic balanced amounts; currency/scale validation; counter overrides apply,PROPOSED; runtime schema and semantic acceptance unverified
finance,transfer_file_entry,intermediary_account,declared,literal-or-annotation:string,False,False,False,console/migrations/m210628_060232_transfer_file_entries.php:21,common/models/TransferFileEntry.php:41,finance.TransferFileEntry.intermediary_account,SourceText,synthetic replacement; semantic review before import,PROPOSED; runtime schema and semantic acceptance unverified
finance,transfer_file_entry,intermediary_address_1,declared,literal-or-annotation:string,False,False,False,console/migrations/m210628_060232_transfer_file_entries.php:21,common/models/TransferFileEntry.php:44,finance.TransferFileEntry.intermediary_address_1,SensitiveText,replace; never copy free text or destination; no identity joins,PROPOSED; runtime schema and semantic acceptance unverified
finance,transfer_file_entry,intermediary_address_2,declared,literal-or-annotation:string,False,False,False,console/migrations/m210628_060232_transfer_file_entries.php:21,common/models/TransferFileEntry.php:45,finance.TransferFileEntry.intermediary_address_2,SensitiveText,replace; never copy free text or destination; no identity joins,PROPOSED; runtime schema and semantic acceptance unverified
finance,transfer_file_entry,intermediary_address_3,declared,literal-or-annotation:string,False,False,False,console/migrations/m210628_060232_transfer_file_entries.php:21,common/models/TransferFileEntry.php:46,finance.TransferFileEntry.intermediary_address_3,SensitiveText,replace; never copy free text or destination; no identity joins,PROPOSED; runtime schema and semantic acceptance unverified
finance,transfer_file_entry,intermediary_swift,declared,literal-or-annotation:string,False,False,False,console/migrations/m210628_060232_transfer_file_entries.php:21,common/models/TransferFileEntry.php:42,finance.TransferFileEntry.intermediary_swift,SourceText,synthetic replacement; semantic review before import,PROPOSED; runtime schema and semantic acceptance unverified
finance,transfer_file_entry,intrmediary_name,declared,literal-or-annotation:string,False,False,False,console/migrations/m210628_060232_transfer_file_entries.php:21,common/models/TransferFileEntry.php:43,finance.TransferFileEntry.intrmediary_name,SensitiveText,replace; never copy free text or destination; no identity joins,PROPOSED; runtime schema and semantic acceptance unverified
finance,transfer_file_entry,payment_details_1,declared,literal-or-annotation:string,False,False,False,console/migrations/m210628_060232_transfer_file_entries.php:21,common/models/TransferFileEntry.php:29,finance.TransferFileEntry.payment_details_1,SensitiveText,replace; never copy free text or destination; no identity joins,PROPOSED; runtime schema and semantic acceptance unverified
finance,transfer_file_entry,payment_details_2,declared,literal-or-annotation:string,False,False,False,console/migrations/m210628_060232_transfer_file_entries.php:21,common/models/TransferFileEntry.php:30,finance.TransferFileEntry.payment_details_2,SensitiveText,replace; never copy free text or destination; no identity joins,PROPOSED; runtime schema and semantic acceptance unverified
finance,transfer_file_entry,payment_details_3,declared,literal-or-annotation:string,False,False,False,console/migrations/m210628_060232_transfer_file_entries.php:21,common/models/TransferFileEntry.php:31,finance.TransferFileEntry.payment_details_3,SensitiveText,replace; never copy free text or destination; no identity joins,PROPOSED; runtime schema and semantic acceptance unverified
finance,transfer_file_entry,payment_details_4,declared,literal-or-annotation:string,False,False,False,console/migrations/m210628_060232_transfer_file_entries.php:21,common/models/TransferFileEntry.php:32,finance.TransferFileEntry.payment_details_4,SensitiveText,replace; never copy free text or destination; no identity joins,PROPOSED; runtime schema and semantic acceptance unverified
finance,transfer_file_entry,section_index,declared,literal-or-annotation:string,False,False,False,console/migrations/m210628_060232_transfer_file_entries.php:21,common/models/TransferFileEntry.php:18,finance.TransferFileEntry.section_index,SourceText,synthetic replacement; semantic review before import,PROPOSED; runtime schema and semantic acceptance unverified
finance,transfer_file_entry,sort_code,declared,literal-or-annotation:string,False,False,False,console/migrations/m210628_060232_transfer_file_entries.php:21,common/models/TransferFileEntry.php:48,finance.TransferFileEntry.sort_code,SourceText,synthetic replacement; semantic review before import,PROPOSED; runtime schema and semantic acceptance unverified
finance,transfer_file_entry,status,declared,literal-or-annotation:string,False,False,False,console/migrations/m210628_060232_transfer_file_entries.php:21,common/models/TransferFileEntry.php:16,finance.TransferFileEntry.status,SourceEnum,explicit per-domain mapping; unknown value HOLD; never grants,PROPOSED; runtime schema and semantic acceptance unverified
finance,transfer_file_entry,status_description,declared,literal-or-annotation:string,False,False,False,console/migrations/m210628_093213_transfer_file_status.php:15,common/models/TransferFileEntry.php:17,finance.TransferFileEntry.status_description,SensitiveText,replace; never copy free text or destination; no identity joins,PROPOSED; runtime schema and semantic acceptance unverified
finance,transfer_file_entry,swift,declared,literal-or-annotation:string,False,False,False,console/migrations/m210628_060232_transfer_file_entries.php:21,common/models/TransferFileEntry.php:40,finance.TransferFileEntry.swift,SourceText,synthetic replacement; semantic review before import,PROPOSED; runtime schema and semantic acceptance unverified
finance,transfer_file_entry,tfe_uuid,declared,literal-or-annotation:string,False,False,False,console/migrations/m210628_060232_transfer_file_entries.php:21,common/models/TransferFileEntry.php:14,finance.TransferFileEntry.tfe_uuid,SourceRef,namespace by system/table; exact join; no email matching,PROPOSED; runtime schema and semantic acceptance unverified
finance,transfer_file_entry,transfer_file_id,declared,literal-or-annotation:int,False,False,False,console/migrations/m210628_060232_transfer_file_entries.php:21,common/models/TransferFileEntry.php:15,finance.TransferFileEntry.transfer_file_id,SourceRef,namespace by system/table; exact join; no email matching,PROPOSED; runtime schema and semantic acceptance unverified
finance,transfer_file_entry,transfer_method,declared,literal-or-annotation:string,False,False,False,console/migrations/m210628_060232_transfer_file_entries.php:21,common/models/TransferFileEntry.php:19,finance.TransferFileEntry.transfer_method,SourceText,synthetic replacement; semantic review before import,PROPOSED; runtime schema and semantic acceptance unverified
finance,transfer_file_entry,updated_at,declared,literal-or-annotation:string,False,False,False,console/migrations/m210628_060232_transfer_file_entries.php:21,common/models/TransferFileEntry.php:55,finance.TransferFileEntry.updated_at,TemporalValue,preserve source unit/zone; zero/ambiguous value HOLD; see time overrides,PROPOSED; runtime schema and semantic acceptance unverified
finance,transfer_file_entry,updated_by,declared,literal-or-annotation:int,False,False,False,console/migrations/m210628_060232_transfer_file_entries.php:21,common/models/TransferFileEntry.php:53,finance.TransferFileEntry.updated_by,ExactInteger,synthetic bounded values; range and null checks,PROPOSED; runtime schema and semantic acceptance unverified
finance,transfer_file_entry,value_date,declared,literal-or-annotation:string,False,False,False,console/migrations/m210628_060232_transfer_file_entries.php:21,common/models/TransferFileEntry.php:24,finance.TransferFileEntry.value_date,LocalDate,preserve relative dates with coherent synthetic calendar; invalid date HOLD,PROPOSED; runtime schema and semantic acceptance unverified
profile,university,deleted,declared,smallInteger(1),True,False,False,console/migrations/m170619_070654_soft_delete_pending_tables.php:11,common/models/University.php:22,profile.University.deleted,SourceEnum,explicit per-domain mapping; unknown value HOLD; never grants,PROPOSED; runtime schema and semantic acceptance unverified
profile,university,university_created_at,declared,datetime(),False,False,False,console/migrations/m201120_072714_university.php:18,common/models/University.php:20,profile.University.university_created_at,TemporalValue,preserve source unit/zone; zero/ambiguous value HOLD; see time overrides,PROPOSED; runtime schema and semantic acceptance unverified
profile,university,university_created_by,declared,integer(11),False,False,False,console/migrations/m201120_072714_university.php:16,common/models/University.php:18,profile.University.university_created_by,ExactInteger,synthetic bounded values; range and null checks,PROPOSED; runtime schema and semantic acceptance unverified
profile,university,university_data_source,declared,tinyInteger(2),False,False,False,console/migrations/m201120_072714_university.php:15,common/models/University.php:17,profile.University.university_data_source,ExactInteger,synthetic bounded values; range and null checks,PROPOSED; runtime schema and semantic acceptance unverified
profile,university,university_id,declared,primaryKey(),False,True,False,console/migrations/m170419_144751_university.php:9,common/models/University.php:14,profile.University.university_id,SourceRef,namespace by system/table; exact join; no email matching,PROPOSED; runtime schema and semantic acceptance unverified
profile,university,university_name_ar,declared,string(100),False,False,False,console/migrations/m170419_144751_university.php:9,common/models/University.php:16,profile.University.university_name_ar,SensitiveText,replace; never copy free text or destination; no identity joins,PROPOSED; runtime schema and semantic acceptance unverified
profile,university,university_name_en,declared,string(100),False,False,False,console/migrations/m170419_144751_university.php:9,common/models/University.php:15,profile.University.university_name_en,SensitiveText,replace; never copy free text or destination; no identity joins,PROPOSED; runtime schema and semantic acceptance unverified
profile,university,university_updated_at,declared,datetime(),False,False,False,console/migrations/m201120_072714_university.php:19,common/models/University.php:21,profile.University.university_updated_at,TemporalValue,preserve source unit/zone; zero/ambiguous value HOLD; see time overrides,PROPOSED; runtime schema and semantic acceptance unverified
profile,university,university_updated_by,declared,integer(11),False,False,False,console/migrations/m201120_072714_university.php:17,common/models/University.php:19,profile.University.university_updated_by,ExactInteger,synthetic bounded values; range and null checks,PROPOSED; runtime schema and semantic acceptance unverified
finance,wallet.balance_account,account_uuid,annotation-only,literal-or-annotation:string,False,False,False,,common/models/BalanceAccount.php:14,finance.Wallet.BalanceAccount.account_uuid,SourceRef,namespace by system/table; exact join; no email matching,PROPOSED; runtime schema and semantic acceptance unverified
finance,wallet.balance_account,balance,annotation-only,literal-or-annotation:float,False,False,False,,common/models/BalanceAccount.php:16,finance.Wallet.BalanceAccount.balance,MoneyDecimal,exact coefficient/scale and currency; snapshots immutable; unresolved currency HOLD,PROPOSED; runtime schema and semantic acceptance unverified
finance,wallet.balance_account,balance_account_uuid,annotation-only,literal-or-annotation:string,False,False,False,,common/models/BalanceAccount.php:13,finance.Wallet.BalanceAccount.balance_account_uuid,SourceRef,namespace by system/table; exact join; no email matching,PROPOSED; runtime schema and semantic acceptance unverified
finance,wallet.balance_account,type,annotation-only,literal-or-annotation:string,False,False,False,,common/models/BalanceAccount.php:15,finance.Wallet.BalanceAccount.type,SourceEnum,explicit per-domain mapping; unknown value HOLD; never grants,PROPOSED; runtime schema and semantic acceptance unverified
finance,wallet.balance_transaction,account_uuid,annotation-only,literal-or-annotation:string,False,False,False,,common/models/BalanceTransaction.php:15,finance.Wallet.BalanceTransaction.account_uuid,SourceRef,namespace by system/table; exact join; no email matching,PROPOSED; runtime schema and semantic acceptance unverified
finance,wallet.balance_transaction,amount,annotation-only,literal-or-annotation:float,False,False,False,,common/models/BalanceTransaction.php:16,finance.Wallet.BalanceTransaction.amount,MoneyDecimal,exact coefficient/scale and currency; snapshots immutable; unresolved currency HOLD,PROPOSED; runtime schema and semantic acceptance unverified
finance,wallet.balance_transaction,balance,annotation-only,literal-or-annotation:float,False,False,False,,common/models/BalanceTransaction.php:18,finance.Wallet.BalanceTransaction.balance,MoneyDecimal,exact coefficient/scale and currency; snapshots immutable; unresolved currency HOLD,PROPOSED; runtime schema and semantic acceptance unverified
finance,wallet.balance_transaction,balance_transaction_uuid,annotation-only,literal-or-annotation:string,False,False,False,,common/models/BalanceTransaction.php:14,finance.Wallet.BalanceTransaction.balance_transaction_uuid,SourceRef,namespace by system/table; exact join; no email matching,PROPOSED; runtime schema and semantic acceptance unverified
finance,wallet.balance_transaction,created_at,annotation-only,literal-or-annotation:string,False,False,False,,common/models/BalanceTransaction.php:22,finance.Wallet.BalanceTransaction.created_at,TemporalValue,preserve source unit/zone; zero/ambiguous value HOLD; see time overrides,PROPOSED; runtime schema and semantic acceptance unverified
finance,wallet.balance_transaction,data,annotation-only,literal-or-annotation:string|null,False,False,False,,common/models/BalanceTransaction.php:19,finance.Wallet.BalanceTransaction.data,SensitiveText,replace; never copy free text or destination; no identity joins,PROPOSED; runtime schema and semantic acceptance unverified
finance,wallet.balance_transaction,file,annotation-only,literal-or-annotation:string|null,False,False,False,,common/models/BalanceTransaction.php:20,finance.Wallet.BalanceTransaction.file,DocumentReference,substitute bytes; private owner/type/version; unsupported type HOLD,PROPOSED; runtime schema and semantic acceptance unverified
finance,wallet.balance_transaction,transaction_datetime,annotation-only,literal-or-annotation:string|null,False,False,False,,common/models/BalanceTransaction.php:21,finance.Wallet.BalanceTransaction.transaction_datetime,TemporalValue,preserve source unit/zone; zero/ambiguous value HOLD; see time overrides,PROPOSED; runtime schema and semantic acceptance unverified
finance,wallet.balance_transaction,user_uuid,annotation-only,literal-or-annotation:string|null,False,False,False,,common/models/BalanceTransaction.php:17,finance.Wallet.BalanceTransaction.user_uuid,SourceRef,namespace by system/table; exact join; no email matching,PROPOSED; runtime schema and semantic acceptance unverified
finance,wallet.bank,bank_address,annotation-only,literal-or-annotation:string|null,False,False,False,,common/models/WalletBank.php:17,finance.Wallet.Bank.bank_address,SensitiveText,replace; never copy free text or destination; no identity joins,PROPOSED; runtime schema and semantic acceptance unverified
finance,wallet.bank,bank_iban_code,annotation-only,literal-or-annotation:string|null,False,False,False,,common/models/WalletBank.php:15,finance.Wallet.Bank.bank_iban_code,SensitiveText,replace; never copy free text or destination; no identity joins,PROPOSED; runtime schema and semantic acceptance unverified
finance,wallet.bank,bank_name,annotation-only,literal-or-annotation:string|null,False,False,False,,common/models/WalletBank.php:14,finance.Wallet.Bank.bank_name,SensitiveText,replace; never copy free text or destination; no identity joins,PROPOSED; runtime schema and semantic acceptance unverified
finance,wallet.bank,bank_swift_code,annotation-only,literal-or-annotation:string|null,False,False,False,,common/models/WalletBank.php:16,finance.Wallet.Bank.bank_swift_code,SourceText,synthetic replacement; semantic review before import,PROPOSED; runtime schema and semantic acceptance unverified
finance,wallet.bank,bank_transfer_type,annotation-only,literal-or-annotation:string|null,False,False,False,,common/models/WalletBank.php:18,finance.Wallet.Bank.bank_transfer_type,SourceEnum,explicit per-domain mapping; unknown value HOLD; never grants,PROPOSED; runtime schema and semantic acceptance unverified
finance,wallet.bank,bank_uuid,annotation-only,literal-or-annotation:string,False,False,False,,common/models/WalletBank.php:13,finance.Wallet.Bank.bank_uuid,SourceRef,namespace by system/table; exact join; no email matching,PROPOSED; runtime schema and semantic acceptance unverified
finance,wallet.bank,deleted,annotation-only,literal-or-annotation:int|null,False,False,False,,common/models/WalletBank.php:19,finance.Wallet.Bank.deleted,SourceEnum,explicit per-domain mapping; unknown value HOLD; never grants,PROPOSED; runtime schema and semantic acceptance unverified
finance,wallet.transfer,bank_uuid,annotation-only,literal-or-annotation:string|null,False,False,False,,common/models/WalletTransfer.php:17,finance.Wallet.Transfer.bank_uuid,SourceRef,namespace by system/table; exact join; no email matching,PROPOSED; runtime schema and semantic acceptance unverified
finance,wallet.transfer,transfer_benef_iban,annotation-only,literal-or-annotation:string|null,False,False,False,,common/models/WalletTransfer.php:21,finance.Wallet.Transfer.transfer_benef_iban,SensitiveText,replace; never copy free text or destination; no identity joins,PROPOSED; runtime schema and semantic acceptance unverified
finance,wallet.transfer,transfer_benef_name,annotation-only,literal-or-annotation:string|null,False,False,False,,common/models/WalletTransfer.php:20,finance.Wallet.Transfer.transfer_benef_name,SensitiveText,replace; never copy free text or destination; no identity joins,PROPOSED; runtime schema and semantic acceptance unverified
finance,wallet.transfer,transfer_confirmation_id,annotation-only,literal-or-annotation:string|null,False,False,False,,common/models/WalletTransfer.php:18,finance.Wallet.Transfer.transfer_confirmation_id,UnverifiedReference,name-shaped reference only; no PK/FK/ORM evidence; HOLD before joining,PROPOSED; runtime schema and semantic acceptance unverified
finance,wallet.transfer,transfer_cost,annotation-only,literal-or-annotation:float|null,False,False,False,,common/models/WalletTransfer.php:22,finance.Wallet.Transfer.transfer_cost,MoneyDecimal,exact coefficient/scale and currency; snapshots immutable; unresolved currency HOLD,PROPOSED; runtime schema and semantic acceptance unverified
finance,wallet.transfer,transfer_created_at,annotation-only,literal-or-annotation:string|null,False,False,False,,common/models/WalletTransfer.php:25,finance.Wallet.Transfer.transfer_created_at,TemporalValue,preserve source unit/zone; zero/ambiguous value HOLD; see time overrides,PROPOSED; runtime schema and semantic acceptance unverified
finance,wallet.transfer,transfer_file_uuid,annotation-only,literal-or-annotation:string|null,False,False,False,,common/models/WalletTransfer.php:19,finance.Wallet.Transfer.transfer_file_uuid,SourceRef,namespace by system/table; exact join; no email matching,PROPOSED; runtime schema and semantic acceptance unverified
finance,wallet.transfer,transfer_status,annotation-only,literal-or-annotation:int|null,False,False,False,,common/models/WalletTransfer.php:24,finance.Wallet.Transfer.transfer_status,SourceEnum,explicit per-domain mapping; unknown value HOLD; never grants,PROPOSED; runtime schema and semantic acceptance unverified
finance,wallet.transfer,transfer_total,annotation-only,literal-or-annotation:float|null,False,False,False,,common/models/WalletTransfer.php:23,finance.Wallet.Transfer.transfer_total,ExactDecimal,synthetic balanced amounts; currency/scale validation; counter overrides apply,PROPOSED; runtime schema and semantic acceptance unverified
finance,wallet.transfer,transfer_updated_at,annotation-only,literal-or-annotation:string|null,False,False,False,,common/models/WalletTransfer.php:26,finance.Wallet.Transfer.transfer_updated_at,TemporalValue,preserve source unit/zone; zero/ambiguous value HOLD; see time overrides,PROPOSED; runtime schema and semantic acceptance unverified
finance,wallet.transfer,transfer_uuid,annotation-only,literal-or-annotation:string,False,False,False,,common/models/WalletTransfer.php:14,finance.Wallet.Transfer.transfer_uuid,SourceRef,namespace by system/table; exact join; no email matching,PROPOSED; runtime schema and semantic acceptance unverified
finance,wallet.transfer,transfer_uuid_short,annotation-only,literal-or-annotation:string,False,False,False,,common/models/WalletTransfer.php:15,finance.Wallet.Transfer.transfer_uuid_short,SourceText,synthetic replacement; semantic review before import,PROPOSED; runtime schema and semantic acceptance unverified
finance,wallet.transfer,user_uuid,annotation-only,literal-or-annotation:string|null,False,False,False,,common/models/WalletTransfer.php:16,finance.Wallet.Transfer.user_uuid,SourceRef,namespace by system/table; exact join; no email matching,PROPOSED; runtime schema and semantic acceptance unverified
finance,wallet.user,auth_key,annotation-only,literal-or-annotation:string,False,False,False,,common/models/WalletUser.php:22,finance.Wallet.User.auth_key,ExcludedCredential,DROP; synthetic auth only,PROPOSED; runtime schema and semantic acceptance unverified
finance,wallet.user,created_at,annotation-only,literal-or-annotation:integer,False,False,False,,common/models/WalletUser.php:24,finance.Wallet.User.created_at,TemporalValue,preserve source unit/zone; zero/ambiguous value HOLD; see time overrides,PROPOSED; runtime schema and semantic acceptance unverified
finance,wallet.user,email,annotation-only,literal-or-annotation:string,False,False,False,,common/models/WalletUser.php:21,finance.Wallet.User.email,SensitiveText,replace; never copy free text or destination; no identity joins,PROPOSED; runtime schema and semantic acceptance unverified
finance,wallet.user,password,annotation-only,literal-or-annotation:string,False,False,False,,common/models/WalletUser.php:26,finance.Wallet.User.password,ExcludedCredential,DROP; synthetic auth only,PROPOSED; runtime schema and semantic acceptance unverified
finance,wallet.user,password_hash,annotation-only,literal-or-annotation:string,False,False,False,,common/models/WalletUser.php:18,finance.Wallet.User.password_hash,ExcludedCredential,DROP; synthetic auth only,PROPOSED; runtime schema and semantic acceptance unverified
finance,wallet.user,password_reset_token,annotation-only,literal-or-annotation:string,False,False,False,,common/models/WalletUser.php:19,finance.Wallet.User.password_reset_token,ExcludedCredential,DROP; synthetic auth only,PROPOSED; runtime schema and semantic acceptance unverified
finance,wallet.user,status,annotation-only,literal-or-annotation:integer,False,False,False,,common/models/WalletUser.php:23,finance.Wallet.User.status,SourceEnum,explicit per-domain mapping; unknown value HOLD; never grants,PROPOSED; runtime schema and semantic acceptance unverified
finance,wallet.user,updated_at,annotation-only,literal-or-annotation:integer,False,False,False,,common/models/WalletUser.php:25,finance.Wallet.User.updated_at,TemporalValue,preserve source unit/zone; zero/ambiguous value HOLD; see time overrides,PROPOSED; runtime schema and semantic acceptance unverified
finance,wallet.user,user_uuid,annotation-only,literal-or-annotation:integer,False,False,False,,common/models/WalletUser.php:16,finance.Wallet.User.user_uuid,SourceRef,namespace by system/table; exact join; no email matching,PROPOSED; runtime schema and semantic acceptance unverified
finance,wallet.user,username,annotation-only,literal-or-annotation:string,False,False,False,,common/models/WalletUser.php:17,finance.Wallet.User.username,SensitiveText,replace; never copy free text or destination; no identity joins,PROPOSED; runtime schema and semantic acceptance unverified
finance,wallet.user,verification_token,annotation-only,literal-or-annotation:string,False,False,False,,common/models/WalletUser.php:20,finance.Wallet.User.verification_token,ExcludedCredential,DROP; synthetic auth only,PROPOSED; runtime schema and semantic acceptance unverified
communication,webhook,created_at,declared,dateTime(),False,False,False,console/migrations/m230528_090412_webhook.php:21,common/models/Webhook.php:19,communication.Webhook.created_at,TemporalValue,preserve source unit/zone; zero/ambiguous value HOLD; see time overrides,PROPOSED; runtime schema and semantic acceptance unverified
communication,webhook,created_by,declared,integer(11),False,False,False,console/migrations/m230528_090412_webhook.php:21,common/models/Webhook.php:17,communication.Webhook.created_by,ExactInteger,synthetic bounded values; range and null checks,PROPOSED; runtime schema and semantic acceptance unverified
communication,webhook,endpoint,declared,string(),True,False,False,console/migrations/m230528_090412_webhook.php:21,common/models/Webhook.php:15,communication.Webhook.endpoint,SourceText,synthetic replacement; semantic review before import,PROPOSED; runtime schema and semantic acceptance unverified
communication,webhook,event,declared,string(50),True,False,False,console/migrations/m230528_090412_webhook.php:21,common/models/Webhook.php:14,communication.Webhook.event,SourceText,synthetic replacement; semantic review before import,PROPOSED; runtime schema and semantic acceptance unverified
communication,webhook,method,declared,literal-or-annotation:string,False,False,False,console/migrations/m230528_090412_webhook.php:21,common/models/Webhook.php:16,communication.Webhook.method,SourceText,synthetic replacement; semantic review before import,PROPOSED; runtime schema and semantic acceptance unverified
communication,webhook,updated_at,declared,dateTime(),False,False,False,console/migrations/m230528_090412_webhook.php:21,common/models/Webhook.php:20,communication.Webhook.updated_at,TemporalValue,preserve source unit/zone; zero/ambiguous value HOLD; see time overrides,PROPOSED; runtime schema and semantic acceptance unverified
communication,webhook,updated_by,declared,integer(11),False,False,False,console/migrations/m230528_090412_webhook.php:21,common/models/Webhook.php:18,communication.Webhook.updated_by,ExactInteger,synthetic bounded values; range and null checks,PROPOSED; runtime schema and semantic acceptance unverified
communication,webhook,webhook_id,declared,primaryKey(),False,True,False,console/migrations/m230528_090412_webhook.php:21,common/models/Webhook.php:13,communication.Webhook.webhook_id,SourceRef,namespace by system/table; exact join; no email matching,PROPOSED; runtime schema and semantic acceptance unverified
