app,inventory_row,inventory_receipt,reported_area,reported_effect,evidence_status,test_data_plan
admin,ADMIN-FO-01,docs/parity/ui-journeys/admin.md:165,every list/view/footer,"Create/Edit/Delete buttons and footers hidden when `authService.admin_limited_access` is truthy (value copied from login response and Preferences, `auth.service.ts:85,220,248`) — 100+ `*ngIf=""!authService.admin_limited_access""` across admin, inspector, staff, company, candidate, transfer, reference-data, webhook, blocked-ip, currency, permission pages",INVENTORY-ONLY unless explicitly reverified in README; no draft claim promoted to fact,synthetic scenario with fresh server authorization; replace PII/objects; no cached-token or provider-state import
admin,ADMIN-FO-02,docs/parity/ui-journeys/admin.md:166,`*-form` pages,Form pages redirect limited admins away on init (`if (this.authService.admin_limited_access) { navigate back }`),INVENTORY-ONLY unless explicitly reverified in README; no draft claim promoted to fact,synthetic scenario with fresh server authorization; replace PII/objects; no cached-token or provider-state import
admin,ADMIN-FO-03,docs/parity/ui-journeys/admin.md:167,"`transfer-view`, `suspicious-transfer-view`",Limited admin sees invoices/candidate lines only when `transfer_status` is 3 or 4; export excel gated the same way; transfer-file column hidden,INVENTORY-ONLY unless explicitly reverified in README; no draft claim promoted to fact,synthetic scenario with fresh server authorization; replace PII/objects; no cached-token or provider-state import
admin,ADMIN-FO-04,docs/parity/ui-journeys/admin.md:168,"`transfer-view`, `suspicious-transfer-view`","All transfer state buttons (mark paid, delete, cancel, unlock, received-and-distributing, pay by wallet, revert to lock) hidden for limited admins",INVENTORY-ONLY unless explicitly reverified in README; no draft claim promoted to fact,synthetic scenario with fresh server authorization; replace PII/objects; no cached-token or provider-state import
admin,ADMIN-FO-05,docs/parity/ui-journeys/admin.md:169,"`staff-view`, `staff-list`, `components/candidate`, `components/fulltimer`",Salary tab/field and suggestion accept/reject buttons gated on `authService.restrictedAccess()` which always returns `true`,INVENTORY-ONLY unless explicitly reverified in README; no draft claim promoted to fact,synthetic scenario with fresh server authorization; replace PII/objects; no cached-token or provider-state import
admin,ADMIN-FO-06,docs/parity/ui-journeys/admin.md:170,"`assign-permission/:type/:user_id`, `permission-section-list`","Admin assigns permission sub-sections to staff/admin; the admin app itself never reads `permissions` to gate anything (the staff list expands `permissions` `staff.service.ts:28` but no template consumes it: `grep -rn ""permissions"" src/app/pages --include=*.html` → 0 gating uses)",INVENTORY-ONLY unless explicitly reverified in README; no draft claim promoted to fact,synthetic scenario with fresh server authorization; replace PII/objects; no cached-token or provider-state import
admin,ADMIN-FO-07,docs/parity/ui-journeys/admin.md:171,"`login`, `login-two-step`",Client decides whether to show the OTP page from `res.token_status == 0`,INVENTORY-ONLY unless explicitly reverified in README; no draft claim promoted to fact,synthetic scenario with fresh server authorization; replace PII/objects; no cached-token or provider-state import
admin,ADMIN-FO-08,docs/parity/ui-journeys/admin.md:172,route guard,"`AuthService.canActivate` only checks that a `loggedInAdmin` token exists in Preferences; no role/permission; 8 logged-in routes have **no guard at all** (`brand-form :339`, `company-contact-form :346`, `expense-view/-form/-list :425-433`, `import :442`, `staff-salary-form :471`, `import-salary-form :475`)",INVENTORY-ONLY unless explicitly reverified in README; no draft claim promoted to fact,synthetic scenario with fresh server authorization; replace PII/objects; no cached-token or provider-state import
admin,ADMIN-FO-09,docs/parity/ui-journeys/admin.md:173,`admin-form`,"`email` regex + required, `password` required on create only (`CustomValidator.emailValidator` regex `custom.validator.ts:13`)",INVENTORY-ONLY unless explicitly reverified in README; no draft claim promoted to fact,synthetic scenario with fresh server authorization; replace PII/objects; no cached-token or provider-state import
admin,ADMIN-FO-10,docs/parity/ui-journeys/admin.md:174,`staff-form`,"required: name, email(regex), password (create), job_title, salary, salary_currency, hours_per_day, week_start_day, work_days",INVENTORY-ONLY unless explicitly reverified in README; no draft claim promoted to fact,synthetic scenario with fresh server authorization; replace PII/objects; no cached-token or provider-state import
admin,ADMIN-FO-11,docs/parity/ui-journeys/admin.md:175,`company-form`,"required: name, common_name_en/ar, bonus_commission, hourly_rate; on new account also password, website, email(regex); sub-company form omits email/password",INVENTORY-ONLY unless explicitly reverified in README; no draft claim promoted to fact,synthetic scenario with fresh server authorization; replace PII/objects; no cached-token or provider-state import
admin,ADMIN-FO-12,docs/parity/ui-journeys/admin.md:176,`company-contact-form`,"email regex, name/position/allow_access required, password required on create; `is-email-exists` lookup switches the form to ""add to team""",INVENTORY-ONLY unless explicitly reverified in README; no draft claim promoted to fact,synthetic scenario with fresh server authorization; replace PII/objects; no cached-token or provider-state import
admin,ADMIN-FO-13,docs/parity/ui-journeys/admin.md:177,"`bank-form`, `currency-form`, `webhook-form`, `blocked-ip-form`, `country-form`, `university-form`, `major-form`, `degree-form`, `degree-group-form`, `discount-form`, `expense-form`, `email-campaign-form`, `request-checklist-form`, `campaign-form`, `tag-form`, `discount-category-form`, `daily-standup-question-form`","`Validators.required` on all displayed fields (147 `Validators.` usages: `grep -rc ""Validators\."" src/app/pages",INVENTORY-ONLY unless explicitly reverified in README; no draft claim promoted to fact,synthetic scenario with fresh server authorization; replace PII/objects; no cached-token or provider-state import
admin,ADMIN-FO-14,docs/parity/ui-journeys/admin.md:178,`blocked-ip-form`,IP address format is not validated anywhere (client only `required`),INVENTORY-ONLY unless explicitly reverified in README; no draft claim promoted to fact,synthetic scenario with fresh server authorization; replace PII/objects; no cached-token or provider-state import
admin,ADMIN-FO-15,docs/parity/ui-journeys/admin.md:179,`transfer-view`,"Transfer state machine rendered from numeric status: Draft(10)→Locked(5)→Payment Sent(1)→Distribution(3)→Complete(4), Cancelled(0). Buttons shown per status: Delete when status ∈ {10,5,0}; Cancel when 10; Unlock when 5 or 1; Received & Distributing when 1 or 5; Pay by wallet when 3 and unpaid>0; Mark as Paid when 3 and unpaid==0; Revert to Locked when 1",INVENTORY-ONLY unless explicitly reverified in README; no draft claim promoted to fact,synthetic scenario with fresh server authorization; replace PII/objects; no cached-token or provider-state import
admin,ADMIN-FO-16,docs/parity/ui-journeys/admin.md:180,`transfer-view`,After `mark-paid` success the client sets `transfer_status = 4` locally before reloading,INVENTORY-ONLY unless explicitly reverified in README; no draft claim promoted to fact,synthetic scenario with fresh server authorization; replace PII/objects; no cached-token or provider-state import
admin,ADMIN-FO-17,docs/parity/ui-journeys/admin.md:181,`candidate-transfer-detail`,"""Mark paid"" refuses to call the API when no `transfer_confirmation_id` is entered; unpaid/pay-by-wallet confirmations",INVENTORY-ONLY unless explicitly reverified in README; no draft claim promoted to fact,synthetic scenario with fresh server authorization; replace PII/objects; no cached-token or provider-state import
admin,ADMIN-FO-18,docs/parity/ui-journeys/admin.md:182,`transfer-paid`,"Bank import parser chosen client-side by route param string (`AUB`, `KFH`, `BankStatement`, else Google) and passed back on `mark-paid-all {excel, bank}`",INVENTORY-ONLY unless explicitly reverified in README; no draft claim promoted to fact,synthetic scenario with fresh server authorization; replace PII/objects; no cached-token or provider-state import
admin,ADMIN-FO-19,docs/parity/ui-journeys/admin.md:183,"`transfer-file-list`, `transfer-file-detail`",Re-schedule offered for files; UI does not check status,INVENTORY-ONLY unless explicitly reverified in README; no draft claim promoted to fact,synthetic scenario with fresh server authorization; replace PII/objects; no cached-token or provider-state import
admin,ADMIN-FO-20,docs/parity/ui-journeys/admin.md:184,`staff-expense-view`,"Expense status machine in UI: Approve(1)/Declined(3) only when status falsy; ""Mark as Reimbursed""(2) only when status==1",INVENTORY-ONLY unless explicitly reverified in README; no draft claim promoted to fact,synthetic scenario with fresh server authorization; replace PII/objects; no cached-token or provider-state import
admin,ADMIN-FO-21,docs/parity/ui-journeys/admin.md:185,`staff-leave-list`,Approve(1)/Declined(2) only when `!leave.status`,INVENTORY-ONLY unless explicitly reverified in README; no draft claim promoted to fact,synthetic scenario with fresh server authorization; replace PII/objects; no cached-token or provider-state import
admin,ADMIN-FO-22,docs/parity/ui-journeys/admin.md:186,"`components/candidate`, `components/fulltimer`",Suggestion status buttons (Suggested 1 / Rejected 2 / Accepted 3) hidden only when equal to current,INVENTORY-ONLY unless explicitly reverified in README; no draft claim promoted to fact,synthetic scenario with fresh server authorization; replace PII/objects; no cached-token or provider-state import
admin,ADMIN-FO-23,docs/parity/ui-journeys/admin.md:187,`company-view`,"Company status shown as computed `companyStatus`, and the toggle writes `company_status_override` 1/0 (""override above status to active when not active"")",INVENTORY-ONLY unless explicitly reverified in README; no draft claim promoted to fact,synthetic scenario with fresh server authorization; replace PII/objects; no cached-token or provider-state import
admin,ADMIN-FO-24,docs/parity/ui-journeys/admin.md:188,`company-view`,Follow-up flag/interval and account-manager (`update-staff`) picked in UI via staff picker; follow-up toggle hidden for sub-companies (`!company.parent_company_id`),INVENTORY-ONLY unless explicitly reverified in README; no draft claim promoted to fact,synthetic scenario with fresh server authorization; replace PII/objects; no cached-token or provider-state import
admin,ADMIN-FO-25,docs/parity/ui-journeys/admin.md:189,"`company-view`, `company-list`",Excel export of company list and of a company's candidates triggered from UI with no audit prompt,INVENTORY-ONLY unless explicitly reverified in README; no draft claim promoted to fact,synthetic scenario with fresh server authorization; replace PII/objects; no cached-token or provider-state import
admin,ADMIN-FO-26,docs/parity/ui-journeys/admin.md:190,`payable-candidates`,"Totals (unpaid, payable, missing-bank-info, incomplete-profile) and `totalPayableCandidate` computed client-side by iterating the current page's `unPaidTransferCandidates`; a line is ""missing bank info"" if no `bank_id`/`transfer_benef_iban`/`transfer_benef_name`",INVENTORY-ONLY unless explicitly reverified in README; no draft claim promoted to fact,synthetic scenario with fresh server authorization; replace PII/objects; no cached-token or provider-state import
admin,ADMIN-FO-27,docs/parity/ui-journeys/admin.md:191,"`log-hour-list`, `staff-work-session-list`",Total hours / total minutes summed client-side over loaded rows,INVENTORY-ONLY unless explicitly reverified in README; no draft claim promoted to fact,synthetic scenario with fresh server authorization; replace PII/objects; no cached-token or provider-state import
admin,ADMIN-FO-28,docs/parity/ui-journeys/admin.md:192,"`transfer-view` (+ suspicious, file-detail)",Per-line money helpers `totalCompanyPaysForCandidateWithoutBonus = company_total - bonus` computed in the client (the rate×hours version is commented out),INVENTORY-ONLY unless explicitly reverified in README; no draft claim promoted to fact,synthetic scenario with fresh server authorization; replace PII/objects; no cached-token or provider-state import
admin,ADMIN-FO-29,docs/parity/ui-journeys/admin.md:193,`candidate-view`,Approve button only when `!approved && !deleted`; Delete when `!deleted`; Restore when `deleted`; login/reset footer hidden when deleted or limited,INVENTORY-ONLY unless explicitly reverified in README; no draft claim promoted to fact,synthetic scenario with fresh server authorization; replace PII/objects; no cached-token or provider-state import
admin,ADMIN-FO-30,docs/parity/ui-journeys/admin.md:194,"`candidate-view`, `staff-view`, `company-contact-view`, `store-view`",Impersonation: client POSTs `login/{id}` and opens the returned `redirect` URL (`<app>?auth_key=…`) in a new tab; no reason/audit captured in UI,INVENTORY-ONLY unless explicitly reverified in README; no draft claim promoted to fact,synthetic scenario with fresh server authorization; replace PII/objects; no cached-token or provider-state import
admin,ADMIN-FO-31,docs/parity/ui-journeys/admin.md:195,`email-campaign-list`,"Polls `POST /email-campaigns/status-list` every **1 s** while any campaign is status 1 or 3, filtering the id list client-side",INVENTORY-ONLY unless explicitly reverified in README; no draft claim promoted to fact,synthetic scenario with fresh server authorization; replace PII/objects; no cached-token or provider-state import
admin,ADMIN-FO-32,docs/parity/ui-journeys/admin.md:196,`email-campaign-view`,"""Start"" sets status READY via `run/{id}`; UI does not check current status",INVENTORY-ONLY unless explicitly reverified in README; no draft claim promoted to fact,synthetic scenario with fresh server authorization; replace PII/objects; no cached-token or provider-state import
admin,ADMIN-FO-33,docs/parity/ui-journeys/admin.md:197,"`webhook-form`, `webhook-test`",Endpoint URL free text; `method` required client-side; test posts arbitrary `data` JSON,INVENTORY-ONLY unless explicitly reverified in README; no draft claim promoted to fact,synthetic scenario with fresh server authorization; replace PII/objects; no cached-token or provider-state import
admin,ADMIN-FO-34,docs/parity/ui-journeys/admin.md:198,`setting`,Form controls generated from whatever `GET /setting` returns; password-type toggling per key; `isProduction` flag from environment,INVENTORY-ONLY unless explicitly reverified in README; no draft claim promoted to fact,synthetic scenario with fresh server authorization; replace PII/objects; no cached-token or provider-state import
admin,ADMIN-FO-35,docs/parity/ui-journeys/admin.md:199,`dashboard`,"""Clear cache"" calls `GET /statistics/clear-cache` then `window.location.reload()`",INVENTORY-ONLY unless explicitly reverified in README; no draft claim promoted to fact,synthetic scenario with fresh server authorization; replace PII/objects; no cached-token or provider-state import
admin,ADMIN-FO-36,docs/parity/ui-journeys/admin.md:200,"`components/image-upload`, `brand-form`, `staff-form`, `upload-file`, `import*`",Direct browser S3 upload with `ACL: 'public-read'` to bucket `studenthub-public-anyone-can-upload-24hr-expiry` using static key/secret fetched from `GET /aws/config`; 18 MB client-side size cap; region default `eu-west-2`,INVENTORY-ONLY unless explicitly reverified in README; no draft claim promoted to fact,synthetic scenario with fresh server authorization; replace PII/objects; no cached-token or provider-state import
admin,ADMIN-FO-37,docs/parity/ui-journeys/admin.md:201,"`login`, `login-two-step`, `app.module`, `index.html`","Client-held keys: reCAPTCHA v3 site key (`index.html:30`, `login.page.ts:67`, `login-two-step.page.ts:44`); Auth0 domain+clientId (`app.module.ts:85-86`); Google OAuth clientId (`app.component.ts:59`); Segment write key (`index.html:33-34`); Sentry DSN (`environment.prod.ts:10`); Cloudinary base (`:5`)",INVENTORY-ONLY unless explicitly reverified in README; no draft claim promoted to fact,synthetic scenario with fresh server authorization; replace PII/objects; no cached-token or provider-state import
admin,ADMIN-FO-38,docs/parity/ui-journeys/admin.md:202,`candidate-view` (salary tab),Transfers URL built as `/candidates/transfers/{id}&expand=bank` (ampersand instead of `?`),INVENTORY-ONLY unless explicitly reverified in README; no draft claim promoted to fact,synthetic scenario with fresh server authorization; replace PII/objects; no cached-token or provider-state import
admin,ADMIN-FO-39,docs/parity/ui-journeys/admin.md:203,`staff-salary-form`,Edit mode loads `GET /staff/view-salary/{uuid}` which has a URL rule but **no controller action** → 404 → global `error404$` navigates to `not-found`,INVENTORY-ONLY unless explicitly reverified in README; no draft claim promoted to fact,synthetic scenario with fresh server authorization; replace PII/objects; no cached-token or provider-state import
admin,ADMIN-FO-40,docs/parity/ui-journeys/admin.md:204,`login-two-step/:token`,Route guarded by `AuthService` (`app-routing.module.ts:931-935`) although the OTP step happens before a token is stored; guard resolves false and redirects to `login` unless a previous session's `loggedInAdmin` remains in Preferences,INVENTORY-ONLY unless explicitly reverified in README; no draft claim promoted to fact,synthetic scenario with fresh server authorization; replace PII/objects; no cached-token or provider-state import
admin,ADMIN-FO-41,docs/parity/ui-journeys/admin.md:205,global,"Session/state persistence: bearer token, id, name, email, `admin_limited_access`, `currency_pref`, `theme` in Capacitor Preferences (web: localStorage); `Preferences.clear()` on logout; 401 → logout; 0/504 or `!navigator.onLine` → `no-internet` page; 500 → `server-error`; 404 → `not-found`; retries: GET/PATCH 1 retry with backoff, POST/DELETE 0, `mark-paid-all` custom (`transfer.service.ts:223-237`); Angular service worker with `freshness` strategy, `maxAge 0` for API (`ngsw-config.json:6-30`)",INVENTORY-ONLY unless explicitly reverified in README; no draft claim promoted to fact,synthetic scenario with fresh server authorization; replace PII/objects; no cached-token or provider-state import
admin,ADMIN-FO-42,docs/parity/ui-journeys/admin.md:206,`login`,"Client counts failed attempts (>2 → ""contact us"" alert); no lockout",INVENTORY-ONLY unless explicitly reverified in README; no draft claim promoted to fact,synthetic scenario with fresh server authorization; replace PII/objects; no cached-token or provider-state import
admin,ADMIN-FO-43,docs/parity/ui-journeys/admin.md:207,"`transfer-paid`, `payable-candidates`",`offset`/`limit` for bank-file/advice exports and `only-payable` are user-chosen in the UI and appended to export URLs,INVENTORY-ONLY unless explicitly reverified in README; no draft claim promoted to fact,synthetic scenario with fresh server authorization; replace PII/objects; no cached-token or provider-state import
admin,ADMIN-FO-44,docs/parity/ui-journeys/admin.md:208,`bank-transactions-sync`,Client drives Xero sync page-by-page in a loop until `count == 0`; follows `res.redirect` (OAuth) by setting `location`,INVENTORY-ONLY unless explicitly reverified in README; no draft claim promoted to fact,synthetic scenario with fresh server authorization; replace PII/objects; no cached-token or provider-state import
admin,ADMIN-FO-45,docs/parity/ui-journeys/admin.md:209,"`staff-form`, `staff-view`",Gmail username/password captured in the form and displayed back from `staff_gmail_password`,INVENTORY-ONLY unless explicitly reverified in README; no draft claim promoted to fact,synthetic scenario with fresh server authorization; replace PII/objects; no cached-token or provider-state import
admin,ADMIN-FO-46,docs/parity/ui-journeys/admin.md:210,"`company-contact-view`, `company-view` notes",Note `type` defaults to `'Internal Note'` and is free text; component shows `note.note_type`,INVENTORY-ONLY unless explicitly reverified in README; no draft claim promoted to fact,synthetic scenario with fresh server authorization; replace PII/objects; no cached-token or provider-state import
admin,ADMIN-FO-47,docs/parity/ui-journeys/admin.md:211,`company-view`,`companyContacts` list filtered client-side after delete; contact delete from company view is a hard delete,INVENTORY-ONLY unless explicitly reverified in README; no draft claim promoted to fact,synthetic scenario with fresh server authorization; replace PII/objects; no cached-token or provider-state import
admin,ADMIN-FO-48,docs/parity/ui-journeys/admin.md:212,`candidate-view`,"Civil ID number, expiry, front/back photo links (public S3 URLs), bank account/IBAN rendered to every admin incl. limited",INVENTORY-ONLY unless explicitly reverified in README; no draft claim promoted to fact,synthetic scenario with fresh server authorization; replace PII/objects; no cached-token or provider-state import
candidate-mobile,MOB-FO-01,docs/parity/ui-journeys/candidate-mobile.md:126,`phone`,"Phone must match `^[0-9]{8}$`, `maxlength=8`",INVENTORY-ONLY unless explicitly reverified in README; no draft claim promoted to fact,synthetic scenario with fresh server authorization; replace PII/objects; no cached-token or provider-state import
candidate-mobile,MOB-FO-02,docs/parity/ui-journeys/candidate-mobile.md:127,`date-of-birth`,"Picker bounded to `1980-01-01`…today−16y (""min 16 years"")",INVENTORY-ONLY unless explicitly reverified in README; no draft claim promoted to fact,synthetic scenario with fresh server authorization; replace PII/objects; no cached-token or provider-state import
candidate-mobile,MOB-FO-03,docs/parity/ui-journeys/candidate-mobile.md:128,"`civil-expiry`, `id-card`","Expiry bounded today…+20y; `id-card` treats expiry as optional (`Validators.required` commented) and sends `""""`",INVENTORY-ONLY unless explicitly reverified in README; no draft claim promoted to fact,synthetic scenario with fresh server authorization; replace PII/objects; no cached-token or provider-state import
candidate-mobile,MOB-FO-04,docs/parity/ui-journeys/candidate-mobile.md:129,`id-card`,Civil ID only `required`; no 12-digit check,INVENTORY-ONLY unless explicitly reverified in README; no draft claim promoted to fact,synthetic scenario with fresh server authorization; replace PII/objects; no cached-token or provider-state import
candidate-mobile,MOB-FO-05,docs/parity/ui-journeys/candidate-mobile.md:130,`update-bank` (modal),Beneficiary name must have ≥2 words; IBAN only `required`,INVENTORY-ONLY unless explicitly reverified in README; no draft claim promoted to fact,synthetic scenario with fresh server authorization; replace PII/objects; no cached-token or provider-state import
candidate-mobile,MOB-FO-06,docs/parity/ui-journeys/candidate-mobile.md:131,"`name`, `name-ar`",Full-name word count checked client-side,INVENTORY-ONLY unless explicitly reverified in README; no draft claim promoted to fact,synthetic scenario with fresh server authorization; replace PII/objects; no cached-token or provider-state import
candidate-mobile,MOB-FO-07,docs/parity/ui-journeys/candidate-mobile.md:132,"`introduction`, `objective`, `preferred-time`",`maxlength=100` on inputs,INVENTORY-ONLY unless explicitly reverified in README; no draft claim promoted to fact,synthetic scenario with fresh server authorization; replace PII/objects; no cached-token or provider-state import
candidate-mobile,MOB-FO-08,docs/parity/ui-journeys/candidate-mobile.md:133,"`register`, `email`, `forgot-password`","Email regex, phone 8 digits (SMS reset), password `maxLength(30)`",INVENTORY-ONLY unless explicitly reverified in README; no draft claim promoted to fact,synthetic scenario with fresh server authorization; replace PII/objects; no cached-token or provider-state import
candidate-mobile,MOB-FO-09,docs/parity/ui-journeys/candidate-mobile.md:134,`change-password`,Both fields only `required`,INVENTORY-ONLY unless explicitly reverified in README; no draft claim promoted to fact,synthetic scenario with fresh server authorization; replace PII/objects; no cached-token or provider-state import
candidate-mobile,MOB-FO-10,docs/parity/ui-journeys/candidate-mobile.md:135,`log-time-manually`,"end > start (same-day, `hh:mm a`), all fields required, date ≤ today and ≥ 1980",INVENTORY-ONLY unless explicitly reverified in README; no draft claim promoted to fact,synthetic scenario with fresh server authorization; replace PII/objects; no cached-token or provider-state import
candidate-mobile,MOB-FO-11,docs/parity/ui-journeys/candidate-mobile.md:136,`skill-form`,Max 40 skills; duplicates removed client-side,INVENTORY-ONLY unless explicitly reverified in README; no draft claim promoted to fact,synthetic scenario with fresh server authorization; replace PII/objects; no cached-token or provider-state import
candidate-mobile,MOB-FO-12,docs/parity/ui-journeys/candidate-mobile.md:137,"`upload-cv`, photos, video","Client size caps 18 MB / ""5 MB images"" (dead: compares `file.type == 'image'` against a MIME type), CV extension check commented out, video ≤30 s",INVENTORY-ONLY unless explicitly reverified in README; no draft claim promoted to fact,synthetic scenario with fresh server authorization; replace PII/objects; no cached-token or provider-state import
candidate-mobile,MOB-FO-13,docs/parity/ui-journeys/candidate-mobile.md:138,Tab bar,"""Track"" tab shown only when cached `candidate.store_id` set",INVENTORY-ONLY unless explicitly reverified in README; no draft claim promoted to fact,synthetic scenario with fresh server authorization; replace PII/objects; no cached-token or provider-state import
candidate-mobile,MOB-FO-14,docs/parity/ui-journeys/candidate-mobile.md:139,`invitation-detail` → `invitation-feedback`,Client chooses next status (3 accept / 2 reject) and picks the endpoint from it,INVENTORY-ONLY unless explicitly reverified in README; no draft claim promoted to fact,synthetic scenario with fresh server authorization; replace PII/objects; no cached-token or provider-state import
candidate-mobile,MOB-FO-15,docs/parity/ui-journeys/candidate-mobile.md:140,`request-view`,Apply button hidden when `candidateApplication` exists; no open-state check,INVENTORY-ONLY unless explicitly reverified in README; no draft claim promoted to fact,synthetic scenario with fresh server authorization; replace PII/objects; no cached-token or provider-state import
candidate-mobile,MOB-FO-16,docs/parity/ui-journeys/candidate-mobile.md:141,`view/requests`,**No client-side eligibility filtering** (age/gender/availability); list rendered as served,INVENTORY-ONLY unless explicitly reverified in README; no draft claim promoted to fact,synthetic scenario with fresh server authorization; replace PII/objects; no cached-token or provider-state import
candidate-mobile,MOB-FO-17,docs/parity/ui-journeys/candidate-mobile.md:142,`interview-list`,Renders `interview.interview_note` via `[innerHtml]`; ignores `internal_note` in the payload,INVENTORY-ONLY unless explicitly reverified in README; no draft claim promoted to fact,synthetic scenario with fresh server authorization; replace PII/objects; no cached-token or provider-state import
candidate-mobile,MOB-FO-18,docs/parity/ui-journeys/candidate-mobile.md:143,`activity`,"Notification type → component mapping (0 invitation, 1 assigned, 2 unassigned, 3/4 hour approved/rejected, 5/6/7 transfer init/paid/unpaid, 8/9 session approved/rejected, default card) and copy text live in the client",INVENTORY-ONLY unless explicitly reverified in README; no draft claim promoted to fact,synthetic scenario with fresh server authorization; replace PII/objects; no cached-token or provider-state import
candidate-mobile,MOB-FO-19,docs/parity/ui-journeys/candidate-mobile.md:144,"`support`, `ticket-view`, work-log pages, `payments`","Status labels derived client-side: ticket 0/1/10; session/day 0 pending, 1 approved, 2 rejected; salary `'Paid'",INVENTORY-ONLY unless explicitly reverified in README; no draft claim promoted to fact,synthetic scenario with fresh server authorization; replace PII/objects; no cached-token or provider-state import
candidate-mobile,MOB-FO-20,docs/parity/ui-journeys/candidate-mobile.md:145,"`view/track`, dashboard `AccountStatusComponent`","**Geolocation is mandatory in the UI**: `Geolocation.getCurrentPosition({enableHighAccuracy:false, timeout:5000, maximumAge:1200})`; on denial/timeout/no coords the request is **not sent** and an alert ""Location permission required to start/save the work"" is shown. No retry, no manual fallback, no offline queue",INVENTORY-ONLY unless explicitly reverified in README; no draft claim promoted to fact,synthetic scenario with fresh server authorization; replace PII/objects; no cached-token or provider-state import
candidate-mobile,MOB-FO-21,docs/parity/ui-journeys/candidate-mobile.md:146,`view/track`,"Open-session state cached in Preferences (`candidate.isWorking`) and re-checked via `POST /account/current-status`; ""started"" reset locally before the stop call completes; `discard` hard-deletes the open session",INVENTORY-ONLY unless explicitly reverified in README; no draft claim promoted to fact,synthetic scenario with fresh server authorization; replace PII/objects; no cached-token or provider-state import
candidate-mobile,MOB-FO-22,docs/parity/ui-journeys/candidate-mobile.md:147,all HTTP,"Retry-on-error for **every verb including POST/PATCH/DELETE**: 3 attempts, 1/2/3 s back-off, skipped only for 400/401/404/500 and when `navigator.onLine` is false",INVENTORY-ONLY unless explicitly reverified in README; no draft claim promoted to fact,synthetic scenario with fresh server authorization; replace PII/objects; no cached-token or provider-state import
candidate-mobile,MOB-FO-23,docs/parity/ui-journeys/candidate-mobile.md:148,all HTTP,Error handling swallows responses: 400 → `empty()` (authed) or **logout** (unauthed helper); 0/504 → offline page; 401 → logout; 500 → `/server-error`; 404 → `/not-found` (navigates away even for a missing record),INVENTORY-ONLY unless explicitly reverified in README; no draft claim promoted to fact,synthetic scenario with fresh server authorization; replace PII/objects; no cached-token or provider-state import
candidate-mobile,MOB-FO-24,docs/parity/ui-journeys/candidate-mobile.md:149,app shell,"`GET /chats/unread-count` polled **every 1 second** while logged in; a response with `operation:'error'` triggers ""Account deactivated"" toast and logout",INVENTORY-ONLY unless explicitly reverified in README; no draft claim promoted to fact,synthetic scenario with fresh server authorization; replace PII/objects; no cached-token or provider-state import
candidate-mobile,MOB-FO-25,docs/parity/ui-journeys/candidate-mobile.md:150,"dashboard, chat-view, profile","Further polling: invitation count every 30 s (`dashboard.page.ts:285-292`), new chat messages every 5 s (`chat-view.page.ts:184`), video status polls (`profile.page.ts:306`, `dashboard.page.ts:240`, `first-impression.page.ts:70`), email-verified poll (`verify-email.page.ts:165-176`)",INVENTORY-ONLY unless explicitly reverified in README; no draft claim promoted to fact,synthetic scenario with fresh server authorization; replace PII/objects; no cached-token or provider-state import
candidate-mobile,MOB-FO-26,docs/parity/ui-journeys/candidate-mobile.md:151,"`complete-profile`, `profile`",`isProfileCompleted` is set to `true` **locally** by `submit()` and persisted; `CompleteProfileGuard` and post-login routing read only that flag,INVENTORY-ONLY unless explicitly reverified in README; no draft claim promoted to fact,synthetic scenario with fresh server authorization; replace PII/objects; no cached-token or provider-state import
candidate-mobile,MOB-FO-27,docs/parity/ui-journeys/candidate-mobile.md:152,"`AccountStatusComponent`, `OptionPage`",Job-search status toggled optimistically (`candidate_job_search_status` flipped before the POST; reverted on error),INVENTORY-ONLY unless explicitly reverified in README; no draft claim promoted to fact,synthetic scenario with fresh server authorization; replace PII/objects; no cached-token or provider-state import
candidate-mobile,MOB-FO-28,docs/parity/ui-journeys/candidate-mobile.md:153,app shell (OneSignal),"Push registration is **entirely client-side**: `OneSignal.setAppId(env)`; audience tagging by `sendTags({candidate_id, name, email})`; the player/device id is read only to `deleteTags` on logout; **no device or player id is ever sent to the backend**; opt-in state kept in Preferences `oneSignal`, `oneSignalStatus`; web build injects `cdn.onesignal.com/sdks/OneSignalSDK.js`",INVENTORY-ONLY unless explicitly reverified in README; no draft claim promoted to fact,synthetic scenario with fresh server authorization; replace PII/objects; no cached-token or provider-state import
candidate-mobile,MOB-FO-29,docs/parity/ui-journeys/candidate-mobile.md:154,`landing`,"Social login: Google id-token, Apple identity-token (Apple name/email cached in Preferences `appleUserDetail` and re-sent on later logins because Apple only returns them once), Auth0 redirect; `utm_uuid` attached to every social login",INVENTORY-ONLY unless explicitly reverified in README; no draft claim promoted to fact,synthetic scenario with fresh server authorization; replace PII/objects; no cached-token or provider-state import
candidate-mobile,MOB-FO-30,docs/parity/ui-journeys/candidate-mobile.md:155,"`password`, all logins",**Two-step login is not implemented**: `setAccessToken` stores whatever token comes back and ignores `token_status`/`total_attempt`; `/auth/login-two-step` and `toggle-two-step-auth` are never called,INVENTORY-ONLY unless explicitly reverified in README; no draft claim promoted to fact,synthetic scenario with fresh server authorization; replace PII/objects; no cached-token or provider-state import
candidate-mobile,MOB-FO-31,docs/parity/ui-journeys/candidate-mobile.md:156,"`register`, `forgot-password`, `verify-email`",reCAPTCHA v3 executed with site key `6Lei9R4pAAAAAEJYoXxoIvP2Uu0oq8iXkCVfmy6V`; token posted as `token`/header,INVENTORY-ONLY unless explicitly reverified in README; no draft claim promoted to fact,synthetic scenario with fresh server authorization; replace PII/objects; no cached-token or provider-state import
candidate-mobile,MOB-FO-32,docs/parity/ui-journeys/candidate-mobile.md:157,any URL `?auth_key=`,"Impersonation ""login by key"" accepted from a query string and exchanged for a full session",INVENTORY-ONLY unless explicitly reverified in README; no draft claim promoted to fact,synthetic scenario with fresh server authorization; replace PII/objects; no cached-token or provider-state import
candidate-mobile,MOB-FO-33,docs/parity/ui-journeys/candidate-mobile.md:158,`id-card` (dead code),"Client-side scraping of the Kuwaiti MOCI portal (`eapp.moci.gov.kw/eapp/WebPages/signup.aspx`) with a hard-coded ASP.NET `__VIEWSTATE`, parsing the returned HTML for `#ContentPlaceHolder1_txtName` and saving it as `name_ar`. Defined but no caller (`getNameByCivilId` only declared)",INVENTORY-ONLY unless explicitly reverified in README; no draft claim promoted to fact,synthetic scenario with fresh server authorization; replace PII/objects; no cached-token or provider-state import
candidate-mobile,MOB-FO-34,docs/parity/ui-journeys/candidate-mobile.md:159,APP_INITIALIZER,"`GET /aws/config` fetched **before login, without a bearer token**, and the returned static `key`/`secret`/`bucket`/`region` are loaded into `aws-sdk`; every upload is `ACL: public-read` with a client-chosen key `<name>-<Date.now()>.<ext>`",INVENTORY-ONLY unless explicitly reverified in README; no draft claim promoted to fact,synthetic scenario with fresh server authorization; replace PII/objects; no cached-token or provider-state import
candidate-mobile,MOB-FO-35,docs/parity/ui-journeys/candidate-mobile.md:160,bundle-wide,"Client-held keys/ids: Google Maps+Places browser key `AIzaSyBSM8…` (env + `index.html:45`), reCAPTCHA site key, Mixpanel project tokens (prod `bfe2ac…`, dev `ac62db…`), Sentry DSN, Hotjar id 4968508, GTM `GTM-5ZHJ48KV`, GA `G-Q2JP5Y7ZNF`, OneSignal app ids (prod `265d4bf5…`, dev `fe766231…`), Auth0 client ids, Google OAuth client id, Cloudinary cloud `studenthub`, S3 bucket URLs; Segment write key present but commented",INVENTORY-ONLY unless explicitly reverified in README; no draft claim promoted to fact,synthetic scenario with fresh server authorization; replace PII/objects; no cached-token or provider-state import
candidate-mobile,MOB-FO-36,docs/parity/ui-journeys/candidate-mobile.md:161,analytics,"Mixpanel `identify(id)` + `people.set({name,email})`, page views and `page_exit` timing on every screen; Hotjar session recording and GTM/GA loaded in `index.html` for the web build; `channel: ""Candidate Web App""` even on native",INVENTORY-ONLY unless explicitly reverified in README; no draft claim promoted to fact,synthetic scenario with fresh server authorization; replace PII/objects; no cached-token or provider-state import
candidate-mobile,MOB-FO-37,docs/parity/ui-journeys/candidate-mobile.md:162,local persistence,"Preferences keys: `loggedInUser` (bearer token + **full candidate profile incl. civil ID number, IBAN, phone, coordinates, S3 keys**), `language_pref`, `utm_uuid` (also `localStorage`), `oneSignal`, `oneSignalStatus`, `unVerifiedToken` (a real session token for an unverified account), `appleUserDetail`, `currentLocation`; `ionic-cache` with prefix `__payroll_candidate_cache`; `Storage.clear()` on logout re-saves `utm_uuid`",INVENTORY-ONLY unless explicitly reverified in README; no draft claim promoted to fact,synthetic scenario with fresh server authorization; replace PII/objects; no cached-token or provider-state import
candidate-mobile,MOB-FO-38,docs/parity/ui-journeys/candidate-mobile.md:163,web build only,"Angular service worker with an `api` asset group `freshness`, `maxAge 0`, timeout 21 s; app shell prefetched; update banner via `SwUpdate`",INVENTORY-ONLY unless explicitly reverified in README; no draft claim promoted to fact,synthetic scenario with fresh server authorization; replace PII/objects; no cached-token or provider-state import
candidate-mobile,MOB-FO-39,docs/parity/ui-journeys/candidate-mobile.md:164,offline,"No queue and no offline write path: on `status 0/504` or `!navigator.onLine` the request observable completes empty, an alert shows and the app navigates to `/no-internet`; retries only happen while online",INVENTORY-ONLY unless explicitly reverified in README; no draft claim promoted to fact,synthetic scenario with fresh server authorization; replace PII/objects; no cached-token or provider-state import
candidate-mobile,MOB-FO-40,docs/parity/ui-journeys/candidate-mobile.md:165,timers,"Elapsed-time display computes `now − start_time` on the **device clock**, forcing `GMT+03:00` on the server timestamp; only the display is affected (server writes both timestamps)",INVENTORY-ONLY unless explicitly reverified in README; no draft claim promoted to fact,synthetic scenario with fresh server authorization; replace PII/objects; no cached-token or provider-state import
candidate-mobile,MOB-FO-41,docs/parity/ui-journeys/candidate-mobile.md:166,deep links,`appUrlOpen`: anything after the first `.co` in an opened URL is passed to `router.navigateByUrl` (e.g. `https://student.studenthub.co/x` → `/x`); Auth0 callbacks detected by `state=`+`code=,INVENTORY-ONLY unless explicitly reverified in README; no draft claim promoted to fact,synthetic scenario with fresh server authorization; replace PII/objects; no cached-token or provider-state import
candidate-mobile,MOB-FO-42,docs/parity/ui-journeys/candidate-mobile.md:167,"`update-email`, `update-password/:token`",Routes without `AuthService` guard; `update-email` calls an authenticated endpoint,INVENTORY-ONLY unless explicitly reverified in README; no draft claim promoted to fact,synthetic scenario with fresh server authorization; replace PII/objects; no cached-token or provider-state import
candidate-mobile,MOB-FO-43,docs/parity/ui-journeys/candidate-mobile.md:168,`wallet-balance`,Screen for a wallet the finance inventory marks DISCARD (integration disabled 2025-11-30); dashboard card always visible,INVENTORY-ONLY unless explicitly reverified in README; no draft claim promoted to fact,synthetic scenario with fresh server authorization; replace PII/objects; no cached-token or provider-state import
candidate-mobile,MOB-FO-44,docs/parity/ui-journeys/candidate-mobile.md:169,`candidate-assignment`,"Shows contract amount/rates to the candidate (`expand=contract,contract.amount`)",INVENTORY-ONLY unless explicitly reverified in README; no draft claim promoted to fact,synthetic scenario with fresh server authorization; replace PII/objects; no cached-token or provider-state import
candidate-mobile,MOB-FO-45,docs/parity/ui-journeys/candidate-mobile.md:170,`university`,Candidate can create arbitrary universities by name,INVENTORY-ONLY unless explicitly reverified in README; no draft claim promoted to fact,synthetic scenario with fresh server authorization; replace PII/objects; no cached-token or provider-state import
candidate-mobile,MOB-FO-46,docs/parity/ui-journeys/candidate-mobile.md:171,repo,"Signing material and CI credentials committed: release keystore (+password in README), `private_key.pepk`, Google Play service-account JSON, `google-services.json`",INVENTORY-ONLY unless explicitly reverified in README; no draft claim promoted to fact,synthetic scenario with fresh server authorization; replace PII/objects; no cached-token or provider-state import
candidate-web,CAND-FO-01,docs/parity/ui-journeys/candidate-web.md:142,"`/jobs`, `/jobs/:id` (RC-F1)","**No client-side eligibility filtering either.** The job card and detail page merely *display* `gender`, `available_from/to`, `hours_per_day`; `min_age`/`max_age` are in the model but never rendered or filtered. Ineligible jobs are visible and applicable.",INVENTORY-ONLY unless explicitly reverified in README; no draft claim promoted to fact,synthetic scenario with fresh server authorization; replace PII/objects; no cached-token or provider-state import
candidate-web,CAND-FO-02,docs/parity/ui-journeys/candidate-web.md:143,`/jobs/:id` apply modal (RC-F2),"Duplicate-apply guard is UI-only: ""Show Interest"" hidden when `job.jobInterest` is set; ""No Longer Available""/""Closed""/""Draft"" badges are labels, the button still renders for a closed job.",INVENTORY-ONLY unless explicitly reverified in README; no draft claim promoted to fact,synthetic scenario with fresh server authorization; replace PII/objects; no cached-token or provider-state import
candidate-web,CAND-FO-03,docs/parity/ui-journeys/candidate-web.md:144,`/request/:id` apply,"""Apply"" hidden when `request.candidateApplication` exists.",INVENTORY-ONLY unless explicitly reverified in README; no draft claim promoted to fact,synthetic scenario with fresh server authorization; replace PII/objects; no cached-token or provider-state import
candidate-web,CAND-FO-04,docs/parity/ui-journeys/candidate-web.md:145,`/jobs/:id`,`seen_at` timestamp is generated on the client at page open and posted with the application.,INVENTORY-ONLY unless explicitly reverified in README; no draft claim promoted to fact,synthetic scenario with fresh server authorization; replace PII/objects; no cached-token or provider-state import
candidate-web,CAND-FO-05,docs/parity/ui-journeys/candidate-web.md:146,"Apply modal, feedback modal, appeal modal",Required free-text `reason`/`notes` (min 1 char) enforced by zod / RHF `required`.,INVENTORY-ONLY unless explicitly reverified in README; no draft claim promoted to fact,synthetic scenario with fresh server authorization; replace PII/objects; no cached-token or provider-state import
candidate-web,CAND-FO-06,docs/parity/ui-journeys/candidate-web.md:147,`/invitation/:id` (state machine),"Client decides which transitions are offered: Accept/Reject only if `request_status ∈ {started, re_work, finished_by_recruitment}` and `invitation_status===1`; ""You didn't apply""/""rejected""/""applied"" variants for `delivered`/`cancelled`. The target status (2 reject / 3 accept) is chosen client-side and mapped to two endpoints.",INVENTORY-ONLY unless explicitly reverified in README; no draft claim promoted to fact,synthetic scenario with fresh server authorization; replace PII/objects; no cached-token or provider-state import
candidate-web,CAND-FO-07,docs/parity/ui-journeys/candidate-web.md:148,`/invitation` list card,"Status copy (""New Job Invitation!"", ""shortlisted by Client"" when `suggestion.suggestion_status`, etc.) derived on the client from `request_status` × `invitation_status` × `suggestion`.",INVENTORY-ONLY unless explicitly reverified in README; no draft claim promoted to fact,synthetic scenario with fresh server authorization; replace PII/objects; no cached-token or provider-state import
candidate-web,CAND-FO-08,docs/parity/ui-journeys/candidate-web.md:149,"`/invitation/:id`, `/request/:id`, `/interview`, company popover","`request_job_description`, `request_compensation`, `note_text`, `interview_note`, `company_description_*` rendered with `dangerouslySetInnerHTML` (18 sites total).",INVENTORY-ONLY unless explicitly reverified in README; no draft claim promoted to fact,synthetic scenario with fresh server authorization; replace PII/objects; no cached-token or provider-state import
candidate-web,CAND-FO-09,docs/parity/ui-journeys/candidate-web.md:150,`/work-log/track-work` clock in/out (WK-03/04),"Geolocation is *required by the UI*: if `Geolocation.getCurrentPosition()` fails, nothing is sent (silent no-op, no error). Home's `WorkingCounter` uses `navigator.geolocation` with `timeout:5000, maximumAge:1200, enableHighAccuracy:false` and shows ""Location permission required"". No geofence/distance check anywhere on the client.",INVENTORY-ONLY unless explicitly reverified in README; no draft claim promoted to fact,synthetic scenario with fresh server authorization; replace PII/objects; no cached-token or provider-state import
candidate-web,CAND-FO-10,docs/parity/ui-journeys/candidate-web.md:151,Clock-out (WK-F1),Client sends only the stop coordinates; it has no way to preserve the start location.,INVENTORY-ONLY unless explicitly reverified in README; no draft claim promoted to fact,synthetic scenario with fresh server authorization; replace PII/objects; no cached-token or provider-state import
candidate-web,CAND-FO-11,docs/parity/ui-journeys/candidate-web.md:152,Clock-in/out time source,"Timer shows elapsed time from `start_time` interpreted as `GMT+03:00` (Kuwait) regardless of device zone; ""current time"" header uses device clock. No skew handling.",INVENTORY-ONLY unless explicitly reverified in README; no draft claim promoted to fact,synthetic scenario with fresh server authorization; replace PII/objects; no cached-token or provider-state import
candidate-web,CAND-FO-12,docs/parity/ui-journeys/candidate-web.md:153,"Manual log modal (`/work-log/track-work` → ""Manual Logging"")","Zod: `start_time`, `end_time`, `note` required; `date` ≤ today. The `start < end` refine is **commented out**; date is sent as `toISOString()` (UTC) so a local-midnight date can shift to the previous day for UTC+3 users. Submit button is not disabled on invalid form (`todo`).",INVENTORY-ONLY unless explicitly reverified in README; no draft claim promoted to fact,synthetic scenario with fresh server authorization; replace PII/objects; no cached-token or provider-state import
candidate-web,CAND-FO-13,docs/parity/ui-journeys/candidate-web.md:154,Session/appeal state machine (WK-11),"Client offers ""Submit an Appeal"" only for `status===2` (rejected) sessions with no existing appeal; status labels 0/1/2 (pending/approved/rejected) and appeal 10/1/2/3 (submitted/awaiting/in-progress/resolved) are hard-coded.",INVENTORY-ONLY unless explicitly reverified in README; no draft claim promoted to fact,synthetic scenario with fresh server authorization; replace PII/objects; no cached-token or provider-state import
candidate-web,CAND-FO-14,docs/parity/ui-journeys/candidate-web.md:155,`/interview` (RC-F6),UI renders only `interview.interview_note`; `internal_note` is never displayed — but it is in the TypeScript model and **is present in the API payload**.,INVENTORY-ONLY unless explicitly reverified in README; no draft claim promoted to fact,synthetic scenario with fresh server authorization; replace PII/objects; no cached-token or provider-state import
candidate-web,CAND-FO-15,docs/parity/ui-journeys/candidate-web.md:156,"`/home`, `/profile` (profile completeness)","Client has its own completeness algorithm (`getNextRouteToCompleteProfile`) that decides the next onboarding step: requires `candidate_intro`, `candidate_preferred_time`; does **not** require civil photos, civil expiry, `candidate_mom_kuwaiti`, `candidate_uid`. Home also has a dead legacy `pendingField` switch (unreachable after the early `router.push`).",INVENTORY-ONLY unless explicitly reverified in README; no draft claim promoted to fact,synthetic scenario with fresh server authorization; replace PII/objects; no cached-token or provider-state import
candidate-web,CAND-FO-16,docs/parity/ui-journeys/candidate-web.md:157,`/name`,"Zod: both names required, max 200, must contain ≥2 space-separated parts; duplicated imperative check on submit. Names on sign-up are held in Redux and posted with `/auth/register`.",INVENTORY-ONLY unless explicitly reverified in README; no draft claim promoted to fact,synthetic scenario with fresh server authorization; replace PII/objects; no cached-token or provider-state import
candidate-web,CAND-FO-17,docs/parity/ui-journeys/candidate-web.md:158,`/dob`,Zod: age 16–25 computed on the device; date sent as ISO UTC string.,INVENTORY-ONLY unless explicitly reverified in README; no draft claim promoted to fact,synthetic scenario with fresh server authorization; replace PII/objects; no cached-token or provider-state import
candidate-web,CAND-FO-18,docs/parity/ui-journeys/candidate-web.md:159,`/civil-id` (PD-24/25),"Zod: front+back photo keys required, civil id min 1 char, expiry ≥ today and ≤ +10 years. **Civil ID photos are displayed from the public permanent bucket URL** (`VITE_PERMANENT_BUCKET_URL + 'photos/' + key`). Uploading a new photo clears id/expiry client-side (server does the same).",INVENTORY-ONLY unless explicitly reverified in README; no draft claim promoted to fact,synthetic scenario with fresh server authorization; replace PII/objects; no cached-token or provider-state import
candidate-web,CAND-FO-19,docs/parity/ui-journeys/candidate-web.md:160,"`/personal-photo`, `/video`, `/civil-id` uploads (OP-05, SHU-134)","Client fetches `GET /aws/config` → `{region,key,secret,bucket}` and instantiates an S3 client **with a static access key + secret in the browser**; uploads with `ACL: public-read` to a bucket name hard-coded in Redux initial state (`studenthub-public-anyone-can-upload-24hr-expiry`); also does `HeadObject` on the *permanent* bucket with the same credentials. Personal photo: `.dng` and >10 MB rejected client-side; video ≤30 s client-side; no size/type check for civil ID or resume.",INVENTORY-ONLY unless explicitly reverified in README; no draft claim promoted to fact,synthetic scenario with fresh server authorization; replace PII/objects; no cached-token or provider-state import
candidate-web,CAND-FO-20,docs/parity/ui-journeys/candidate-web.md:161,`/bank` (PD-27),Zod: beneficiary name and IBAN min 1; client strips a `.` from the name and trims. No IBAN format check.,INVENTORY-ONLY unless explicitly reverified in README; no draft claim promoted to fact,synthetic scenario with fresh server authorization; replace PII/objects; no cached-token or provider-state import
candidate-web,CAND-FO-21,docs/parity/ui-journeys/candidate-web.md:162,`/change-password`,Zod min 1 for both fields.,INVENTORY-ONLY unless explicitly reverified in README; no draft claim promoted to fact,synthetic scenario with fresh server authorization; replace PII/objects; no cached-token or provider-state import
candidate-web,CAND-FO-22,docs/parity/ui-journeys/candidate-web.md:163,"`/login`, `/login-two-step`, `/forgot-password`, `/email`, `/verify-email` (reCAPTCHA)",reCAPTCHA v3 executed client-side with a hard-coded site key and the token sent as a header/body param.,INVENTORY-ONLY unless explicitly reverified in README; no draft claim promoted to fact,synthetic scenario with fresh server authorization; replace PII/objects; no cached-token or provider-state import
candidate-web,CAND-FO-23,docs/parity/ui-journeys/candidate-web.md:164,`/login`,Login attempt counter (>2 failures changes the alert copy) lives in component state.,INVENTORY-ONLY unless explicitly reverified in README; no draft claim promoted to fact,synthetic scenario with fresh server authorization; replace PII/objects; no cached-token or provider-state import
candidate-web,CAND-FO-24,docs/parity/ui-journeys/candidate-web.md:165,`/login` two-step,Client decides to route to OTP when `res.token_status == 0`; the inactive token is placed in the URL.,INVENTORY-ONLY unless explicitly reverified in README; no draft claim promoted to fact,synthetic scenario with fresh server authorization; replace PII/objects; no cached-token or provider-state import
candidate-web,CAND-FO-25,docs/parity/ui-journeys/candidate-web.md:166,`PrivateRoute` guard,Auth gate = `state.auth.isAuthenticated` boolean read from localStorage; no token expiry/validity check until an API call returns 401.,INVENTORY-ONLY unless explicitly reverified in README; no draft claim promoted to fact,synthetic scenario with fresh server authorization; replace PII/objects; no cached-token or provider-state import
candidate-web,CAND-FO-26,docs/parity/ui-journeys/candidate-web.md:167,Whole app (token storage),"Bearer token, unverified token, and the **entire candidate profile** (IBAN, civil id number, civil photo keys, phone, birth date, coordinates, `enable_two_step_auth`) are persisted in `localStorage['state']` and survive tab/browser restarts; `logout` reducer nulls the token but the profile object remains in storage until overwritten.",INVENTORY-ONLY unless explicitly reverified in README; no draft claim promoted to fact,synthetic scenario with fresh server authorization; replace PII/objects; no cached-token or provider-state import
candidate-web,CAND-FO-27,docs/parity/ui-journeys/candidate-web.md:168,"`/profile` ⋮ menu, `AccountStatus`, `JobSearchStatus` (PD-14)","""I don't want a job anymore"" shown only when `!user.store && candidate_job_search_status != 0`; toggles 0↔1 optimistically.",INVENTORY-ONLY unless explicitly reverified in README; no draft claim promoted to fact,synthetic scenario with fresh server authorization; replace PII/objects; no cached-token or provider-state import
candidate-web,CAND-FO-28,docs/parity/ui-journeys/candidate-web.md:169,"Navigation ""Track"" tab, home Track button",Shown only when `user.store_id` (client-side assignment check).,INVENTORY-ONLY unless explicitly reverified in README; no draft claim promoted to fact,synthetic scenario with fresh server authorization; replace PII/objects; no cached-token or provider-state import
candidate-web,CAND-FO-29,docs/parity/ui-journeys/candidate-web.md:170,"`/wallet`, `/payments` (FI-12, FI-18)","Debit/credit derived from sign of `amount`; currency label hard-coded `KWD`; `Balance` header ignored; salary hours×rate rendered from server fields, no client arithmetic.",INVENTORY-ONLY unless explicitly reverified in README; no draft claim promoted to fact,synthetic scenario with fresh server authorization; replace PII/objects; no cached-token or provider-state import
candidate-web,CAND-FO-30,docs/parity/ui-journeys/candidate-web.md:171,`/profile` → Delete Profile (PD-29),"Ionic confirm alert, then `DELETE /account/remove-candidate-profile`; **no password re-entry** even though `validatePassword` exists in the service layer; local logout afterwards.",INVENTORY-ONLY unless explicitly reverified in README; no draft claim promoted to fact,synthetic scenario with fresh server authorization; replace PII/objects; no cached-token or provider-state import
candidate-web,CAND-FO-31,docs/parity/ui-journeys/candidate-web.md:172,`/profile` ⋮ menu two-step toggle,Single click toggles 2FA with no confirmation or password.,INVENTORY-ONLY unless explicitly reverified in README; no draft claim promoted to fact,synthetic scenario with fresh server authorization; replace PII/objects; no cached-token or provider-state import
candidate-web,CAND-FO-32,docs/parity/ui-journeys/candidate-web.md:173,`DashLayout` / `init.ts` polling,"`GET /chats/unread-count` every **3 s** for every logged-in tab (comment says ""every minute""); `GET /invitations?count=1` every 30 s; video status every 3 s while unprocessed; `/no-internet` checks every 1 s. Unread-count `operation=='error'` triggers a full logout.",INVENTORY-ONLY unless explicitly reverified in README; no draft claim promoted to fact,synthetic scenario with fresh server authorization; replace PII/objects; no cached-token or provider-state import
candidate-web,CAND-FO-33,docs/parity/ui-journeys/candidate-web.md:174,`/change-password`,"**Wrong endpoint**: the form posts `{oldPassword,newPassword}` to `POST /account/update-profile-url` (`updateProfileUrl`), which sets `profile_url` to `null` (body key `url` absent) and returns success → navigates to `/profile`. The password is never changed and the profile URL is wiped.",INVENTORY-ONLY unless explicitly reverified in README; no draft claim promoted to fact,synthetic scenario with fresh server authorization; replace PII/objects; no cached-token or provider-state import
candidate-web,CAND-FO-34,docs/parity/ui-journeys/candidate-web.md:175,`/request/:id`,Apply handler destructures `{ data }` from a body that is already unwrapped → `TypeError`; the request-apply journey is unusable from this screen (and the screen is unreachable from navigation).,INVENTORY-ONLY unless explicitly reverified in README; no draft claim promoted to fact,synthetic scenario with fresh server authorization; replace PII/objects; no cached-token or provider-state import
candidate-web,CAND-FO-35,docs/parity/ui-journeys/candidate-web.md:176,"`/interview/:id`, `/discounts/:id`, `/contact`, `/complete`, `/personal-info-complete`, `/education-complete`","Screens with no backend route behind them: two are literal stubs (""Page"", ""Discounts Page""), four are static interstitials. `AccountStatus` pushes `/company/{id}`, a route that does not exist (falls to `/home`).",INVENTORY-ONLY unless explicitly reverified in README; no draft claim promoted to fact,synthetic scenario with fresh server authorization; replace PII/objects; no cached-token or provider-state import
candidate-web,CAND-FO-36,docs/parity/ui-journeys/candidate-web.md:177,Language toggle / i18n,"Language is stored only in Redux/localStorage and sent as a `Language` header; `POST /account/language-pref` is never called, so `candidate_language_pref` (used by server mail/SMS) drifts from the UI. Default language is Arabic (`initialState.language = ""ar""`); `<html dir>` flipped client-side. `en/translation.json` has 56 keys vs 822 in `ar`; of 542 `t()` keys used, 42 have no Arabic entry (English shown in the Arabic UI), and 505 have no English entry (falls back to the key text, which is English).",INVENTORY-ONLY unless explicitly reverified in README; no draft claim promoted to fact,synthetic scenario with fresh server authorization; replace PII/objects; no cached-token or provider-state import
candidate-web,CAND-FO-37,docs/parity/ui-journeys/candidate-web.md:178,Bundle config / keys,"Hard-coded or env-baked client keys: reCAPTCHA site key `6Lei9R4pAAAAAEJYoXxoIvP2Uu0oq8iXkCVfmy6V` (7 sites), Google OAuth client id `123188361193-od1e…` (`capacitor.config.ts:10`, `hero.tsx:100`), `VITE_GOOGLE_API_KEY=AIzaSyBSM8…` (baked into every `.env.*` but **unused in `src/`** — grep 0 hits; map lookups go through the backend `/google-map/*`), Mixpanel project tokens (prod `bfe2ac5e…`, dev `ac62dbe8…`), OneSignal app ids + Safari web id, Sentry DSN, GA `G-Q2JP5Y7ZNF`, GTM `GTM-5ZHJ48KV`, Hotjar `4968508`, Cloudinary base, S3 bucket names. **No Algolia key** in this app (grep 0). AWS temp credentials are fetched at runtime (CAND-FO-19).",INVENTORY-ONLY unless explicitly reverified in README; no draft claim promoted to fact,synthetic scenario with fresh server authorization; replace PII/objects; no cached-token or provider-state import
candidate-web,CAND-FO-38,docs/parity/ui-journeys/candidate-web.md:179,Repository hygiene (secrets committed),"The repo commits: Android release keystore `android-release.keystore`, Play upload key `private_key.pepk`, Google service-account JSON with private key `fastlane/fastlane-studenthub-842a2f5e1519.json` (`service-fastlane@fastlane-studenthub.iam.gserviceaccount.com`), an unencrypted TLS private key `ssl/private-key.pem` + `ssl/certificate.pem` + `ssl/test_cert.pfx`, a Sentry auth token in `.sentryclirc`, and a Redis dump `dump.rdb`. `.gitignore` does not exclude any of them.",INVENTORY-ONLY unless explicitly reverified in README; no draft claim promoted to fact,synthetic scenario with fresh server authorization; replace PII/objects; no cached-token or provider-state import
candidate-web,CAND-FO-39,docs/parity/ui-journeys/candidate-web.md:180,Analytics fan-out from the client,"Mixpanel `identify` with candidate id/name/email on login; OneSignal tags `candidate_id`, `name`, `email`; every page view to Mixpanel + gtag; Sentry session replay 10 % / 100 % on error, `tracesSampleRate: 1.0`; Hotjar recording. UTM parameters forwarded to Mixpanel and to `PATCH /campaigns/click/{utm_id}`.",INVENTORY-ONLY unless explicitly reverified in README; no draft claim promoted to fact,synthetic scenario with fresh server authorization; replace PII/objects; no cached-token or provider-state import
candidate-web,CAND-FO-40,docs/parity/ui-journeys/candidate-web.md:181,Offline / retry / persistence,"No request queue, no retry, no service-worker API caching (PWA `autoUpdate` precaches static assets only, `vite.config.ts:62-65`). Offline detection = axios network error → `/no-internet` page; on reconnect pushes `/` (state of an in-flight clock-in/out is lost). Timer relies on device clock vs server-stamped `start_time` (GMT+3 assumed). Pull-to-refresh handlers exist but are wired to nothing.",INVENTORY-ONLY unless explicitly reverified in README; no draft claim promoted to fact,synthetic scenario with fresh server authorization; replace PII/objects; no cached-token or provider-state import
candidate-web,CAND-FO-41,docs/parity/ui-journeys/candidate-web.md:182,Chat read state / ordering,Client merges `messages` + `new-messages` and sorts by `message_index`; marks the whole chat read on view and on each new message from the other side.,INVENTORY-ONLY unless explicitly reverified in README; no draft claim promoted to fact,synthetic scenario with fresh server authorization; replace PII/objects; no cached-token or provider-state import
candidate-web,CAND-FO-42,docs/parity/ui-journeys/candidate-web.md:183,Activity feed,Notification types 0–11 mapped to eleven React components; text comes pre-rendered from the server. `markAllRead` blanks the list then re-renders after 10 ms.,INVENTORY-ONLY unless explicitly reverified in README; no draft claim promoted to fact,synthetic scenario with fresh server authorization; replace PII/objects; no cached-token or provider-state import
candidate-web,CAND-FO-43,docs/parity/ui-journeys/candidate-web.md:184,`/profile` work vs. current assignments,"Client splits work history into ""current"" (`end_date == null`) and past; ""now"" label if no end date.",INVENTORY-ONLY unless explicitly reverified in README; no draft claim promoted to fact,synthetic scenario with fresh server authorization; replace PII/objects; no cached-token or provider-state import
candidate-web,CAND-FO-44,docs/parity/ui-journeys/candidate-web.md:185,"`/educations`, `/experience`","Rich zod schema: `education_type` enum (`standard`,`custom_university`,`studying_abroad`,`not_studying`), conditional university/degree/major/custom fields, graduation year rules; experience years 1900..current, employer/experience required.",INVENTORY-ONLY unless explicitly reverified in README; no draft claim promoted to fact,synthetic scenario with fresh server authorization; replace PII/objects; no cached-token or provider-state import
candidate-web,CAND-FO-45,docs/parity/ui-journeys/candidate-web.md:186,`/nationality`,"Defaults nationality to Kuwait (`country_id=84`) and ""mother is Kuwaiti""=1 before the user chooses.",INVENTORY-ONLY unless explicitly reverified in README; no draft claim promoted to fact,synthetic scenario with fresh server authorization; replace PII/objects; no cached-token or provider-state import
candidate-web,CAND-FO-46,docs/parity/ui-journeys/candidate-web.md:187,Sign-up flow `/name` → `/email`,Account is created only at `/email` (`POST /auth/register` with names from Redux + password + `utm_uuid`); every later onboarding page is a public `<Route>` that works only because it calls `profile()` with whatever token is in localStorage.,INVENTORY-ONLY unless explicitly reverified in README; no draft claim promoted to fact,synthetic scenario with fresh server authorization; replace PII/objects; no cached-token or provider-state import
candidate-web,CAND-FO-47,docs/parity/ui-journeys/candidate-web.md:188,Impersonation landing,`/landing?auth_key=XXXX` exchanges a 4-char key for a full session (`POST /auth/login-by-key`) and stores it like a normal login; no UI indication that the session is impersonated.,INVENTORY-ONLY unless explicitly reverified in README; no draft claim promoted to fact,synthetic scenario with fresh server authorization; replace PII/objects; no cached-token or provider-state import
candidate-web,CAND-FO-48,docs/parity/ui-journeys/candidate-web.md:189,Capacitor/mobile paths,"Only two native plugins are used at runtime: `@capacitor/geolocation` (track-work, area) and `@codetrix-studio/capacitor-google-auth` (landing). `@capacitor/filesystem` PDF save path is commented out (`AxiosService.ts:134-140`, `utils/common.ts:170-187`) so certificate PDFs use `file-saver` (may not work in a WebView). Cordova `config.xml` (`io.ionic.starter`, `<access origin=""*""/>`) is a stale artefact alongside Capacitor. Sentry uses `@sentry/capacitor`.",INVENTORY-ONLY unless explicitly reverified in README; no draft claim promoted to fact,synthetic scenario with fresh server authorization; replace PII/objects; no cached-token or provider-state import
employer,EMP-FO-01,docs/parity/ui-journeys/employer.md:109,`/login`,"reCAPTCHA v3 executed in browser and sent as `g-recaptcha-response`; login attempts counter (>2 → ""contact us"" alert)",INVENTORY-ONLY unless explicitly reverified in README; no draft claim promoted to fact,synthetic scenario with fresh server authorization; replace PII/objects; no cached-token or provider-state import
employer,EMP-FO-02,docs/parity/ui-journeys/employer.md:110,`/register`,"Client validation: `name`, `company_name`, `phone_number`, `email` (regex `CustomValidator.emailValidator`), `country_id`, `currency_code` required; **password optional** (`Validators` commented); `maxlength=30` on name/company/position/phone",INVENTORY-ONLY unless explicitly reverified in README; no draft claim promoted to fact,synthetic scenario with fresh server authorization; replace PII/objects; no cached-token or provider-state import
employer,EMP-FO-03,docs/parity/ui-journeys/employer.md:111,`/register/:otp` → `/activate/...`,"Legacy invitation/activation: register pre-fills email from `GET /invitations/by-otp/<otp>` and makes it read-only; activation form requires `contact_auth_key`, `contact_email`, `company_id`, `password`, `commercial_licence` (logo optional)",INVENTORY-ONLY unless explicitly reverified in README; no draft claim promoted to fact,synthetic scenario with fresh server authorization; replace PII/objects; no cached-token or provider-state import
employer,EMP-FO-04,docs/parity/ui-journeys/employer.md:112,app bootstrap / side menu,"Multi-company binding: after login the client loads `GET /companies`, picks the stored `company_id` or silently falls back to `companies[0]`, and switches org by rewriting `Company-ID` header + `Preferences`",INVENTORY-ONLY unless explicitly reverified in README; no draft claim promoted to fact,synthetic scenario with fresh server authorization; replace PII/objects; no cached-token or provider-state import
employer,EMP-FO-05,docs/parity/ui-journeys/employer.md:113,`/company-contacts` (Team),"Access flag rendered only as a badge `allow_access && !contact_email` (""Login email need to update""); no UI to set/revoke `allow_access`",INVENTORY-ONLY unless explicitly reverified in README; no draft claim promoted to fact,synthetic scenario with fresh server authorization; replace PII/objects; no cached-token or provider-state import
employer,EMP-FO-06,docs/parity/ui-journeys/employer.md:114,`/company-contacts`,Remove member: confirm dialog then `DELETE /company-contacts/<uuid>`; any member sees the action,INVENTORY-ONLY unless explicitly reverified in README; no draft claim promoted to fact,synthetic scenario with fresh server authorization; replace PII/objects; no cached-token or provider-state import
employer,EMP-FO-07,docs/parity/ui-journeys/employer.md:115,Team → invite modal,Role vocabulary `Owner/HR/Finance/Other` chosen client-side and sent as free text; email format validated client-side,INVENTORY-ONLY unless explicitly reverified in README; no draft claim promoted to fact,synthetic scenario with fresh server authorization; replace PII/objects; no cached-token or provider-state import
employer,EMP-FO-08,docs/parity/ui-journeys/employer.md:116,`/company-edit`,"Client requires `name`, `common_name_en`, `common_name_ar`, `country_id`, `currency_code`; email/website free text; save disabled unless `form.dirty && form.valid`. Logo/licence upload absent",INVENTORY-ONLY unless explicitly reverified in README; no draft claim promoted to fact,synthetic scenario with fresh server authorization; replace PII/objects; no cached-token or provider-state import
employer,EMP-FO-09,docs/parity/ui-journeys/employer.md:117,"`/view/staff`, `/store-view`, `/work-log-list`, `/candidate-assignment`","Store manager assignment: client offers ""Request to remove"" (store_id null) / ""Change store"" / ""Cancel request"" and hides the first two while `storeAssignmentRequest` exists",INVENTORY-ONLY unless explicitly reverified in README; no draft claim promoted to fact,synthetic scenario with fresh server authorization; replace PII/objects; no cached-token or provider-state import
employer,EMP-FO-10,docs/parity/ui-journeys/employer.md:118,`/request-form`,"Client requires `position_type`, `position_title`, `number_of_employees`, `job_description`, `compensation`; `gender` radio (0/1/2/3) and `nationality_id` optional; skills array",INVENTORY-ONLY unless explicitly reverified in README; no draft claim promoted to fact,synthetic scenario with fresh server authorization; replace PII/objects; no cached-token or provider-state import
employer,EMP-FO-11,docs/parity/ui-journeys/employer.md:119,`/view/requests`,"Request status vocabulary hard-coded client-side (`pending, started, finished_by_recruitment, re_work, delivered, cancelled`) and used as query filter + segment",INVENTORY-ONLY unless explicitly reverified in README; no draft claim promoted to fact,synthetic scenario with fresh server authorization; replace PII/objects; no cached-token or provider-state import
employer,EMP-FO-12,docs/parity/ui-journeys/employer.md:120,`/request-view`,Client-side state machine remnants: `cancelledRequest()` / `deliveredRequest()` set `request_status = 'cancelled' / 'delivered'` after `PATCH cancel,INVENTORY-ONLY unless explicitly reverified in README; no draft claim promoted to fact,synthetic scenario with fresh server authorization; replace PII/objects; no cached-token or provider-state import
employer,EMP-FO-13,docs/parity/ui-journeys/employer.md:121,`/request-view`,Client polls `GET /requests/is-request-updated/<uuid>` and prompts to reload; suggestions grouped client-side by `suggestion_status` 1/2/3,INVENTORY-ONLY unless explicitly reverified in README; no draft claim promoted to fact,synthetic scenario with fresh server authorization; replace PII/objects; no cached-token or provider-state import
employer,EMP-FO-14,docs/parity/ui-journeys/employer.md:122,suggestion card,Accept/reject require a reason in the prompt; client sets `suggestion_status` 3/2 locally,INVENTORY-ONLY unless explicitly reverified in README; no draft claim promoted to fact,synthetic scenario with fresh server authorization; replace PII/objects; no cached-token or provider-state import
employer,EMP-FO-15,docs/parity/ui-journeys/employer.md:123,candidate view → `InvitePage`,Invite blocked client-side unless `company.company_approved_to_hire`; request picker lists only `GET /requests/active`,INVENTORY-ONLY unless explicitly reverified in README; no draft claim promoted to fact,synthetic scenario with fresh server authorization; replace PII/objects; no cached-token or provider-state import
employer,EMP-FO-16,docs/parity/ui-journeys/employer.md:124,`RequestInterviewPage`,`interview_at` min = today via `ion-datetime [min]`; `internal_note` **required**; date formatted client-side to `yyyy-MM-dd HH:mm:ss` (browser TZ),INVENTORY-ONLY unless explicitly reverified in README; no draft claim promoted to fact,synthetic scenario with fresh server authorization; replace PII/objects; no cached-token or provider-state import
employer,EMP-FO-17,docs/parity/ui-journeys/employer.md:125,`/request-form`,"**Criteria UI absent**: no `min_age`, `max_age`, `availability` controls; only `gender` + `nationality_id` badges/inputs. Job listings (staff `JobController`) are not surfaced in this app",INVENTORY-ONLY unless explicitly reverified in README; no draft claim promoted to fact,synthetic scenario with fresh server authorization; replace PII/objects; no cached-token or provider-state import
employer,EMP-FO-18,docs/parity/ui-journeys/employer.md:126,`CandidateSearchPage` (unrouted),"Algolia secured key fetched from `GET /algolia/key`, cached in memory until `securedApiKeyValidUntil`, refreshed on HTTP 400; search runs browser→Algolia with `environment.algoliaCandidateIndex`; default client filters (`assigned=0 AND candidate_committed=""Yes""`) are commented out, facets `candidate_gender`, `candidate_birth_timestamp`, `candidate_driving_license`, `have_video`, `have_resume`, `candidate_committed`, `bank.bank_name`, `currentLocations.en`, `country.country_name_en`, `candidate_mom_kuwaiti`, skills…",INVENTORY-ONLY unless explicitly reverified in README; no draft claim promoted to fact,synthetic scenario with fresh server authorization; replace PII/objects; no cached-token or provider-state import
employer,EMP-FO-19,docs/parity/ui-journeys/employer.md:127,`/candidate-view`,"Employer projection rendered: name (en/ar), photo, birth date, age pipe, gender, nationality, area/country, university, driving licence, objective, job-search status, skills, experiences, **intro video (S3 public URL)**, **resume link (S3 public URL)**, **civil ID number + expiry + front/back photos (S3 `photos/` public URL)**",INVENTORY-ONLY unless explicitly reverified in README; no draft claim promoted to fact,synthetic scenario with fresh server authorization; replace PII/objects; no cached-token or provider-state import
employer,EMP-FO-20,docs/parity/ui-journeys/employer.md:128,`/candidate-view`,Civil-ID block shown only when `candidate.company.company_id == auth.company_id,INVENTORY-ONLY unless explicitly reverified in README; no draft claim promoted to fact,synthetic scenario with fresh server authorization; replace PII/objects; no cached-token or provider-state import
employer,EMP-FO-21,docs/parity/ui-journeys/employer.md:129,"`/candidate-view`, list cards",Coordinates (`candidate_latitude/longitude`) are typed in the model but never rendered; no map,INVENTORY-ONLY unless explicitly reverified in README; no draft claim promoted to fact,synthetic scenario with fresh server authorization; replace PII/objects; no cached-token or provider-state import
employer,EMP-FO-22,docs/parity/ui-journeys/employer.md:130,work-log pages,"Session/day status vocabulary (0 pending, 1 approved, 2 rejected) hard-coded in templates and filters; approve sets `status:1`, reject `status:2`, undo sets local `status=0`",INVENTORY-ONLY unless explicitly reverified in README; no draft claim promoted to fact,synthetic scenario with fresh server authorization; replace PII/objects; no cached-token or provider-state import
employer,EMP-FO-23,docs/parity/ui-journeys/employer.md:131,approve modal,`rating` 1–5 **required** client-side; `is_public` defaults `true`; note optional,INVENTORY-ONLY unless explicitly reverified in README; no draft claim promoted to fact,synthetic scenario with fresh server authorization; replace PII/objects; no cached-token or provider-state import
employer,EMP-FO-24,docs/parity/ui-journeys/employer.md:132,reject modal,Reason chip vocabulary (`Logs are wrong / Student is absent / Bad attitude / Student was late`) required client-side,INVENTORY-ONLY unless explicitly reverified in README; no draft claim promoted to fact,synthetic scenario with fresh server authorization; replace PII/objects; no cached-token or provider-state import
employer,EMP-FO-25,docs/parity/ui-journeys/employer.md:133,single-session feedback,"`POST /candidate-work-log-feedbacks` body carries `candidate_id`, `store_id`, `candidate_working_hour_uuid` chosen by the client",INVENTORY-ONLY unless explicitly reverified in README; no draft claim promoted to fact,synthetic scenario with fresh server authorization; replace PII/objects; no cached-token or provider-state import
employer,EMP-FO-26,docs/parity/ui-journeys/employer.md:134,"`/work-log-list`, `/log-hour-list`","Totals/health indicators (pending/approved/rejected counts, `total_time` → h:m via `secondsToTime`) come from server payload; ""Today's total time/amount"" from `work-log-stats`. No client summation. Month-end confirmation (WK-16) has **no UI** in this app",INVENTORY-ONLY unless explicitly reverified in README; no draft claim promoted to fact,synthetic scenario with fresh server authorization; replace PII/objects; no cached-token or provider-state import
employer,EMP-FO-27,docs/parity/ui-journeys/employer.md:135,`/transfer-form`,Client computes transfer total: `hours*rate + minutes*rate/60 + seconds*rate/3600 + bonus (+transfer_cost)` in floating point; override of contract amount clamped to `contract_company_total`; soft warnings when hours == 0 or > 180; `min=0` on inputs; `minutes/seconds > 59` flagged,INVENTORY-ONLY unless explicitly reverified in README; no draft claim promoted to fact,synthetic scenario with fresh server authorization; replace PII/objects; no cached-token or provider-state import
employer,EMP-FO-28,docs/parity/ui-journeys/employer.md:136,`/transfer-view`,Action buttons gated on `transfer_status` (10 draft: delete/cancel/edit/import/lock; 5 locked: payment sent); invoices split into paid/unpaid client-side,INVENTORY-ONLY unless explicitly reverified in README; no draft claim promoted to fact,synthetic scenario with fresh server authorization; replace PII/objects; no cached-token or provider-state import
employer,EMP-FO-29,docs/parity/ui-journeys/employer.md:137,"`/transfer-form-fixed`, `/transfer-form-monthly`","Screens exist and are navigated to for FIXED_PRICE / MONTHLY_SALARY contracts but render placeholder templates (no form, no endpoint)",INVENTORY-ONLY unless explicitly reverified in README; no draft claim promoted to fact,synthetic scenario with fresh server authorization; replace PII/objects; no cached-token or provider-state import
employer,EMP-FO-30,docs/parity/ui-journeys/employer.md:138,"`/import-transfer-form`, activate page, `ImageUploadComponent`","Client-held AWS creds: `GET /aws/config` returns `{region,key,secret,bucket}` which the browser loads into `AWS.config` and uses to `PUT` with `ACL: public-read` to `studenthub-public-anyone-can-upload-24hr-expiry`; 18 MB client cap; bucket/cloudinary base URLs hard-coded per env",INVENTORY-ONLY unless explicitly reverified in README; no draft claim promoted to fact,synthetic scenario with fresh server authorization; replace PII/objects; no cached-token or provider-state import
employer,EMP-FO-31,docs/parity/ui-journeys/employer.md:139,app-wide,"Other client-held config: Auth0 `domain bawes.us.auth0.com` + `clientId sDIOpy1be7Y59ocKoXxHVL5euFNdJN3e` (`app.module.ts:57-58`); reCAPTCHA site key and Segment write key in `index.html:30,34`; Mixpanel keys per env; Sentry DSN (`environment.prod.ts:4`); Apple sign-in `clientId 'co.studenthub.candidate'` with `redirectURI http://localhost:8100/landing` (`auth.service.ts:246-247`)",INVENTORY-ONLY unless explicitly reverified in README; no draft claim promoted to fact,synthetic scenario with fresh server authorization; replace PII/objects; no cached-token or provider-state import
employer,EMP-FO-32,docs/parity/ui-journeys/employer.md:140,app-wide,"Polling: `GET /requests/count` every 10 s while logged in (`app.component.ts:229-232,274-276`); chat view `new-messages` every 5 s (`chat-view.page.ts:181`); email-verification `is-email-verified` interval (`verify-email.page.ts:178`). Unread-count polling (`alertSubscribe`, 1 s) is commented out (`app.component.ts:140-145,256-258,524-532`)",INVENTORY-ONLY unless explicitly reverified in README; no draft claim promoted to fact,synthetic scenario with fresh server authorization; replace PII/objects; no cached-token or provider-state import
employer,EMP-FO-33,docs/parity/ui-journeys/employer.md:141,app-wide,"Local persistence (Capacitor Preferences): `loggedInCompany` (bearer token + company id in plain JSON), `unVerifiedToken`, `currentLocation`, `language_pref`, `currency_pref`, `utm_uuid`, `theme`, `appleUserDetail`; `localStorage` `utm_uuid`/`utm_id`; `Preferences.clear()` on logout except `utm_uuid`, `theme`, `cookieMessageWasApproved`",INVENTORY-ONLY unless explicitly reverified in README; no draft claim promoted to fact,synthetic scenario with fresh server authorization; replace PII/objects; no cached-token or provider-state import
employer,EMP-FO-34,docs/parity/ui-journeys/employer.md:142,app-wide,"Offline/retry: `genericRetryStrategy` retries 3× with 1 s/2 s/3 s backoff on non-400/401/404/500 errors and `navigator.onLine`; status 0/504 → `/no-internet`; no request queueing; service worker (`ngsw-config.json`) only in some envs (`serviceWorker: true` for dev, `false` for prod — `environment.prod.ts:10`)",INVENTORY-ONLY unless explicitly reverified in README; no draft claim promoted to fact,synthetic scenario with fresh server authorization; replace PII/objects; no cached-token or provider-state import
employer,EMP-FO-35,docs/parity/ui-journeys/employer.md:143,`/account`,"Notification preferences (`receive_email`, `receive_notification`) and `enable_two_step_auth` toggles; extra emails/phones arrays managed client-side (auto-add row, remove)",INVENTORY-ONLY unless explicitly reverified in README; no draft claim promoted to fact,synthetic scenario with fresh server authorization; replace PII/objects; no cached-token or provider-state import
employer,EMP-FO-36,docs/parity/ui-journeys/employer.md:144,"`/chat-list`, `/chat-view`","Chat only with candidates (`start-chat {candidate_id}`); staff participants displayed if present but no ""chat with staff""/support entry point exists in the UI; no ticket screens",INVENTORY-ONLY unless explicitly reverified in README; no draft claim promoted to fact,synthetic scenario with fresh server authorization; replace PII/objects; no cached-token or provider-state import
employer,EMP-FO-37,docs/parity/ui-journeys/employer.md:145,"`/company-edit`, `/register`","Currency preference: `currency_pref` stored client-side, sent as `Currency` header only on login/two-step/verify calls, and used as transfer default",INVENTORY-ONLY unless explicitly reverified in README; no draft claim promoted to fact,synthetic scenario with fresh server authorization; replace PII/objects; no cached-token or provider-state import
employer,EMP-FO-38,docs/parity/ui-journeys/employer.md:146,tab shell,Under-review gate: redirect to `/under-review` when `company_status_override == 9`; other routes stay reachable and every API call still succeeds,INVENTORY-ONLY unless explicitly reverified in README; no draft claim promoted to fact,synthetic scenario with fresh server authorization; replace PII/objects; no cached-token or provider-state import
employer,EMP-FO-39,docs/parity/ui-journeys/employer.md:147,app-wide,Statistics: no company statistics/revenue screens in this app (only `requestStats` counters from list headers and `work-log-stats`); `candidates/total` fetched but only displayed on transfer list,INVENTORY-ONLY unless explicitly reverified in README; no draft claim promoted to fact,synthetic scenario with fresh server authorization; replace PII/objects; no cached-token or provider-state import
employer,EMP-FO-40,docs/parity/ui-journeys/employer.md:148,Excel exports,Work-log Excel (plain/detailed/approved-only) downloaded to browser via blob; no audit,INVENTORY-ONLY unless explicitly reverified in README; no draft claim promoted to fact,synthetic scenario with fresh server authorization; replace PII/objects; no cached-token or provider-state import
employer,EMP-FO-41,docs/parity/ui-journeys/employer.md:149,i18n,"Arabic/English toggle client-side; RTL applied to `<html dir>` and duplicated `ion-menu` sides; `Language` header drives server messages; `langContent(en, ar)` picks localized company/candidate names client-side",INVENTORY-ONLY unless explicitly reverified in README; no draft claim promoted to fact,synthetic scenario with fresh server authorization; replace PII/objects; no cached-token or provider-state import
employer,EMP-FO-42,docs/parity/ui-journeys/employer.md:150,routes without guard,`/account` (`app-routing.module.ts:206-209`) and `/work-log-filter` (`:281-284`) lack `canActivate`; `/account` then calls `GET /account/view` which 401s → logout,INVENTORY-ONLY unless explicitly reverified in README; no draft claim promoted to fact,synthetic scenario with fresh server authorization; replace PII/objects; no cached-token or provider-state import
staff,STAFF-FO-01,docs/parity/ui-journeys/staff.md:142,all routes,"Route guard = ""a `loggedInStaff` record exists in Ionic Storage""; no token validation, no role/permission guard anywhere; `StoryGuard` unused",INVENTORY-ONLY unless explicitly reverified in README; no draft claim promoted to fact,synthetic scenario with fresh server authorization; replace PII/objects; no cached-token or provider-state import
staff,STAFF-FO-02,docs/parity/ui-journeys/staff.md:143,login,"Permission lists fetched post-login into memory; on fetch error the user is logged in with an empty permission map, so every gate evaluates false and the gated UI silently disappears (fail-closed, but with no error surfaced)",INVENTORY-ONLY unless explicitly reverified in README; no draft claim promoted to fact,synthetic scenario with fresh server authorization; replace PII/objects; no cached-token or provider-state import
staff,STAFF-FO-03,docs/parity/ui-journeys/staff.md:144,company-view Stats tab,`Company/company-stats` gate shows/hides revenue stats tab,INVENTORY-ONLY unless explicitly reverified in README; no draft claim promoted to fact,synthetic scenario with fresh server authorization; replace PII/objects; no cached-token or provider-state import
staff,STAFF-FO-04,docs/parity/ui-journeys/staff.md:145,company-contacts,"`Company/company-contact-login` disables the login-as button; the same login is un-gated in `company-contact-list.page.ts:141-159`, and login-as-candidate (`candidate-view.page.ts:818-834`) and login-as-store-manager (`store-view.page.ts:225-240`) have no gate at all",INVENTORY-ONLY unless explicitly reverified in README; no draft claim promoted to fact,synthetic scenario with fresh server authorization; replace PII/objects; no cached-token or provider-state import
staff,STAFF-FO-05,docs/parity/ui-journeys/staff.md:146,company-view Contracts column,`Company/company-contracts` gate,INVENTORY-ONLY unless explicitly reverified in README; no draft claim promoted to fact,synthetic scenario with fresh server authorization; replace PII/objects; no cached-token or provider-state import
staff,STAFF-FO-06,docs/parity/ui-journeys/staff.md:147,company-view Transfers column,`Company/company-transfers` gate (only for parent companies),INVENTORY-ONLY unless explicitly reverified in README; no draft claim promoted to fact,synthetic scenario with fresh server authorization; replace PII/objects; no cached-token or provider-state import
staff,STAFF-FO-07,docs/parity/ui-journeys/staff.md:148,company-view activity feed,"With `Company/company-activity` granted, notes whose text contains ""transfer"" are **hidden** (inverted semantics: having the permission removes rows)",INVENTORY-ONLY unless explicitly reverified in README; no draft claim promoted to fact,synthetic scenario with fresh server authorization; replace PII/objects; no cached-token or provider-state import
staff,STAFF-FO-08,docs/parity/ui-journeys/staff.md:149,candidate-view Financials tab,"Tab hidden if **any** work-history company is restricted for this staff (`.some(!allowed)`, comment says the opposite); `/candidate-salary-list/:id` shows the same transfers with no gate",INVENTORY-ONLY unless explicitly reverified in README; no draft claim promoted to fact,synthetic scenario with fresh server authorization; replace PII/objects; no cached-token or provider-state import
staff,STAFF-FO-09,docs/parity/ui-journeys/staff.md:150,note-view,"Loads the note, then if `Company/company-notes` missing calls `location.back()` — data already fetched",INVENTORY-ONLY unless explicitly reverified in README; no draft claim promoted to fact,synthetic scenario with fresh server authorization; replace PII/objects; no cached-token or provider-state import
staff,STAFF-FO-10,docs/parity/ui-journeys/staff.md:151,request-view Assign / Update buttons,`authService.role == 1` shows Assign-to-recruiter; `role < 4` shows Update; role is a client-held integer from storage,INVENTORY-ONLY unless explicitly reverified in README; no draft claim promoted to fact,synthetic scenario with fresh server authorization; replace PII/objects; no cached-token or provider-state import
staff,STAFF-FO-11,docs/parity/ui-journeys/staff.md:152,commercial terms,"Any staff can edit `hourly_rate`, `bonus_commission`, `currency_code`, `approved_to_hire` on a company; only `Validators.required` client-side",INVENTORY-ONLY unless explicitly reverified in README; no draft claim promoted to fact,synthetic scenario with fresh server authorization; replace PII/objects; no cached-token or provider-state import
staff,STAFF-FO-12,docs/parity/ui-journeys/staff.md:153,request-view status machine,"Client decides next status: cancel→`cancelled` (:561-565), deliver→`delivered` (:753-756), `statusUpdate` → `re_work` / `finished_by_recruitment` (:1014-1038); buttons shown per current status (`.html:301-336`)",INVENTORY-ONLY unless explicitly reverified in README; no draft claim promoted to fact,synthetic scenario with fresh server authorization; replace PII/objects; no cached-token or provider-state import
staff,STAFF-FO-13,docs/parity/ui-journeys/staff.md:154,transfer-view,Lock / Cancel / Edit / Import / Delete only when `transfer_status==10`; Payment-sent only when `==5`,INVENTORY-ONLY unless explicitly reverified in README; no draft claim promoted to fact,synthetic scenario with fresh server authorization; replace PII/objects; no cached-token or provider-state import
staff,STAFF-FO-14,docs/parity/ui-journeys/staff.md:155,transfer-form,Total computed client-side from hours/minutes/seconds × company rate (display); warnings for 0 h and >180 h are confirm dialogs only; negative-number validators on hours/bonus,INVENTORY-ONLY unless explicitly reverified in README; no draft claim promoted to fact,synthetic scenario with fresh server authorization; replace PII/objects; no cached-token or provider-state import
staff,STAFF-FO-15,docs/parity/ui-journeys/staff.md:156,candidate-assign-form / company-contract-form,Contract vs. plain rate chosen in the client (`contract_uuid` required or `rate` required); `start_date` defaults to today; only `required` validators,INVENTORY-ONLY unless explicitly reverified in README; no draft claim promoted to fact,synthetic scenario with fresh server authorization; replace PII/objects; no cached-token or provider-state import
staff,STAFF-FO-16,docs/parity/ui-journeys/staff.md:157,appeal-view,Staff picks any of 10/1/2/3 in a select; client updates `appeal.status` locally,INVENTORY-ONLY unless explicitly reverified in README; no draft claim promoted to fact,synthetic scenario with fresh server authorization; replace PII/objects; no cached-token or provider-state import
staff,STAFF-FO-17,docs/parity/ui-journeys/staff.md:158,log-time-manually (corrected session),"`start_time < end_time` (`timeComparisonValidator`), max date = now, note required",INVENTORY-ONLY unless explicitly reverified in README; no draft claim promoted to fact,synthetic scenario with fresh server authorization; replace PII/objects; no cached-token or provider-state import
staff,STAFF-FO-18,docs/parity/ui-journeys/staff.md:159,invitation / suggest components,"Client requires an active story matching the invitation's story and blocks ""already suggested""",INVENTORY-ONLY unless explicitly reverified in README; no draft claim promoted to fact,synthetic scenario with fresh server authorization; replace PII/objects; no cached-token or provider-state import
staff,STAFF-FO-19,docs/parity/ui-journeys/staff.md:160,suggestion accept/reject,Buttons only when `suggestion_status == 1`; client sets 3/2 locally,INVENTORY-ONLY unless explicitly reverified in README; no draft claim promoted to fact,synthetic scenario with fresh server authorization; replace PII/objects; no cached-token or provider-state import
staff,STAFF-FO-20,docs/parity/ui-journeys/staff.md:161,request-interview-form,"`staff_id` required; `internal_note` (placeholder ""internal note for staff and company"") and `interview_note` (meeting link) both free text; client sets `status=2` on reject",INVENTORY-ONLY unless explicitly reverified in README; no draft claim promoted to fact,synthetic scenario with fresh server authorization; replace PII/objects; no cached-token or provider-state import
staff,STAFF-FO-21,docs/parity/ui-journeys/staff.md:162,story-view / app.component,"Story status chosen client-side (`changeStoryStatus(8)` stop, start/deliver/rework prompts)",INVENTORY-ONLY unless explicitly reverified in README; no draft claim promoted to fact,synthetic scenario with fresh server authorization; replace PII/objects; no cached-token or provider-state import
staff,STAFF-FO-22,docs/parity/ui-journeys/staff.md:163,ticket list/view,Status filter and comment-with-status set client-side (0/1/10),INVENTORY-ONLY unless explicitly reverified in README; no draft claim promoted to fact,synthetic scenario with fresh server authorization; replace PII/objects; no cached-token or provider-state import
staff,STAFF-FO-23,docs/parity/ui-journeys/staff.md:164,company-view status,"""Under review"" (override 9) → client offers to set override 0",INVENTORY-ONLY unless explicitly reverified in README; no draft claim promoted to fact,synthetic scenario with fresh server authorization; replace PII/objects; no cached-token or provider-state import
staff,STAFF-FO-24,docs/parity/ui-journeys/staff.md:165,candidate-form,"Email regex, phone `^[0-9]{8}$`, civil id `^[0-9]{12}$`, birth date, photo, civil front/back, expiry, gender, licence, skills all `required`",INVENTORY-ONLY unless explicitly reverified in README; no draft claim promoted to fact,synthetic scenario with fresh server authorization; replace PII/objects; no cached-token or provider-state import
staff,STAFF-FO-25,docs/parity/ui-journeys/staff.md:166,company-form / company-contact-form,"Company email regex + required; contact `allow_access`, `position`, `name`, `email`, `password` required; email-exists pre-check",INVENTORY-ONLY unless explicitly reverified in README; no draft claim promoted to fact,synthetic scenario with fresh server authorization; replace PII/objects; no cached-token or provider-state import
staff,STAFF-FO-26,docs/parity/ui-journeys/staff.md:167,request-form,"`number_of_employees`, `no_of_employees_per_story`, contact, position, description, compensation required; no numeric bounds",INVENTORY-ONLY unless explicitly reverified in README; no draft claim promoted to fact,synthetic scenario with fresh server authorization; replace PII/objects; no cached-token or provider-state import
staff,STAFF-FO-27,docs/parity/ui-journeys/staff.md:168,job-form (RC-09),"`min_age`, `max_age`, `gender`, `available_from` optional, no cross-field checks",INVENTORY-ONLY unless explicitly reverified in README; no draft claim promoted to fact,synthetic scenario with fresh server authorization; replace PII/objects; no cached-token or provider-state import
staff,STAFF-FO-28,docs/parity/ui-journeys/staff.md:169,leave-request (2 forms),"from/to/note (or type) required; no range check; two different endpoints for ""leave""",INVENTORY-ONLY unless explicitly reverified in README; no draft claim promoted to fact,synthetic scenario with fresh server authorization; replace PII/objects; no cached-token or provider-state import
staff,STAFF-FO-29,docs/parity/ui-journeys/staff.md:170,default (work session),Session timer rendered from `created_at` with a hard-coded `GMT+03:00` offset; start/end buttons keyed on presence of `session`,INVENTORY-ONLY unless explicitly reverified in README; no draft claim promoted to fact,synthetic scenario with fresh server authorization; replace PII/objects; no cached-token or provider-state import
staff,STAFF-FO-30,docs/parity/ui-journeys/staff.md:171,tabs (polling),`/statistic` polled every 60 s per open tab shell; drives every dashboard card,INVENTORY-ONLY unless explicitly reverified in README; no draft claim promoted to fact,synthetic scenario with fresh server authorization; replace PII/objects; no cached-token or provider-state import
staff,STAFF-FO-31,docs/parity/ui-journeys/staff.md:172,candidate-search / fulltimer-search,Algolia queried **directly from the browser** with a secured API key obtained from GET `/algolia/key`; key cached in memory until a 400; `securedApiKeyValidUntil` is `null`,INVENTORY-ONLY unless explicitly reverified in README; no draft claim promoted to fact,synthetic scenario with fresh server authorization; replace PII/objects; no cached-token or provider-state import
staff,STAFF-FO-32,docs/parity/ui-journeys/staff.md:173,"every upload (photo, civil, CV, logo, licence, expense receipt, leave file, ticket attachments, transfer excel)",Browser fetches AWS region/key/secret/bucket from GET `/aws/config` **with plain `HttpClient` (no bearer)** and uploads to the public temp bucket via `aws-sdk`; 5 MB client limit,INVENTORY-ONLY unless explicitly reverified in README; no draft claim promoted to fact,synthetic scenario with fresh server authorization; replace PII/objects; no cached-token or provider-state import
staff,STAFF-FO-33,docs/parity/ui-journeys/staff.md:174,login / two-step,reCAPTCHA v3 site key hardcoded; token sent as `g-recaptcha-response` header,INVENTORY-ONLY unless explicitly reverified in README; no draft claim promoted to fact,synthetic scenario with fresh server authorization; replace PII/objects; no cached-token or provider-state import
staff,STAFF-FO-34,docs/parity/ui-journeys/staff.md:175,app bootstrap,`?auth_key=` in the URL logs the staff in (login-by-key); key consumed and cleared server-side,INVENTORY-ONLY unless explicitly reverified in README; no draft claim promoted to fact,synthetic scenario with fresh server authorization; replace PII/objects; no cached-token or provider-state import
staff,STAFF-FO-35,docs/parity/ui-journeys/staff.md:176,persistence,"Ionic Storage keys: `loggedInStaff` (token + role + story), `currency_pref`, `theme`, `cookieMessageWasApproved`; `app-error` reads `loggedInUser` which is never written; token also re-read on every guard hit",INVENTORY-ONLY unless explicitly reverified in README; no draft claim promoted to fact,synthetic scenario with fresh server authorization; replace PII/objects; no cached-token or provider-state import
staff,STAFF-FO-36,docs/parity/ui-journeys/staff.md:177,HTTP layer,"`genericRetryStrategy`: up to 3 retries with 1s/2s/3s backoff on any status except 400/401/404/500 and when online — applies to **POST/PATCH** too (`authhttp.service.ts:174,195,224`) → duplicate writes possible on 502/503/timeouts; 401 → logout",INVENTORY-ONLY unless explicitly reverified in README; no draft claim promoted to fact,synthetic scenario with fresh server authorization; replace PII/objects; no cached-token or provider-state import
staff,STAFF-FO-37,docs/parity/ui-journeys/staff.md:178,evaluation-report-form,Department list (5 items) hardcoded in the client,INVENTORY-ONLY unless explicitly reverified in README; no draft claim promoted to fact,synthetic scenario with fresh server authorization; replace PII/objects; no cached-token or provider-state import
staff,STAFF-FO-38,docs/parity/ui-journeys/staff.md:179,"candidate-list ← dashboard ""minors""","Dashboard passes `state.filterMinor` but the list never reads it; the ""minor"" card therefore shows the unfiltered list",INVENTORY-ONLY unless explicitly reverified in README; no draft claim promoted to fact,synthetic scenario with fresh server authorization; replace PII/objects; no cached-token or provider-state import
staff,STAFF-FO-39,docs/parity/ui-journeys/staff.md:180,staff list / team,"Any staff can list all staff; `staff_salary` is masked to `0.0` unless caller id ∈ {1,7,10} (hardcoded)",INVENTORY-ONLY unless explicitly reverified in README; no draft claim promoted to fact,synthetic scenario with fresh server authorization; replace PII/objects; no cached-token or provider-state import
staff,STAFF-FO-40,docs/parity/ui-journeys/staff.md:181,company-view / transfer-list / assigned-history,Contract amounts (`contract.amount` rates) expanded into lists visible to all staff,INVENTORY-ONLY unless explicitly reverified in README; no draft claim promoted to fact,synthetic scenario with fresh server authorization; replace PII/objects; no cached-token or provider-state import
staff,STAFF-FO-41,docs/parity/ui-journeys/staff.md:182,exports,"Excel/PDF exports (`/candidates/export-candidate`, `/candidates/export-assigned-history`, `/transfers/export-*`, `/candidate-id-card/generate`, resume/certificate PDFs) triggered by plain buttons, no confirmation, no gate",INVENTORY-ONLY unless explicitly reverified in README; no draft claim promoted to fact,synthetic scenario with fresh server authorization; replace PII/objects; no cached-token or provider-state import
staff,STAFF-FO-42,docs/parity/ui-journeys/staff.md:183,store-assignment-request,Only **reject** is wired; `accept` exists in the service but no page calls it; view page is an empty stub,INVENTORY-ONLY unless explicitly reverified in README; no draft claim promoted to fact,synthetic scenario with fresh server authorization; replace PII/objects; no cached-token or provider-state import
